0.05 16.72883259378487
0.05002419745120181 16.73182536195663
0.05004839490240361 16.734818110939386
0.05007259235360542 16.737810840724347
0.05009678980480723 16.74080355130271
0.05012098725600904 16.743796242665674
0.05014518470721084 16.74678891480444
0.05016938215841265 16.749781567710198
0.05019357960961446 16.75277420137416
0.05021777706081627 16.755766815787492
0.05024197451201807 16.758759410941405
0.05026617196321988 16.761751986827093
0.050290369414421686 16.764744543435725
0.05031456686562349 16.767737080758508
0.050338764316825296 16.770729598786623
0.050362961768027105 16.77372209751124
0.050387159219228914 16.77671457692356
0.050411356670430715 16.779707068969035
0.050435554121632524 16.782699577814814
0.05045975157283433 16.785692067321996
0.050483949024036134 16.788684537481746
0.05050814647523794 16.791676988285253
0.05053234392643975 16.794669419723675
0.05055654137764156 16.797661831788187
0.05058073882884336 16.80065422446995
0.05060493628004517 16.803646597760157
0.05062913373124698 16.806638951649948
0.05065333118244879 16.809631286130493
0.05067752863365059 16.812623601192957
0.0507017260848524 16.815615896828508
0.05072592353605421 16.818608173028288
0.05075012098725601 16.82160042978347
0.05077431843845782 16.824592667085195
0.050798515889659626 16.82758488492463
0.050822713340861435 16.830577019383
0.05084691079206324 16.833569130185296
0.050871108243265045 16.836561221498577
0.050895305694466854 16.839553293314
0.05091950314566866 16.8425453456227
0.050943700596870464 16.845537378415834
0.05096789804807227 16.848529391684526
0.05099209549927408 16.851521385419947
0.05101629295047588 16.854513359613204
0.05104049040167769 16.85750531425545
0.0510646878528795 16.860497249337826
0.05108888530408131 16.863489164851448
0.05111308275528311 16.86648106078746
0.05113728020648492 16.869472937137
0.05116147765768673 16.872464793891197
0.05118567510888853 16.87545663104117
0.05120987256009034 16.878448476357608
0.05123407001129215 16.881440342359806
0.051258267462493956 16.884432188731317
0.05128246491369576 16.88742401546327
0.051306662364897566 16.890415822546785
0.051330859816099375 16.89340760997297
0.051355057267301184 16.89639937773295
0.051379254718502985 16.899391125817832
0.051403452169704794 16.902382854218736
0.0514276496209066 16.90537456292677
0.051451847072108405 16.908366251933042
0.05147604452331021 16.91135792122866
0.05150024197451202 16.914349570804728
0.05152443942571383 16.91734120065236
0.05154863687691563 16.920332810762634
0.05157283432811744 16.923324401126692
0.05159703177931925 16.926315971735587
0.05162122923052106 16.92930746284407
0.05164542668172286 16.93229892582724
0.05166962413292467 16.93529036902839
0.05169382158412648 16.93828179243862
0.05171801903532828 16.941273196049018
0.05174221648653009 16.94426457985067
0.051766413937731896 16.947255943834662
0.051790611388933705 16.950247287992088
0.05181480884013551 16.95323861231402
0.051839006291337315 16.956229916791557
0.051863203742539124 16.959221201415772
0.051887401193740926 16.962212466177743
0.051911598644942734 16.96520371106854
0.05193579609614454 16.968194936079254
0.05195999354734635 16.971186141200953
0.05198419099854815 16.97417732642471
0.05200838844974996 16.977168515346094
0.05203258590095177 16.980159728837197
0.05205678335215358 16.983150922403734
0.05208098080335538 16.98614209603676
0.05210517825455719 16.98913324972276
0.052129375705759 16.992124383457174
0.0521535731569608 16.995115497231335
0.05217777060816261 16.998106591036304
0.05220196805936442 17.001097664863142
0.052226165510566226 17.004088718702896
0.05225036296176803 17.007079752546623
0.05227456041296984 17.010070766385372
0.052298757864171645 17.013061760210206
0.052322955315373454 17.016052734012156
0.052347152766575256 17.019043687782275
0.052371350217777064 17.02203462151161
0.05239554766897887 17.0250255351912
0.052419745120180675 17.017197919762562
0.05244394257138248 17.00693096733405
0.05246814002258429 16.996664160850067
0.0524923374737861 16.98639750024604
0.0525165349249879 16.976130985457434
0.05254073237618971 16.965864616419758
0.05256492982739152 16.955598393068534
0.05258912727859333 16.945332315339364
0.05261332472979513 16.935066383167857
0.05263752218099694 16.924800596489654
0.05266171963219875 16.914534955240466
0.05268591708340055 16.904269459356012
0.05271011453460236 16.894004108772045
0.052734311985804166 16.88373890342439
0.052758509437005975 16.87347384324888
0.05278270688820778 16.863208928181397
0.052806904339409586 16.85010762207728
0.052831101790611394 16.82990211014449
0.052855299241813196 16.80969712272257
0.052879496693015005 16.789492659173334
0.05290369414421681 16.769288718859162
0.05292789159541862 16.749085301143015
0.052952089046620424 16.728882405388394
0.05297628649782223 16.70868003095934
0.05300048394902404 16.688478177220496
0.05302468140022584 16.668276843537047
0.05304887885142765 16.648076029274712
0.05307307630262946 16.627875733799808
0.05309727375383127 16.607675956479167
0.05312147120503307 16.58747669668021
0.05314566865623488 16.56727795377088
0.05316986610743669 16.547079727119684
0.053194063558638496 16.526882016095698
0.0532182610098403 16.506684768715584
0.05324245846104211 16.486488019011077
0.053266655912243915 16.466291783047527
0.05329085336344572 16.446096060196172
0.053315050814647526 16.42590085016637
0.053339248265849334 16.405706151654766
0.05336344571705114 16.385511964372387
0.053387643168252945 16.365318287692666
0.053411840619454753 16.345125120989586
0.05343603807065656 16.324932463637637
0.05346023552185837 16.3047403150119
0.05348443297306017 16.284548674487965
0.05350863042426198 16.264357541441967
0.05353282787546379 16.244166915250577
0.05355702532666559 16.223976795291005
0.0535812227778674 16.203787180941
0.05360542022906921 16.1835980868156
0.05362961768027102 16.163409549839372
0.05365381513147282 16.143221516605973
0.05367801258267463 16.12303398649527
0.05370221003387644 16.10284695888769
0.053726407485078245 16.082660433164207
0.05375060493628005 16.062474408706287
0.053774802387481856 16.04228888489593
0.053798999838683664 16.0221038611157
0.053823197289885466 16.00191933674866
0.053847394741087275 15.981735311178388
0.05387159219228908 15.961551783789014
0.05389578964349089 15.941368753965172
0.053919987094692694 15.921186221092045
0.0539441845458945 15.901004184555305
0.05396838199709631 15.880822643741174
0.05399257944829812 15.860641598036391
0.05401677689949992 15.843907749455147
0.05404097435070173 15.82869872550564
0.05406517180190354 15.81348999160919
0.05408936925310534 15.798281547520453
0.05411356670430715 15.783073392994295
0.05413776415550896 15.767865527785702
0.05416196160671076 15.752657951649896
0.05418615905791257 15.737450664342195
0.05421035650911438 15.722243665618132
0.054234553960316186 15.707036955233388
0.054258751411517994 15.691830532943802
0.054282948862719796 15.676624398505421
0.054307146313921605 15.661418551674409
0.05433134376512341 15.646212992207117
0.054355541216325215 15.631007719860072
0.054379738667527024 15.615802734389934
0.05440393611872883 15.602619089809064
0.054428133569930634 15.599839027392349
0.05445233102113244 15.597058969473293
0.05447652847233425 15.594278916057547
0.05450072592353606 15.591498867150701
0.05452492337473786 15.588718822758402
0.05454912082593967 15.585938782886252
0.05457331827714148 15.583158747539892
0.05459751572834329 15.580378716724939
0.05462171317954509 15.577598690447005
0.0546459106307469 15.57481866871173
0.05467010808194871 15.572038651524732
0.05469430553315051 15.569258638891629
0.05471850298435232 15.566478630818049
0.054742700435554126 15.56369862730961
0.054766897886755934 15.560918628371944
0.054791095337957736 15.558138634010662
0.054815292789159545 15.555358644231404
0.054839490240361354 15.552578659039783
0.05486368769156316 15.549798678519654
0.054887885142764964 15.54701870251906
0.05491208259396677 15.544238731123
0.05493628004516858 15.541458764337083
0.05496047749637038 15.53867880216695
0.05498467494757219 15.535898844618215
0.055008872398774 15.533118891696505
0.05503306984997581 15.530338943407436
0.05505726730117761 15.527558999756652
0.05508146475237942 15.52477906074975
0.05510566220358123 15.521999126392382
0.05512985965478304 15.519219196690162
0.05515405710598484 15.516439271648713
0.05517825455718665 15.51365935127365
0.055202452008388456 15.510879435570626
0.05522664945959026 15.508099524545237
0.055250846910792066 15.505319618203126
0.055275044361993875 15.502539716549913
0.05529924181319568 15.49975981959122
0.055323439264397485 15.49697992733268
0.055347636715599294 15.494200039779917
0.0553718341668011 15.491420156938549
0.05539603161800291 15.488640278814215
0.05542022906920471 15.485860405412527
0.05544442652040652 15.483080536739122
0.05546862397160833 15.480300672799622
0.05549282142281013 15.47752081359965
0.05551701887401194 15.474740959144839
0.05554121632521375 15.471961109440814
0.05556541377641555 15.469181264493198
0.05558961122761736 15.46640142430762
0.05561380867881917 15.463621588889712
0.05563800613002098 15.460841758245088
0.055662203581222786 15.458061932379389
0.05568640103242459 15.455282111298235
0.055710598483626396 15.452502295007251
0.055734795934828205 15.449722483512078
0.055758993386030006 15.446942676818326
0.055783190837231815 15.444162874931632
0.055807388288433624 15.44138307785763
0.055831585739635425 15.438603285601932
0.055855783190837234 15.435823498170176
0.05587998064203904 15.433043715567987
0.05590417809324085 15.430263937800998
0.05592837554444265 15.427484164874832
0.05595257299564446 15.424704396795116
0.05597677044684627 15.421924633567492
0.05600096789804808 15.41914487519757
0.05602516534924988 15.416365121690994
0.05604936280045169 15.41358537305338
0.0560735602516535 15.41080562929037
0.0560977577028553 15.408025890407588
0.05612195515405711 15.405246156410657
0.05614615260525892 15.402466427305217
0.056170350056460726 15.399686703096886
0.05619454750766253 15.396906983791304
0.056218744958864336 15.394127269394097
0.056242942410066145 15.391347559910894
0.056267139861267954 15.388567855347326
0.056291337312469755 15.385788155709022
0.056315534763671564 15.38300846100161
0.05633973221487337 15.380228771230726
0.056363929666075174 15.377449086402
0.05638812711727698 15.37466940652106
0.05641232456847879 15.371889731593537
0.0564365220196806 15.369110061625063
0.0564607194708824 15.366330396621265
0.05648491692208421 15.363550736587781
0.05650911437328602 15.36077108153024
0.05653331182448783 15.357991431454272
0.05655750927568963 15.355211786365505
0.05658170672689144 15.352432146269576
0.05660590417809325 15.349652511172112
0.05663010162929505 15.346872881078752
0.05665429908049686 15.344093255995125
0.056678496531698666 15.34131363592686
0.056702693982900475 15.338534020879584
0.056726891434102276 15.335754410858945
0.056751088885304085 15.332974805870567
0.056775286336505894 15.330195205920083
0.0567994837877077 15.327415611013114
0.056823681238909504 15.32463602115532
0.05684787869011131 15.321856436352315
0.05687207614131312 15.319076856609733
0.05689627359251492 15.316297281933211
0.05692047104371673 15.31351771232838
0.05694466849491854 15.310738147800876
0.05696886594612034 15.307958588356332
0.05699306339732215 15.305179034000382
0.05701726084852396 15.302399484738654
0.05704145829972577 15.299619940576799
0.05706565575092758 15.296840401520427
0.05708985320212938 15.294060867575197
0.05711405065333119 15.291281338746725
0.057138248104532996 15.288501815040652
0.0571624455557348 15.285722296462614
0.057186643006936606 15.28294278301825
0.057210840458138415 15.280163274713184
0.05723503790934022 15.277383771553064
0.057259235360542025 15.274604273543513
0.057283432811743834 15.27182478069017
0.05730763026294564 15.269045292998678
0.057331827714147444 15.266265810474662
0.05735602516534925 15.26348633312377
0.05738022261655106 15.26070686095163
0.05740442006775287 15.257927393963875
0.05742861751895467 15.25514793216615
0.05745281497015648 15.252368475564088
0.05747701242135829 15.249589024163326
0.05750120987256009 15.24680957796949
0.0575254073237619 15.244030136988236
0.05754960477496371 15.241250701225185
0.05757380222616552 15.238471270685983
0.05759799967736732 15.23569184537627
0.05762219712856913 15.232912425301674
0.057646394579770936 15.230133010467837
0.057670592030972745 15.2273536008804
0.05769478948217455 15.224574196544992
0.057718986933376355 15.221794797467261
0.057743184384578164 15.219015403652838
0.057767381835779966 15.216236015107372
0.057791579286981774 15.213456631836477
0.05781577673818358 15.210677253845823
0.057839974189385385 15.207897881141026
0.05786417164058719 15.205118513727738
0.057888369091789 15.202339151611595
0.05791256654299081 15.199559794798228
0.05793676399419262 15.19678044329329
0.05796096144539442 15.194001097102408
0.05798515889659623 15.19122175623122
0.05800935634779804 15.188442420685387
0.05803355379899984 15.185663090470522
0.05805775125020165 15.182883765592285
0.05808194870140346 15.180104446056307
0.05810614615260526 15.177325131868226
0.05813034360380707 15.17454582303369
0.058154541055008876 15.17176651955834
0.058178738506210685 15.168987221447809
0.058202935957412494 15.166207928707744
0.058227133408614296 15.163428641343783
0.058251330859816104 15.160649359361571
0.05827552831101791 15.157870082766749
0.058299725762219715 15.155090811564952
0.05832392321342152 15.152311545761831
0.05834812066462333 15.14953228536303
0.058372318115825134 15.146753030374173
0.05839651556702694 15.143973780800922
0.05842071301822875 15.141194536648905
0.05844491046943056 15.138415297923784
0.05846910792063237 15.135636064631173
0.05849330537183417 15.132856836776744
0.05851750282303598 15.130077614366126
0.05854170027423779 15.127298397404955
0.05856589772543959 15.12451918589889
0.0585900951766414 15.121739979853567
0.058614292627843206 15.118960779274628
0.05863849007904501 15.116181584167725
0.05866268753024682 15.113402394538488
0.058686884981448625 15.110623210392573
0.058711082432650434 15.107844031735617
0.05873527988385224 15.105064858573272
0.058759477335054044 15.102285690911176
0.05878367478625585 15.099506528754988
0.05880787223745766 15.096727350016133
0.058832069688659464 15.09394813097664
0.05885626713986127 15.091168917460669
0.05888046459106308 15.088389709473871
0.05890466204226488 15.0856105070219
0.05892885949346669 15.08283131011038
0.0589530569446685 15.080052118744984
0.05897725439587031 15.077272932931331
0.05900145184707211 15.07449375267509
0.05902564929827392 15.0717145779819
0.05904984674947573 15.068935408857408
0.059074044200677536 15.066156245307257
0.05909824165187934 15.06337708733709
0.05912243910308115 15.060597934952568
0.059146636554282955 15.05781878815933
0.05917083400548476 15.055039646963028
0.059195031456686566 15.052260511369303
0.059219228907888374 15.049481435346905
0.059243426359090176 15.04670237888125
0.059267623810291985 15.043923328034422
0.05929182126149379 15.041144282812066
0.0593160187126956 15.038365243219852
0.05934021616389741 15.035586209263402
0.05936441361509921 15.03280718094838
0.05938861106630102 15.030028158280437
0.05941280851750283 15.02724914126521
0.05943700596870463 15.024470129908357
0.05946120341990644 15.021691124215534
0.05948540087110825 15.018912124192383
0.05950959832231005 15.016133129844548
0.05953379577351186 15.013354141177686
0.05955799322471367 15.010575158197454
0.059582190675915477 15.007796180909494
0.059606388127117285 15.005017209319453
0.05963058557831909 15.002238243432991
0.059654783029520896 14.999459283255757
0.059678980480722704 14.996680328793397
0.059703177931924506 14.993901380051566
0.059727375383126315 14.991122437035925
0.05975157283432812 14.988343499752103
0.059775770285529925 14.985564568205783
0.059799967736731734 14.98278564240259
0.05982416518793354 14.980006722348186
0.05984836263913535 14.977227808048227
0.05987256009033716 14.974448899508358
0.05989675754153896 14.97166999673425
0.05992095499274077 14.968891099731529
0.05994515244394258 14.966112208505864
0.05996934989514438 14.963333323062908
0.05999354734634619 14.960554443408313
0.060017744797548 14.957775569547742
0.0600419422487498 14.954996701486829
0.06006613969995161 14.952217839231245
0.06009033715115342 14.949438982786642
0.060114534602355225 14.94666013215867
0.060138732053557034 14.943881287352982
0.060162929504758836 14.941102448375235
0.060187126955960644 14.938323615231095
0.06021132440716245 14.935544787926203
0.060235521858364255 14.93276596646622
0.060259719309566064 14.929987150856796
0.06028391676076787 14.927208341103603
0.060308114211969674 14.924429537212283
0.06033231166317148 14.921650739188495
0.06035650911437329 14.918871947037893
0.0603807065655751 14.916093160766144
0.0604049040167769 14.914990963975658
0.06042910146797871 14.92048479420759
0.06045329891918052 14.925978610864606
0.06047749637038233 14.931472413938744
0.06050169382158413 14.936966203422072
0.06052589127278594 14.942459979306644
0.06055008872398775 14.947953741584506
0.06057428617518955 14.953447490247683
0.06059848362639136 14.958941225288246
0.060622681077593166 14.964434946698223
0.06064687852879497 14.969928654469637
0.060671075979996776 14.975422348594552
0.060695273431198585 14.98091602906498
0.06071947088240039 14.98640969587295
0.0607436683336022 14.991903349010501
0.060767865784804004 14.997396988469648
0.06079206323600581 15.002890614242418
0.06081626068720762 15.012553766327645
0.06084045813840942 15.024252097478309
0.06086465558961123 15.03595048693623
0.06088885304081304 15.047648934775754
0.06091305049201484 15.059347441071257
0.06093724794321665 15.071046005897133
0.06096144539441846 15.082744629327813
0.06098564284562027 15.094443311437736
0.06100984029682208 15.106142052301372
0.06103403774802388 15.117840851993236
0.06105823519922569 15.129539710587835
0.061082432650427496 15.141238628159728
0.0611066301016293 15.152937604783478
0.061130827552831106 15.164636640533697
0.061155025004032915 15.176335735485
0.061179222455234716 15.188034889712043
0.061203419906436525 15.19973411288642
0.061227617357638334 15.211433453792429
0.06125181480884014 15.223132854199491
0.06127601226004195 15.234832314182349
0.06130020971124375 15.24653183381579
0.06132440716244556 15.258231413097857
0.06134860461364737 15.26993105225781
0.06137280206484917 15.281630751292827
0.06139699951605098 15.293330510277773
0.06142119696725279 15.305030329287565
0.06144539441845459 15.316730208397125
0.0614695918696564 15.328430147681427
0.06149378932085821 15.340130147215433
0.06151798677206002 15.351830207074165
0.061542184223261825 15.363530327332652
0.06156638167446363 15.37523050806595
0.061590579125665436 15.386930749349155
0.061614776576867245 15.398631009785069
0.061638974028069046 15.410331304479293
0.061663171479270855 15.422031659947585
0.061687368930472664 15.433732076265152
0.061711566381674465 15.445432553507189
0.061735763832876274 15.457133091748942
0.06175996128407808 15.46883369106568
0.06178415873527989 15.480534351532686
0.06180835618648169 15.492235073225288
0.0618325536376835 15.50393585621882
0.06185675108888531 15.515636700588658
0.06188094854008712 15.527337606410194
0.06190514599128892 15.53903857375885
0.06192934344249073 15.55073960271008
0.06195354089369254 15.56244069333935
0.06197773834489434 15.574141845722169
0.06200193579609615 15.585843065367902
0.06202613324729796 15.597544409408195
0.06205033069849976 15.609245815429945
0.06207452814970157 15.620947283508762
0.062098725600903376 15.632648813720285
0.062122923052105185 15.644350406140177
0.06214712050330699 15.656052060844122
0.062171317954508795 15.667753777907837
0.062195515405710604 15.67945555740707
0.06221971285691241 15.691157399417573
0.062243910308114214 15.70285930401515
0.06226810775931602 15.714561271275628
0.06229230521051783 15.726263301274848
0.06231650266171963 15.73796539408868
0.06234070011292144 15.749667549793045
0.06236489756412325 15.761369768463853
0.06238909501532506 15.773072050177069
0.06241329246652687 15.784774357690349
0.06243748991772867 15.796476697781525
0.06246168736893048 15.808179101141867
0.06248588482013229 15.819881567847428
0.06251008227133409 15.831584097974295
0.06253427972253589 15.843286691598593
0.0625584771737377 15.854989348796455
0.06258267462493951 15.866692069644053
0.06260687207614132 15.878394854217595
0.06263106952734313 15.890097702593284
0.06265526697854493 15.901800614847394
0.06267946442974674 15.913503591056196
0.06270366188094854 15.925206631295994
0.06272785933215036 15.93690973564313
0.06275205678335216 15.94861290417395
0.06277625423455396 15.960316136964858
0.06280045168575576 15.972019435360558
0.06282464913695758 15.98372286484567
0.06284884658815938 15.99542635882149
0.0628730440393612 16.007129917364527
0.062897241490563 16.018833540551288
0.0629214389417648 16.03053722845836
0.06294563639296662 16.04224098116231
0.06296983384416842 16.053944798739742
0.06299403129537022 16.065648681267305
0.06301822874657204 16.07735262882167
0.06304242619777384 16.089056641479534
0.06306662364897564 16.100760719317606
0.06309082110017745 16.112464862412654
0.06311501855137926 16.124169070841436
0.06313921600258107 16.13587334468079
0.06316341345378287 16.14757768400751
0.06318761090498468 16.159282088898482
0.06321180835618649 16.17098652626848
0.06323600580738829 16.182690994562503
0.0632602032585901 16.194395528650205
0.06328440070979191 16.206100128608586
0.06330859816099371 16.21780479451462
0.06333279561219551 16.22950952644536
0.06335699306339733 16.24121432447784
0.06338119051459913 16.252919188689162
0.06340538796580095 16.26462411915645
0.06342958541700275 16.276329115956823
0.06345378286820455 16.288034179167465
0.06347798031940637 16.29973930886558
0.06350217777060817 16.311444505128396
0.06352637522180997 16.32314976803315
0.06355057267301178 16.334855097657165
0.06357477012421359 16.346560494077718
0.06359896757541539 16.358265957372172
0.0636231650266172 16.36997155268444
0.063647362477819 16.38167721792658
0.06367155992902082 16.393382950276163
0.06369575738022262 16.405088749810627
0.06371995483142442 16.416794616607483
0.06374415228262624 16.42850055074424
0.06376834973382804 16.440206552298438
0.06379254718502984 16.451912621347656
0.06381674463623166 16.463618757969513
0.06384094208743346 16.475324962241615
0.06386513953863526 16.487031234241638
0.06388933698983708 16.498737574047286
0.06391353444103888 16.510443981736252
0.0639377318922407 16.52215045738631
0.0639619293434425 16.533857001075216
0.0639861267946443 16.545563612880787
0.06401032424584611 16.557270263877268
0.06403452169704792 16.568976944171535
0.06405871914824972 16.580683692814723
0.06408291659945153 16.59239050988474
0.06410711405065334 16.604097395459533
0.06413131150185514 16.615804349617093
0.06415550895305695 16.627511372435425
0.06417970640425875 16.639218463992577
0.06420390385546057 16.650925624366618
0.06422810130666237 16.662632853635635
0.06425229875786417 16.674340151877775
0.06427649620906599 16.686047519171183
0.06430069366026779 16.69775495559405
0.06432489111146959 16.709462461224593
0.06434908856267141 16.721170036141082
0.06437328601387321 16.732877680421755
0.06439748346507501 16.744585394144952
0.06442168091627683 16.756293238306988
0.06444587836747863 16.76800115914037
0.06447007581868044 16.779709149652756
0.06449427326988225 16.791417209922553
0.06451847072108405 16.80312534002824
0.06454266817228586 16.814833540048298
0.06456686562348767 16.826541810061247
0.06459106307468947 16.838250150145637
0.06461526052589128 16.849958560380042
0.06463945797709308 16.861667040843074
0.06466365542829489 16.87337559161337
0.0646878528794967 16.88508421276961
0.0647120503306985 16.89679290439049
0.06473624778190032 16.908501666554738
0.06476044523310212 16.92021049934111
0.06478464268430392 16.931919402828395
0.06480884013550574 16.9436283522528
0.06483303758670754 16.955337329377556
0.06485723503790934 16.967046377438386
0.06488143248911116 16.978755496514218
0.06490562994031296 16.990464686683964
0.06492982739151476 17.002173948026613
0.06495402484271658 17.01388328062118
0.06497822229391838 17.02559268454668
0.0650024197451202 17.037302159882184
0.065026617196322 17.049011706706782
0.0650508146475238 17.060721325099596
0.06507501209872561 17.072431015139816
0.06509920954992741 17.08414077690659
0.06512340700112922 17.095850610479147
0.06514760445233103 17.107560515936754
0.06517180190353283 17.11927049335867
0.06519599935473464 17.130980542824215
0.06522019680593645 17.142690721179992
0.06524439425713825 17.154400982984043
0.06526859170834007 17.16611131707127
0.06529278915954187 17.1778217235211
0.06531698661074367 17.189532202413016
0.06534118406194547 17.2012427538265
0.06536538151314729 17.212953377841107
0.06538957896434909 17.224664074536378
0.0654137764155509 17.23637484399193
0.06543797386675271 17.248085686287368
0.06546217131795451 17.259796601502345
0.06548636876915633 17.271507589716563
0.06551056622035813 17.283218651009744
0.06553476367155994 17.29492978546164
0.06555896112276174 17.306640993152026
0.06558315857396355 17.31835227416071
0.06560735602516535 17.32542184691655
0.06563155347636716 17.321864218632108
0.06565575092756896 17.318306606209813
0.06567994837877078 17.314749009655294
0.06570414582997258 17.311191428974176
0.06572834328117438 17.307633864172114
0.0657525407323762 17.304076315254708
0.065776738183578 17.3005187822276
0.06580093563477982 17.296961265096428
0.06582513308598162 17.293403763866806
0.06584933053718342 17.289846278544395
0.06587352798838522 17.286288809134817
0.06589772543958704 17.2827313556437
0.06592192289078884 17.279173918076687
0.06594612034199065 17.27561649643941
0.06597031779319246 17.27205909073751
0.06599451524439426 17.26850170097661
0.06601871269559607 17.260221745456896
0.06604291014679788 17.25055771204783
0.06606710759799969 17.240893819890555
0.0660913050492015 17.23123006893328
0.0661155025004033 17.22156645912424
0.0661396999516051 17.211902990411673
0.06616389740280691 17.20223966274389
0.06618809485400871 17.192576476069217
0.06621229230521053 17.182913430336008
0.06623648975641233 17.173250525492673
0.06626068720761413 17.163587761487616
0.06628488465881595 17.15392513826928
0.06630908211001775 17.144262655786182
0.06633327956121957 17.13460031398681
0.06635747701242137 17.12493811281974
0.06638167446362317 17.11527605223354
0.06640587191482497 17.10561413217682
0.06643006936602679 17.095952352598236
0.06645426681722859 17.086290713446456
0.0664784642684304 17.076629214670188
0.0665026617196322 17.066967856218184
0.06652685917083401 17.057306638039208
0.06655105662203582 17.047645560082053
0.06657525407323762 17.03798462229557
0.06659945152443943 17.028323824628625
0.06662364897564124 17.018663167030102
0.06664784642684304 17.009002649448945
0.06667204387804485 16.99934227183411
0.06669624132924666 16.98968203413459
0.06672043878044846 16.98002193629941
0.06674463623165028 16.970361978277612
0.06676883368285208 16.960702160018318
0.06679303113405388 16.95104248147062
0.0668172285852557 16.94138294258366
0.0668414260364575 16.931723543306653
0.0668656234876593 16.92206428358878
0.06688982093886112 16.9124051633793
0.06691401839006292 16.902746182627485
0.06693821584126472 16.893087341282648
0.06696241329246654 16.88342863929411
0.06698661074366834 16.87377007661126
0.06701080819487015 16.86411165318349
0.06703500564607195 16.854453368960232
0.06705920309727376 16.844795223890955
0.06708340054847556 16.83513721792515
0.06710759799967737 16.825479351012337
0.06713179545087918 16.815821623102075
0.06715599290208099 16.80616403414395
0.06718019035328279 16.796506584087595
0.0672043878044846 16.786849272882648
0.06722858525568641 16.77719210047879
0.06725278270688821 16.767535066825733
0.06727698015809003 16.757878171873227
0.06730117760929183 16.748221415571052
0.06732537506049363 16.738564797868985
0.06734957251169543 16.728908318716897
0.06737376996289725 16.719251978064626
0.06739796741409905 16.70959577586209
0.06742216486530087 16.699939712059212
0.06744636231650267 16.690283786605953
0.06747055976770447 16.680627999452298
0.06749475721890628 16.670972350548283
0.06751895467010809 16.66131683984394
0.0675431521213099 16.65166146728938
0.0675673495725117 16.64200623283469
0.0675915470237135 16.632351136430028
0.0676157444749153 16.62269617802557
0.06763994192611712 16.61304135757152
0.06766413937731892 16.603386675018122
0.06768833682852074 16.593732130315626
0.06771253427972254 16.584077723414357
0.06773673173092434 16.574423454264625
0.06776092918212616 16.5647693228168
0.06778512663332796 16.55511532902127
0.06780932408452978 16.54546147282845
0.06783352153573158 16.5358077541888
0.06785771898693338 16.52615417305281
0.06788191643813518 16.516500729370975
0.067906113889337 16.50684742309385
0.0679303113405388 16.497194254172005
0.06795450879174061 16.48754122255604
0.06797870624294242 16.47788832819661
0.06800290369414422 16.468235571044364
0.06802710114534603 16.45858295105
0.06805129859654784 16.448930468164246
0.06807549604774965 16.439278122337864
0.06809969349895145 16.42962591352163
0.06812389095015325 16.419973841666373
0.06814808840135506 16.41032190672295
0.06817228585255687 16.400670108642213
0.06819648330375867 16.391018447375085
0.06822068075496049 16.38136692287251
0.06824487820616229 16.371715535085453
0.06826907565736409 16.36206428396491
0.06829327310856591 16.352413169461915
0.06831747055976771 16.342762191527537
0.06834166801096953 16.33311135011284
0.06836586546217133 16.32346064516898
0.06839006291337313 16.313810076647083
0.06841426036457493 16.304159604468065
0.06843845781577675 16.29450924072042
0.06846265526697855 16.28485901325014
0.06848685271818036 16.275208922008503
0.06851105016938216 16.265558966946827
0.06853524762058397 16.255909148016414
0.06855944507178578 16.24625946516863
0.06858364252298758 16.23660991835488
0.0686078399741894 16.226960507526574
0.0686320374253912 16.21731123263516
0.068656234876593 16.207662093632123
0.0686804323277948 16.198013090468972
0.06870462977899662 16.188364223097242
0.06872882723019842 16.178715491468513
0.06875302468140024 16.169066895534375
0.06877722213260204 16.15941843524647
0.06880141958380384 16.149770114540527
0.06882561703500566 16.14012199330969
0.06884981448620746 16.130474007578393
0.06887401193740927 16.120826157298378
0.06889820938861108 16.11117844242144
0.06892240683981288 16.10153086289937
0.06894660429101468 16.09188341868403
0.0689708017422165 16.082236109727265
0.0689949991934183 16.072588935981003
0.06901919664462011 16.062941897397135
0.06904339409582191 16.053294993927643
0.06906759154702372 16.043648225524525
0.06909178899822553 16.034001592139777
0.06911598644942733 16.024355093725468
0.06914018390062915 16.014708730233654
0.06916438135183095 16.005062501616454
0.06918857880303275 15.995416407826001
0.06921277625423455 15.985770448814465
0.06923697370543637 15.976124624534032
0.06926117115663817 15.96647893493694
0.06928536860783999 15.956833379975425
0.06930956605904179 15.947187959601788
0.06933376351024359 15.937542673768343
0.0693579609614454 15.927897522427417
0.06938215841264721 15.918252505531402
0.06940635586384901 15.908607623032683
0.06943055331505082 15.898962874883695
0.06945475076625263 15.889318261036902
0.06947894821745443 15.879673781444799
0.06950314566865624 15.87002943605989
0.06952734311985805 15.860385224834738
0.06955154057105986 15.850741147721909
0.06957573802226166 15.841097204674018
0.06959993547346346 15.831453395643706
0.06962413292466528 15.821809720583623
0.06964833037586708 15.81216617944648
0.06967252782706888 15.80252277218499
0.0696967252782707 15.792879498751908
0.0697209227294725 15.783236359100025
0.0697451201806743 15.773593353182145
0.06976931763187612 15.763950480951104
0.06979351508307792 15.754307742359783
0.06981771253427974 15.744665137361066
0.06984190998548154 15.735022665907902
0.06986610743668334 15.725380327953234
0.06989030488788514 15.71573812345005
0.06991450233908696 15.706096052351352
0.06993869979028876 15.696454114610217
0.06996289724149057 15.686812310179683
0.06998709469269238 15.677170639012882
0.07001129214389418 15.667529101062929
0.07003548959509599 15.657887696282978
0.0700596870462978 15.648246424626233
0.07008388449749961 15.638605286045907
0.07010808194870141 15.628964280495246
0.07013227939990321 15.619323407927524
0.07015647685110502 15.609682668296049
0.07018067430230683 15.600042061554147
0.07020487175350863 15.590401587655188
0.07022906920471045 15.58076124655256
0.07025326665591225 15.571121038199687
0.07027746410711405 15.561480962550018
0.07030166155831587 15.551841019557019
0.07032585900951767 15.54220120917421
0.07035005646071948 15.532561531355109
0.07037425391192129 15.522921986053307
0.07039845136312309 15.513282573222371
0.07042264881432489 15.503643292815937
0.0704468462655267 15.49400414478764
0.07047104371672851 15.484365129091175
0.07049524116793032 15.474726245680234
0.07051943861913212 15.465087494508566
0.07054363607033393 15.455448875529928
0.07056783352153574 15.445810388698114
0.07059203097273754 15.436172033966944
0.07061622842393936 15.426533811290259
0.07064042587514116 15.416895720621962
0.07066462332634296 15.40725776191594
0.07068882077754476 15.397619935126128
0.07071301822874658 15.387982240206489
0.07073721567994838 15.378344677111032
0.0707614131311502 15.368707245793765
0.070785610582352 15.359069946208736
0.0708098080335538 15.349432778310025
0.07083400548475562 15.33979574205174
0.07085820293595742 15.330158837388016
0.07088240038715923 15.320522064273003
0.07090659783836104 15.310885422660906
0.07093079528956284 15.301248912505946
0.07095499274076464 15.291612533762363
0.07097919019196645 15.281976286384426
0.07100338764316826 15.272340170326453
0.07102758509437007 15.262704185542763
0.07105178254557187 15.253068331987732
0.07107597999677367 15.243432609615741
0.07110017744797549 15.2337970183812
0.07112437489917729 15.22416155823857
0.07114857235037911 15.214526229142308
0.07117276980158091 15.204891031046929
0.07119696725278271 15.195255963906957
0.07122116470398451 15.185620968352744
0.07124536215518633 15.175986095163918
0.07126955960638813 15.166351352795912
0.07129375705758995 15.156716741203384
0.07131795450879175 15.147082260340996
0.07134215195999355 15.13744791016345
0.07136634941119537 15.12781369062545
0.07139054686239717 15.118179601681774
0.07141474431359898 15.108545643287187
0.07143894176480078 15.098911815396507
0.07146313921600259 15.089278117964561
0.07148733666720439 15.079644550946231
0.0715115341184062 15.070011114296385
0.071535731569608 15.06037780796996
0.07155992902080982 15.0507446319219
0.07158412647201162 15.041111586107185
0.07160832392321342 15.031478693808015
0.07163252137441524 15.021845976135552
0.07165671882561704 15.012213388559879
0.07168091627681886 15.002580931036071
0.07170511372802066 14.992948603519258
0.07172931117922246 14.983316405964588
0.07175350863042426 14.973684338327217
0.07177770608162608 14.964052400562345
0.07180190353282788 14.954420592625217
0.0718261009840297 14.944788914471076
0.0718502984352315 14.9351573660552
0.0718744958864333 14.925525947332911
0.07189869333763511 14.915894658259546
0.07192289078883692 14.906263498790468
0.07194708824003873 14.896632468881062
0.07197128569124053 14.887001568486767
0.07199548314244233 14.877370797563021
0.07201968059364414 14.875538048615217
0.07204387804484595 14.875494977919372
0.07206807549604775 14.875451891689277
0.07209227294724957 14.87540878992386
0.07211647039845137 14.8753656726221
0.07214066784965317 14.87532253978294
0.07216486530085499 14.875279391405334
0.07218906275205679 14.875236227488234
0.07221326020325859 14.8751930480306
0.07223745765446041 14.875149853031367
0.07226165510566221 14.875106642489504
0.07228585255686401 14.875063416403954
0.07231005000806583 14.875020174773677
0.07233424745926763 14.874976917597616
0.07235844491046944 14.874933644874716
0.07238264236167125 14.874890356603947
0.07240683981287305 14.874847052784244
0.07243103726407486 14.87480373341456
0.07245523471527666 14.874760398493848
0.07247943216647847 14.874717048021056
0.07250362961768028 14.874673681995128
0.07252782706888208 14.874630300415024
0.07255202452008389 14.874586903279685
0.0725762219712857 14.874543490588056
0.0726004194224875 14.874500062339086
0.07262461687368932 14.874456618531728
0.07264881432489112 14.874413159164938
0.07267301177609292 14.874369684237639
0.07269720922729472 14.874326193748796
0.07272140667849654 14.874282687697356
0.07274560412969834 14.874239166082253
0.07276980158090016 14.874195628902442
0.07279399903210196 14.87415207615686
0.07281819648330376 14.874108507844465
0.07284239393450558 14.874064923964193
0.07286659138570738 14.874021324514997
0.07289078883690919 14.873977709495808
0.072914986288111 14.873934078905586
0.0729391837393128 14.873890432743261
0.0729633811905146 14.873846771007784
0.07298757864171641 14.873803093698092
0.07301177609291822 14.873759400813139
0.07303597354412003 14.873715692351864
0.07306017099532183 14.8736719683132
0.07308436844652363 14.873628228696097
0.07310856589772545 14.873584473499498
0.07313276334892725 14.87354070272234
0.07315696080012907 14.87349691636357
0.07318115825133087 14.873453114422118
0.07320535570253267 14.873409296896943
0.07322955315373447 14.873365463786968
0.07325375060493629 14.87332161509114
0.07327794805613809 14.873277750808402
0.0733021455073399 14.873233870937685
0.07332634295854171 14.873189975477937
0.07335054040974351 14.873146064428083
0.07337473786094532 14.873102137787082
0.07339893531214713 14.87305819555386
0.07342313276334894 14.873014237727357
0.07344733021455074 14.87297026430651
0.07347152766575255 14.87292627529026
0.07349572511695435 14.872882270677538
0.07351992256815616 14.872838250467286
0.07354412001935796 14.872794214658434
0.07356831747055978 14.872750163249933
0.07359251492176158 14.8727060962407
0.07361671237296338 14.87266201362968
0.0736409098241652 14.87261791541581
0.073665107275367 14.87257380159803
0.07368930472656882 14.872529672175265
0.07371350217777062 14.872485527146452
0.07373769962897242 14.872441366510522
0.07376189708017422 14.872397190266414
0.07378609453137604 14.872352998413067
0.07381029198257784 14.872308790949404
0.07383448943377965 14.872264567874364
0.07385868688498146 14.87222032918688
0.07388288433618326 14.872176074885882
0.07390708178738507 14.872131804970294
0.07393127923858688 14.872087519439074
0.07395547668978869 14.872043218291124
0.07397967414099049 14.87199890152539
0.0740038715921923 14.871954569140803
0.0740280690433941 14.871910221136298
0.07405226649459591 14.871865857510784
0.07407646394579771 14.871821478263223
0.07410066139699953 14.871777083392526
0.07412485884820133 14.871732672897622
0.07414905629940313 14.87168824677744
0.07417325375060495 14.871643805030917
0.07419745120180675 14.871599347656977
0.07422164865300857 14.871554874654551
0.07424584610421037 14.871510386022559
0.07427004355541217 14.871465881759946
0.07429424100661397 14.871421361865627
0.07431843845781579 14.871376826338528
0.07434263590901759 14.871332275177577
0.0743668333602194 14.871287708381711
0.0743910308114212 14.871243125949842
0.074415228262623 14.871198527880908
0.07443942571382482 14.871153914173828
0.07446362316502662 14.871109284827526
0.07448782061622844 14.871064639840935
0.07451201806743024 14.871019979212974
0.07453621551863204 14.870975302942574
0.07456041296983384 14.870930611028651
0.07458461042103566 14.870885903470139
0.07460880787223746 14.87084118026595
0.07463300532343928 14.870796441415017
0.07465720277464108 14.870751686916261
0.07468140022584288 14.87070691676861
0.0747055976770447 14.870662130970974
0.0747297951282465 14.870617329522288
0.07475399257944831 14.870572512421464
0.07477819003065012 14.87052767966743
0.07480238748185192 14.870482831259109
0.07482658493305372 14.870437967195421
0.07485078238425553 14.870393087475284
0.07487497983545734 14.870348192097625
0.07489917728665915 14.870303281061355
0.07492337473786095 14.870258354365403
0.07494757218906276 14.870213412008685
0.07497176964026457 14.870168453990118
0.07499596709146637 14.870123480308628
0.07502016454266817 14.870078490963131
0.07504436199386999 14.870033485952542
0.07506855944507179 14.86998846527579
0.0750927568962736 14.869943428931784
0.07511695434747541 14.869898376919442
0.07514115179867721 14.869853309237687
0.07516534924987903 14.869808225885432
0.07518954670108083 14.869763126861594
0.07521374415228263 14.86971801216509
0.07523794160348445 14.86967288179484
0.07526213905468625 14.869627735749757
0.07528633650588805 14.869582574028762
0.07531053395708986 14.869537396630765
0.07533473140829167 14.869492203554678
0.07535892885949347 14.86944699479943
0.07538312631069528 14.869401770363917
0.07540732376189709 14.869356530247073
0.0754315212130989 14.869311274447798
0.0754557186643007 14.869266002965011
0.0754799161155025 14.869220715797626
0.0755041135667043 14.869175412944555
0.07552831101790612 14.86913009440471
0.07555250846910792 14.86908476017701
0.07557670592030974 14.869039410260367
0.07560090337151154 14.868994044653682
0.07562510082271334 14.868948663355877
0.07564929827391516 14.868903266365868
0.07567349572511696 14.868857853682549
0.07569769317631878 14.868812425304847
0.07572189062752058 14.868766981231675
0.07574608807872238 14.86872152146193
0.07577028552992418 14.868676045994533
0.075794482981126 14.868630554828385
0.0758186804323278 14.868585047962402
0.07584287788352961 14.868539525395487
0.07586707533473142 14.868493987126561
0.07589127278593322 14.868448433154525
0.07591547023713503 14.868402863478293
0.07593966768833683 14.868357278096763
0.07596386513953865 14.868311677008851
0.07598806259074045 14.868266060213458
0.07601226004194225 14.86822042770951
0.07603645749314406 14.868174779495895
0.07606065494434587 14.868129115571524
0.07608485239554767 14.8680834359353
0.07610904984674949 14.86803774058614
0.07613324729795129 14.867992029522949
0.07615744474915309 14.86794630274462
0.07618164220035491 14.86790056025007
0.07620583965155671 14.867854802038204
0.07623003710275852 14.867809028107931
0.07625423455396033 14.86776323845814
0.07627843200516213 14.867717433087748
0.07630262945636393 14.867671611995652
0.07632682690756575 14.867625775180764
0.07635102435876755 14.867579922641989
0.07637522180996936 14.867534054378215
0.07639941926117116 14.867488170388356
0.07642361671237297 14.86744227067131
0.07644781416357478 14.867396355225994
0.07647201161477658 14.867350424051288
0.0764962090659784 14.867304477146115
0.0765204065171802 14.86725851450936
0.076544603968382 14.86721253613993
0.0765688014195838 14.867166542036731
0.07659299887078562 14.867120532198655
0.07661719632198742 14.86707450662461
0.07664139377318924 14.86702846531349
0.07666559122439104 14.866982408264205
0.07668978867559284 14.866936335475646
0.07671398612679466 14.866890246946713
0.07673818357799646 14.866844142676305
0.07676238102919827 14.86679802266333
0.07678657848040008 14.866751886906675
0.07681077593160188 14.865149149370767
0.07683497338280368 14.861607678914085
0.0768591708340055 14.858066226912348
0.0768833682852073 14.854524793371665
0.07690756573640911 14.850983378298109
0.07693176318761091 14.84744198169779
0.07695596063881271 14.843900603576799
0.07698015809001453 14.840359243941233
0.07700435554121633 14.83681790279718
0.07702855299241815 14.833276580150756
0.07705275044361995 14.82973527600804
0.07707694789482175 14.82619399037515
0.07710114534602355 14.822652723258182
0.07712534279722537 14.819111474663226
0.07714954024842717 14.815570244596401
0.07717373769962899 14.812029033063801
0.07719793515083079 14.808487840071528
0.07722213260203259 14.785766498560788
0.0772463300532344 14.76125642736677
0.0772705275044362 14.736747057986744
0.07729472495563802 14.712238389350059
0.07731892240683982 14.687730420387158
0.07734311985804163 14.66322315002951
0.07736731730924343 14.638716577209628
0.07739151476044524 14.61421070086106
0.07741571221164704 14.589705519918432
0.07743990966284886 14.565201033317344
0.07746410711405066 14.540697239994508
0.07748830456525246 14.516194138887611
0.07751250201645428 14.491691728935361
0.07753669946765608 14.467190009077566
0.0775608969188579 14.442688978254981
0.0775850943700597 14.418188635409454
0.0776092918212615 14.393688979483802
0.0776334892724633 14.369190009421887
0.07765768672366512 14.34469172416857
0.07768188417486692 14.32019412266977
0.07770608162606873 14.295697203872367
0.07773027907727054 14.271200966724294
0.07775447652847234 14.246705410174469
0.07777867397967415 14.22221053317281
0.07780287143087596 14.197716334670291
0.07782706888207776 14.17322281361882
0.07785126633327957 14.148729968971336
0.07787546378448137 14.1242377996818
0.07789966123568318 14.099746304705143
0.07792385868688499 14.075255482997266
0.0779480561380868 14.050765333515132
0.07797225358928861 14.026275855216614
0.07799645104049041 14.001787047060644
0.07802064849169221 13.9772989080071
0.07804484594289403 13.952811437016823
0.07806904339409583 13.9283246330517
0.07809324084529763 13.903838495074547
0.07811743829649945 13.879353022049154
0.07814163574770125 13.854868212940334
0.07816583319890305 13.830384066713822
0.07819003065010487 13.805900582336337
0.07821422810130667 13.7814177587756
0.07823842555250848 13.756935595000249
0.07826262300371029 13.732454089979932
0.07828682045491209 13.707973242685235
0.07831101790611389 13.68349305208769
0.0783352153573157 13.659013517159812
0.0783594128085175 13.63453463687508
0.07838361025971932 13.610056410207894
0.07840780771092112 13.585578836133651
0.07843200516212293 13.561101913628654
0.07845620261332474 13.536625641670176
0.07848040006452654 13.51215001923644
0.07850459751572836 13.48767504530659
0.07852879496693016 13.463200718860763
0.07855299241813196 13.438727038879982
0.07857718986933376 13.41425400434623
0.07860138732053558 13.389781614242407
0.07862558477173738 13.365309867552396
0.0786497822229392 13.340838763260955
0.078673979674141 13.316368300353815
0.0786981771253428 13.291898477817613
0.07872237457654462 13.267429294639905
0.07874657202774642 13.2429607498092
0.07877076947894823 13.218492842314884
0.07879496693015003 13.194025571147327
0.07881916438135184 13.16955888172926
0.07884336183255364 13.145092812555673
0.07886755928375545 13.12062737668844
0.07889175673495726 13.09616257312048
0.07891595418615907 13.071698400846868
0.07894015163736087 13.047234858864346
0.07896434908856267 13.02277194616962
0.07898854653976449 12.998309661760281
0.07901274399096629 12.973848004634874
0.07903694144216811 12.94938697379279
0.07906113889336991 12.924926568234364
0.07908533634457171 12.90046678696079
0.07910953379577351 12.87600762897417
0.07913373124697533 12.85154909327749
0.07915792869817713 12.827091178874658
0.07918212614937895 12.80263388477043
0.07920632360058075 12.778177227639805
0.07923052105178255 12.753721238760958
0.07925471850298436 12.729265867197297
0.07927891595418617 12.704811111957167
0.07930311340538798 12.68035697204973
0.07932731085658978 12.655903446485096
0.07935150830779159 12.631450534274189
0.07937570575899339 12.606998234428831
0.0793999032101952 12.582546545961705
0.079424100661397 12.558095467886396
0.07944829811259882 12.533644999217298
0.07947249556380062 12.509195138969735
0.07949669301500242 12.48474588615985
0.07952089046620424 12.460297239804644
0.07954508791740604 12.435849198922018
0.07956928536860786 12.411401762530685
0.07959348281980966 12.386954929650264
0.07961768027101146 12.362508699301179
0.07964187772221326 12.33806307050473
0.07966607517341508 12.313618042283046
0.07969027262461688 12.289173613659157
0.0797144700758187 12.264729783656865
0.0797386675270205 12.240286551300889
0.0797628649782223 12.215843915616738
0.07978706242942411 12.191401875630774
0.07981125988062591 12.166960430370228
0.07983545733182773 12.142519578863118
0.07985965478302953 12.118079320138346
0.07988385223423133 12.093639653225624
0.07990804968543314 12.069200577155481
0.07993224713663495 12.04476209095929
0.07995644458783675 12.020324193669268
0.07998064203903857 11.995886884318422
0.08000483949024037 11.971450161940625
0.08002903694144217 11.947014025570548
0.08005323439264399 11.922578474243664
0.08007743184384579 11.898143506996314
0.0801016292950476 11.873709122865602
0.0801258267462494 11.849275320889488
0.08015002419745121 11.824842100106737
0.08017422164865301 11.800409459556898
0.08019841909985483 11.775977398280348
0.08022261655105663 11.751545915318294
0.08024681400225844 11.727115009712703
0.08027101145346024 11.702684680506398
0.08029520890466205 11.678254926742953
0.08031940635586386 11.653825747466769
0.08034360380706566 11.62939714172306
0.08036780125826748 11.604969108557789
0.08039199870946928 11.580541647017782
0.08041619616067108 11.556114756150595
0.08044039361187288 11.531688435004613
0.0804645910630747 11.507262682628976
0.0804887885142765 11.482837498073671
0.08051298596547832 11.458412880558337
0.08053718341668012 11.433988828796222
0.08056138086788192 11.409565342008985
0.08058557831908374 11.38514241924969
0.08060977577028554 11.360720059572232
0.08063397322148734 11.336298262031239
0.08065817067268916 11.311877025682099
0.08068236812389096 11.28745634958105
0.08070656557509276 11.263036232785023
0.08073076302629457 11.238616674351741
0.08075496047749638 11.214197673339736
0.08077915792869819 11.189779228808247
0.0808033553799 11.165361339817322
0.0808275528311018 11.140944005427754
0.08085175028230361 11.116527224701086
0.08087594773350541 11.092110996699647
0.08090014518470721 11.06769532048651
0.08092434263590903 11.043280195125492
0.08094854008711083 11.0188656196812
0.08097273753831263 10.994451593218955
0.08099693498951445 10.970038114804836
0.08102113244071625 10.945625183505712
0.08104532989191807 10.921212798389135
0.08106952734311987 10.896800958523459
0.08109372479432167 10.872389662977756
0.08111792224552347 10.847978910821846
0.08114211969672529 10.82356870112626
0.08116631714792709 10.799159032962335
0.0811905145991289 10.774749905402071
0.0812147120503307 10.75034131751827
0.08123890950153251 10.725933268384422
0.08126310695273432 10.701525757074752
0.08128730440393613 10.677118782664255
0.08131150185513794 10.652712344228592
0.08133569930633974 10.628306440844227
0.08135989675754154 10.603901071588282
0.08138409420874335 10.579496235538635
0.08140829165994516 10.55509193177387
0.08143248911114698 10.530688159373309
0.08145668656234878 10.506284917417005
0.08148088401355058 10.4818822049857
0.08150508146475238 10.457480021160846
0.0815292789159542 10.43307836502462
0.081553476367156 10.408677235659946
0.08157767381835782 10.38427663215039
0.08160187126955962 10.360039246879165
0.08162606872076142 10.33774344435296
0.08165026617196322 10.31544808965056
0.08167446362316504 10.293153182083891
0.08169866107436685 10.270858720965398
0.08172285852556865 10.248564705608016
0.08174705597677046 10.226271135325158
0.08177125342797226 10.203978009430735
0.08179545087917406 10.181685327239164
0.08181964833037587 10.159393088065324
0.08184384578157769 10.137101291224617
0.08186804323277949 10.114809936032948
0.0818922406839813 10.09251902180666
0.0819164381351831 10.07022854786262
0.08194063558638491 10.047938513518158
0.08196483303758673 10.025648918091116
0.08198903048878853 10.00335976089981
0.08201322793999033 9.981530952370779
0.08203742539119213 9.960083948975868
0.08206162284239393 9.938637354118292
0.08208582029359575 9.917191167196375
0.08211001774479756 9.89574538760887
0.08213421519599937 9.874300014754938
0.08215841264720117 9.85285504803414
0.08218261009840297 9.831410486846458
0.08220680754960479 9.80996633059226
0.0822310050008066 9.788522578672364
0.0822552024520084 9.767079230487996
0.0822793999032102 9.74563628544075
0.082303597354412 9.724193742932652
0.08232779480561381 9.702751602366137
0.08235199225681562 9.681309863144032
0.08237618970801744 9.659868524669582
0.08240038715921924 9.638427585267445
0.08242458461042104 9.616986979062842
0.08244878206162284 9.595546771820159
0.08247297951282466 9.57410696294424
0.08249717696402646 9.552667551840349
0.08252137441522828 9.531228537914114
0.08254557186643008 9.509789920571597
0.08256976931763188 9.488351699219244
0.08259396676883368 9.46691387326389
0.0826181642200355 9.44547644211276
0.08264236167123731 9.424039405173497
0.08266655912243911 9.402602761854155
0.08269075657364092 9.381166511563135
0.08271495402484272 9.359730653709256
0.08273915147604453 9.338295187701725
0.08276334892724634 9.316860112950154
0.08278754637844815 9.29542542886452
0.08281174382964995 9.273991167576458
0.08283594128085175 9.25255733047285
0.08286013873205356 9.231123882265454
0.08288433618325537 9.20969082236581
0.08290853363445719 9.18825815018587
0.08293273108565899 9.166825865137977
0.08295692853686079 9.145393966634833
0.08298112598806259 9.12396245408953
0.08300532343926441 9.102531326915535
0.08302952089046621 9.081100584526746
0.08305371834166803 9.05967022633738
0.08307791579286983 9.038240251762087
0.08310211324407163 9.016810660215857
0.08312631069527343 8.99538145111409
0.08315050814647525 8.97395262387253
0.08317470559767706 8.952524177907343
0.08319890304887886 8.931096112635055
0.08322310050008067 8.90966842747256
0.08324729795128247 8.888241121837131
0.08327149540248428 8.866814195146397
0.08329569285368608 8.845387646818416
0.0833198903048879 8.82396147627156
0.0833440877560897 8.802535682924612
0.0833682852072915 8.781110266196718
0.0833924826584933 8.759685225507376
0.08341668010969512 8.738260560276462
0.08344087756089694 8.71683626992424
0.08346507501209874 8.69541235387135
0.08348927246330054 8.67398881153876
0.08351346991450234 8.65256564234783
0.08353766736570416 8.631142845720268
0.08356186481690596 8.609720421078185
0.08358606226810777 8.588298367844017
0.08361025971930958 8.566876656868429
0.08363445717051138 8.545455277333112
0.08365865462171318 8.52403426747718
0.083682852072915 8.502613626724518
0.08370704952411681 8.481193354499405
0.08373124697531861 8.459773450226464
0.08375544442652041 8.438353913330669
0.08377964187772222 8.416934743237352
0.08380383932892403 8.395515939372205
0.08382803678012583 8.374097501161293
0.08385223423132765 8.352679428031005
0.08387643168252945 8.331261719408136
0.08390062913373125 8.309844374719788
0.08392482658493305 8.288427393393432
0.08394902403613487 8.267010774856884
0.08397322148733669 8.245594518538338
0.08399741893853849 8.224178623866335
0.08402161638974029 8.202763150454558
0.08404581384094209 8.181348044731909
0.0840700112921439 8.159933298941615
0.08409420874334571 8.138518912513632
0.08411840619454752 8.117104884878236
0.08414260364574933 8.095691215466061
0.08416680109695113 8.074277903708085
0.08419099854815293 8.052864949035628
0.08421519599935474 8.031452350880349
0.08423939345055656 8.010040108674264
0.08426359090175836 7.988628221849749
0.08428778835296016 7.96721668983949
0.08431198580416197 7.945805512076522
0.08433618325536378 7.924394687994217
0.08436038070656558 7.902984217026318
0.0843845781577674 7.881574098606868
0.0844087756089692 7.860164332170287
0.084432973060171 7.838754917151304
0.0844571705113728 7.817345852984992
0.08448136796257462 7.795937139106751
0.08450556541377643 7.774528774952347
0.08452976286497824 7.75312075995787
0.08455396031618004 7.731713093559731
0.08457815776738184 7.7103057751946755
0.08460235521858364 7.688898804299796
0.08462655266978546 7.667492180312491
0.08465075012098727 7.6460859026705235
0.08467494757218907 7.624679970811988
0.08469914502339088 7.603274384175277
0.08472334247459268 7.581869142199131
0.0847475399257945 7.560464244322607
0.08477173737699631 7.539059689985109
0.08479593482819811 7.517655478626373
0.08482013227939991 7.4962515536584595
0.08484432973060171 7.474847959237974
0.08486852718180352 7.453444706119087
0.08489272463300533 7.4320417937428145
0.08491692208420715 7.410639221550502
0.08494111953540895 7.389236988983826
0.08496531698661075 7.3678350954847645
0.08498951443781255 7.346433540495617
0.08501371188901437 7.325032323459005
0.08503790934021618 7.303631443817889
0.08506210679141799 7.28223090101554
0.08508630424261979 7.260830694495537
0.08511050169382159 7.2394308237017775
0.08513469914502339 7.2180312880784845
0.0851588965962252 7.196632087070177
0.08518309404742702 7.175233220121724
0.08520729149862882 7.153834706966356
0.08523148894983062 7.132436573799965
0.08525568640103243 7.11103877302819
0.08527988385223424 7.089641304097127
0.08530408130343604 7.068244166453223
0.08532827875463786 7.0468473595431895
0.08535247620583966 7.025450882814094
0.08537667365704146 7.004054735713279
0.08540087110824326 6.982658917688409
0.08542506855944508 6.961263428187439
0.0854492660106469 6.939868266658668
0.0854734634618487 6.918473432550686
0.0854976609130505 6.8970789253123765
0.0855218583642523 6.875684744392936
0.08554605581545412 6.854290889241856
0.08557025326665592 6.832897359308967
0.08559445071785773 6.811504154044352
0.08561864816905954 6.8018746287129925
0.08564284562026134 6.795745698993569
0.08566704307146314 6.789616819298289
0.08569124052266495 6.783487989630713
0.08571543797386677 6.777359209994399
0.08573963542506857 6.771230480392928
0.08576383287627037 6.765101800829869
0.08578803032747218 6.7589731713088
0.08581222777867399 6.752844591833301
0.08583642522987579 6.746716062406965
0.08586062268107761 6.740587583033379
0.08588482013227941 6.734459153716147
0.08590901758348121 6.728330774458865
0.08593321503468301 6.722202445265135
0.08595741248588483 6.716074166138568
0.08598160993708664 6.709945937082781
0.08600580738828845 6.705282958311212
0.08603000483949025 6.705259794780548
0.08605420229069205 6.705236624067905
0.08607839974189387 6.705213446172748
0.08610259719309567 6.705190261094539
0.08612679464429748 6.705167068832742
0.08615099209549928 6.705143869386817
0.08617518954670109 6.705120662756231
0.08619938699790289 6.705097448940446
0.0862235844491047 6.705074227938924
0.08624778190030652 6.70505099975113
0.08627197935150832 6.705027764376524
0.08629617680271012 6.70500452181457
0.08632037425391192 6.70498127206473
0.08634457170511374 6.7049580151264685
0.08636876915631554 6.704934750999246
0.08639296660751736 6.704911479682527
0.08641716405871916 6.704888201175771
0.08644136150992096 6.70486491547844
0.08646555896112276 6.7048416225899965
0.08648975641232458 6.704818322509902
0.0865139538635264 6.70479501523762
0.0865381513147282 6.704771700772609
0.08656234876593 6.704748379114334
0.0865865462171318 6.704725050262254
0.08661074366833361 6.704701714215834
0.08663494111953542 6.70467837097453
0.08665913857073723 6.704655020537806
0.08668333602193903 6.70463166290512
0.08670753347314084 6.704608298075937
0.08673173092434264 6.704584926049717
0.08675592837554445 6.704561546825919
0.08678012582674627 6.704538160404003
0.08680432327794807 6.704514766783432
0.08682852072914987 6.704491365963665
0.08685271818035167 6.704467957944165
0.08687691563155349 6.704444542724383
0.08690111308275529 6.704421120303791
0.0869253105339571 6.704397690681843
0.08694950798515891 6.704374253857997
0.08697370543636071 6.704350809831716
0.08699790288756251 6.70432735860246
0.08702210033876433 6.704303900169684
0.08704629778996614 6.704280434532853
0.08707049524116794 6.704256961691426
0.08709469269236975 6.704233481644857
0.08711889014357155 6.70420999439261
0.08714308759477336 6.70418649993414
0.08716728504597517 6.70416299826891
0.08719148249717698 6.704139489396378
0.08721567994837878 6.704115973316003
0.08723987739958058 6.70409245002724
0.08726407485078239 6.704068919529551
0.0872882723019842 6.704045381822391
0.08731246975318602 6.7040218369052225
0.08733666720438782 6.703998284777503
0.08736086465558962 6.703974725438687
0.08738506210679142 6.703951158888239
0.08740925955799322 6.7039275851256095
0.08743345700919504 6.703904004150261
0.08745765446039686 6.703880415961646
0.08748185191159866 6.703856820559229
0.08750604936280046 6.703833217942463
0.08753024681400226 6.703809608110809
0.08755444426520408 6.70378599106372
0.08757864171640589 6.703762366800657
0.0876028391676077 6.703738735321076
0.0876270366188095 6.703715096624428
0.0876512340700113 6.703691450710178
0.0876754315212131 6.703667797577779
0.08769962897241491 6.703644137226692
0.08772382642361673 6.703620469656366
0.08774802387481853 6.703596794866265
0.08777222132602033 6.70357311285584
0.08779641877722213 6.703549423624549
0.08782061622842395 6.703525727171851
0.08784481367962577 6.703502023497195
0.08786901113082757 6.703478312600043
0.08789320858202937 6.703454594479849
0.08791740603323117 6.703430869136072
0.08794160348443297 6.703407136568163
0.08796580093563479 6.703383396775575
0.0879899983868366 6.703359649757772
0.0880141958380384 6.703335895514205
0.08803839328924021 6.703312134044328
0.08806259074044201 6.703288365347599
0.08808678819164383 6.703264589423468
0.08811098564284563 6.703240806271396
0.08813518309404744 6.703217015890834
0.08815938054524924 6.703193218281237
0.08818357799645105 6.703169413442064
0.08820777544765285 6.703145601372765
0.08823197289885466 6.7031217820727935
0.08825617035005648 6.703097955541608
0.08828036780125828 6.703074121778658
0.08830456525246008 6.703050280783403
0.08832876270366188 6.703026432555293
0.0883529601548637 6.703002577093784
0.0883771576060655 6.702978714398329
0.08840135505726732 6.702954844468383
0.08842555250846912 6.702930967303398
0.08844974995967092 6.702907082902827
0.08847394741087272 6.7028831912661255
0.08849814486207454 6.702859292392745
0.08852234231327635 6.702835386282141
0.08854653976447815 6.702811472933763
0.08857073721567996 6.702787552347068
0.08859493466688176 6.702763624521508
0.08861913211808357 6.702739689456536
0.08864332956928538 6.7027157471516
0.08866752702048719 6.70269179760616
0.08869172447168899 6.702667840819663
0.0887159219228908 6.702643876791565
0.0887401193740926 6.702619905521317
0.08876431682529441 6.702595927008564
0.08878851427649623 6.7025719412530975
0.08881271172769803 6.702547948253832
0.08883690917889983 6.7025239480102154
0.08886110663010163 6.702499940521703
0.08888530408130345 6.702475925787745
0.08890950153250525 6.702451903807796
0.08893369898370707 6.7024278745813035
0.08895789643490887 6.7024038381077204
0.08898209388611067 6.702379794386502
0.08900629133731247 6.702355743417096
0.08903048878851429 6.702331685198952
0.0890546862397161 6.702307619731523
0.0890788836909179 6.702283547014263
0.0891030811421197 6.70225946704662
0.08912727859332151 6.702235379828043
0.08915147604452332 6.702211285357986
0.08917567349572512 6.702187183635897
0.08919987094692694 6.702163074661229
0.08922406839812874 6.702138958433431
0.08924826584933054 6.702114834951957
0.08927246330053235 6.70209070421625
0.08929666075173416 6.702066566225766
0.08932085820293598 6.702042420979951
0.08934505565413778 6.702018268478259
0.08936925310533958 6.70199410872014
0.08939345055654138 6.7019699417050385
0.0894176480077432 6.701945767432409
0.089441845458945 6.701921585901699
0.08946604291014681 6.701897397112359
0.08949024036134862 6.7018732010638375
0.08951443781255042 6.701848997755585
0.08953863526375222 6.701824787187048
0.08956283271495404 6.701800569357677
0.08958703016615585 6.701776344266924
0.08961122761735765 6.701752111914235
0.08963542506855945 6.701727872299057
0.08965962251976126 6.701703625420841
0.08968381997096307 6.701679371279037
0.08970801742216487 6.701655109873091
0.08973221487336669 6.7016308412024514
0.08975641232456849 6.7016065652665695
0.08978060977577029 6.701582282064888
0.0898048072269721 6.701557991596861
0.08982900467817391 6.701533693861934
0.08985320212937573 6.701509388859552
0.08987739958057753 6.701485076589169
0.08990159703177933 6.701460757050226
0.08992579448298113 6.701436430242176
0.08994999193418295 6.701412096164464
0.08997418938538475 6.701387754816538
0.08999838683658656 6.701363406197842
0.09002258428778837 6.693366606980195
0.09004678173899017 6.684800428470578
0.09007097919019197 6.676234333935049
0.09009517664139378 6.667668323359704
0.0901193740925956 6.659102396730668
0.0901435715437974 6.6505365540340735
0.0901677689949992 6.641970795256052
0.090191966446201 6.633405120382761
0.0902161638974028 6.624839529400361
0.09024036134860462 6.61627402229503
0.09026455879980644 6.60770859905296
0.09028875625100824 6.599143259660358
0.09031295370221004 6.590578004103431
0.09033715115341184 6.582012832368415
0.09036134860461366 6.573447744441532
0.09038554605581547 6.5648827403090495
0.09040974350701728 6.5477199319751564
0.09043394095821908 6.517803054974783
0.09045813840942088 6.487886731592153
0.09048233586062268 6.45797096026692
0.0905065333118245 6.4280557394397615
0.09053073076302631 6.398141067552402
0.09055492821422811 6.368226943047602
0.09057912566542992 6.338313364295502
0.09060332311663172 6.308400329888433
0.09062752056783353 6.278487838198192
0.09065171801903535 6.2485758876715884
0.09067591547023715 6.218664476756431
0.09070011292143895 6.188753603901495
0.09072431037264075 6.158843267556572
0.09074850782384256 6.128933466172441
0.09077270527504437 6.099024198200853
0.09079690272624619 6.069115462094581
0.09082110017744799 6.039207314943218
0.09084529762864979 6.009299705170933
0.09086949507985159 5.979392622626196
0.09089369253105341 5.949486065765658
0.09091788998225521 5.9195800330469845
0.09094208743345703 5.889674522928739
0.09096628488465883 5.859769533870508
0.09099048233586063 5.829865064332779
0.09101467978706243 5.799961112777012
0.09103887723826425 5.770057677665596
0.09106307468946606 5.740154757461893
0.09108727214066786 5.710252350630216
0.09111146959186966 5.680350455635767
0.09113566704307147 5.650449070944707
0.09115986449427328 5.620548195024104
0.09118406194547508 5.590647826342003
0.0912082593966769 5.560747963367301
0.0912324568478787 5.530848604569886
0.0912566542990805 5.500949748420502
0.0912808517502823 5.471051393390825
0.09130504920148412 5.441153537953416
0.09132924665268594 5.4112561805817805
0.09135344410388774 5.381359319750318
0.09137764155508954 5.351462953934283
0.09140183900629134 5.321567081609852
0.09142603645749316 5.29167170125407
0.09145023390869496 5.261776811344908
0.09147443135989677 5.231882410361161
0.09149862881109858 5.201988496782563
0.09152282626230038 5.172095069089671
0.09154702371350218 5.142202125763935
0.091571221164704 5.112309665287649
0.09159541861590581 5.082417686144002
0.09161961606710761 5.0525261323294375
0.09164381351830941 5.02263504409223
0.09166801096951122 4.99274443264399
0.09169220842071303 4.962854296471287
0.09171640587191483 4.932964634061572
0.09174060332311665 4.9030754439030835
0.09176480077431845 4.873186724484954
0.09178899822552025 4.8432984742971055
0.09181319567672205 4.813410691830307
0.09183739312792387 4.783523375576136
0.09186159057912568 4.753636524027022
0.09188578803032749 4.723750135676226
0.09190998548152929 4.693864209017783
0.09193418293273109 4.6639787425465595
0.0919583803839329 4.634093734758211
0.09198257783513471 4.604209184149252
0.09200677528633652 4.574325108033038
0.09203097273753832 4.544441534474845
0.09205517018874013 4.514558413588714
0.09207936763994193 4.484675743874316
0.09210356509114374 4.454793523832105
0.09212776254234556 4.424911751963346
0.09215195999354736 4.395030426770084
0.09217615744474916 4.36514954675511
0.09220035489595096 4.335269110422004
0.09222455234715278 4.305389116275101
0.09224874979835458 4.275509562819549
0.0922729472495564 4.245630448561198
0.0922971447007582 4.215751772006718
0.09232134215196 4.1858735316634865
0.0923455396031618 4.155995726039656
0.09236973705436362 4.1261183536441015
0.09239393450556543 4.096241412986484
0.09241813195676724 4.066364852231318
0.09244232940796904 4.036488703395172
0.09246652685917084 4.006612981831762
0.09249072431037265 3.9767376860536507
0.09251492176157446 3.946862814574177
0.09253911921277627 3.916988365907339
0.09256331666397807 3.8871143385679225
0.09258751411517988 3.857240731071385
0.09261171156638168 3.8273675419339077
0.09263590901758349 3.7974947696723684
0.09266010646878531 3.767622412804387
0.09268430391998711 3.737750469848287
0.09270850137118891 3.7078789393230607
0.09273269882239071 3.6780078197484065
0.09275689627359253 3.6481371096447095
0.09278109372479433 3.6182668075330877
0.09280529117599615 3.5871533936001976
0.09282948862719795 3.5515971541121214
0.09285368607839975 3.5160414367582895
0.09287788352960155 3.4804862390063724
0.09290208098080337 3.4449315583252784
0.09292627843200518 3.4093773921852137
0.09295047588320698 3.373823738057624
0.09297467333440879 3.338270593415158
0.09299887078561059 3.302717955731704
0.09302306823681239 3.2671658224823763
0.0930472656880142 3.2316141911434784
0.09307146313921602 3.1960630591925585
0.09309566059041782 3.160512424108359
0.09311985804161962 3.1249622833707678
0.09314405549282143 3.089412634460876
0.09316825294402324 3.0538634748609215
0.09319245039522506 3.0183148020543444
0.09321664784642686 2.959295327503837
0.09324084529762866 2.889633109659731
0.09326504274883046 2.8199722210864073
0.09328924020003226 2.7503126423374464
0.09331343765123408 2.6806543539793433
0.0933376351024359 2.6109973365913905
0.0933618325536377 2.541341570765355
0.0933860300048395 2.4716870371051654
0.0934102274560413 2.402033716226784
0.09343442490724312 2.332381588757902
0.09345862235844493 2.2627306353378054
0.09348281980964673 2.1930808366170718
0.09350701726084854 2.1234321732572434
0.09353121471205034 2.053784625930716
0.09355541216325214 1.9841381753204577
0.09357960961445395 1.9144928021197347
0.09360380706565577 1.844848487031995
0.09362800451685757 1.7752052107705523
0.09365220196805937 1.7055629540582686
0.09367639941926117 1.6359216976274409
0.09370059687046299 1.5662814222194859
0.09372479432166479 1.496642108584862
0.09374899177286661 1.427003737482558
0.09377318922406841 1.357366289680177
0.09379738667527021 1.2877297459534218
0.09382158412647201 1.2180940870860204
0.09384578157767383 1.148459293869414
0.09386997902887564 1.07882534710264
0.09389417648007745 1.0091922275920224
0.09391837393127925 0.939559916150854
0.09394257138248105 0.8699283935992869
0.09396676883368286 0.8002976407640164
0.09399096628488467 0.730667638478211
0.09401516373608648 0.661038367580997
0.09403936118728828 0.5914098089175477
0.09406355863849009 0.5217819433385696
0.09408775608969189 0.4521547517002315
0.0941119535408937 0.38252821486385075
0.09413615099209552 0.3129023136957821
0.09416034844329732 0.24327702906710516
0.09418454589449912 0.1736523418533136
0.09420874334570092 0.10402823293420195
0.09423294079690274 0.03440468319355483
0.09425713824810454 -0.03521832648092484
0.09428133569930636 -0.10484081519812732
0.09430553315050816 -0.17446280206344783
0.09432973060170996 -0.24408430617929724
0.09435392805291176 -0.3137053466451738
0.09437812550411358 -0.3833259425579744
0.0944023229553154 -0.4529461130121055
0.0944265204065172 -0.5225658770997945
0.094450717857719 -0.5921852539114006
0.0944749153089208 -0.661804262535526
0.09449911276012261 -0.7314229220593271
0.09452331021132442 -0.8010412515685853
0.09454750766252623 -0.8706592701482171
0.09457170511372803 -0.9402769968821877
0.09459590256492983 -1.0098944508540189
0.09462010001613164 -1.079511651146863
0.09464429746733345 -1.1491286168438095
0.09466849491853527 -1.2187453670280024
0.09469269236973707 -1.288361920782946
0.09471688982093887 -1.3579782971928172
0.09474108727214067 -1.4275945153425784
0.09476528472334249 -1.4972105943182874
0.09478948217454429 -1.5668265532071668
0.0948136796257461 -1.631622862885742
0.09483787707694791 -1.692713462562005
0.09486207452814971 -1.7538039531182579
0.09488627197935151 -1.8148943474057602
0.09491046943055333 -1.875984658276912
0.09493466688175514 -1.9370748985852675
0.09495886433295694 -1.9981650811857306
0.09498306178415875 -2.0592552189347377
0.09500725923536055 -2.1203453246902773
0.09503145668656236 -2.181435411312079
0.09505565413776416 -2.2425254916615946
0.09507985158896598 -2.3036155786023635
0.09510404904016778 -2.36470568499985
0.09512824649136958 -2.4257958237218116
0.09515244394257139 -2.4868860076382804
0.0951766413937732 -2.5479762496217506
0.09520083884497502 -2.6090173033509116
0.09522503629617682 -2.6686867539800847
0.09524923374737862 -2.7283562857036388
0.09527343119858042 -2.7880259105159264
0.09529762864978224 -2.8476956404140306
0.09532182610098404 -2.907365487397743
0.09534602355218585 -2.9670354634699025
0.09537022100338766 -3.026705580636238
0.09539441845458946 -3.086375850905706
0.09541861590579126 -3.146046286290473
0.09544281335699308 -3.2057168988060787
0.09546701080819489 -3.265387700471451
0.09549120825939669 -3.3250587033090793
0.0955154057105985 -3.3847299193451894
0.0955396031618003 -3.444401360609753
0.09556380061300211 -3.504073039136656
0.09558799806420391 -3.563744966963681
0.09561219551540573 -3.623417156132847
0.09563639296660753 -3.6830896186902455
0.09566059041780933 -3.7427623666863927
0.09568478786901113 -3.802435412176198
0.09570898532021295 -3.86210876721914
0.09573318277141477 -3.9217824438792728
0.09575738022261657 -3.98145645422541
0.09578157767381837 -4.04113081033129
0.09580577512502017 -4.100805524275595
0.09582997257622197 -4.160480608142088
0.09585417002742379 -4.220156074019756
0.0958783674786256 -4.279831934002818
0.0959025649298274 -4.339508200190905
0.0959267623810292 -4.399184884689237
0.09595095983223101 -4.458861999608625
0.09597515728343282 -4.518539557065658
0.09599935473463464 -4.57821756918271
0.09602355218583644 -4.637896048088105
0.09604774963703824 -4.697575005916318
0.09607194708824005 -4.7572544548079625
0.09609614453944185 -4.816934406909943
0.09612034199064366 -4.876614874375608
0.09614453944184548 -4.9362958693647485
0.09616873689304728 -4.995977404043775
0.09619293434424908 -5.05565949058591
0.09621713179545088 -5.115342141171179
0.0962413292466527 -5.175025367986613
0.09626552669785451 -5.23470918322623
0.09628972414905632 -5.294393599091246
0.09631392160025812 -5.354078627790228
0.09633811905145992 -5.413764281539118
0.09636231650266172 -5.473450572561378
0.09638651395386354 -5.533137513088133
0.09641071140506535 -5.594083760502094
0.09643490885626715 -5.656615426898262
0.09645910630746896 -5.719147871532783
0.09648330375867076 -5.7816811085347695
0.09650750120987257 -5.844215152043394
0.09653169866107437 -5.906750016207894
0.09655589611227619 -5.969285715187965
0.09658009356347799 -6.031822263153619
0.0966042910146798 -6.094359674285582
0.0966284884658816 -6.156897962775283
0.09665268591708341 -6.219437142825093
0.09667688336828523 -6.28197722864834
0.09670108081948703 -6.34451823446954
0.09672527827068883 -6.4070601745246085
0.09674947572189063 -6.469603063060901
0.09677367317309245 -6.532146914337432
0.09679787062429425 -6.594691742624873
0.09682206807549606 -6.659182999797989
0.09684626552669787 -6.723863064678449
0.09687046297789967 -6.788544239290041
0.09689466042910147 -6.8532265394910885
0.09691885788030329 -6.917909981154374
0.0969430553315051 -6.9825945801672145
0.0969672527827069 -7.047280352431711
0.0969914502339087 -7.111967313864996
0.0970156476851105 -7.17665548039929
0.09703984513631232 -7.2413448679821775
0.09706404258751412 -7.306035492576608
0.09708824003871594 -7.370727370161349
0.09711243748991774 -7.43542051673087
0.09713663494111954 -7.500114948295772
0.09716083239232134 -7.564810680882818
0.09718502984352316 -7.629507730535197
0.09720922729472498 -7.694206113312583
0.09723342474592678 -7.758905845291391
0.09725762219712858 -7.8236069425650365
0.09728181964833038 -7.888309421243999
0.0973060170995322 -7.953013297456088
0.097330214550734 -8.017718587346467
0.09735441200193581 -8.082425307078092
0.09737860945313762 -8.14713347283161
0.09740280690433942 -8.211843100805801
0.09742700435554122 -8.276554207217604
0.09745120180674303 -8.341266808302384
0.09747539925794485 -8.405980920313986
0.09749959670914665 -8.470696559525035
0.09752379416034845 -8.535413742227165
0.09754799161155026 -8.600132484731086
0.09757218906275207 -8.664852803366873
0.09759638651395387 -8.729574714483991
0.09762058396515569 -8.794298234451738
0.09764478141635749 -8.859023379659147
0.09766897886755929 -8.923750166515426
0.0976931763187611 -8.988478611449992
0.09771737376996291 -9.053208730912761
0.09774157122116472 -9.117940541374209
0.09776576867236653 -9.182674059325622
0.09778996612356833 -9.247409301279403
0.09781416357477013 -9.312146283769103
0.09783836102597195 -9.376885023349729
0.09786255847717375 -9.44162553659778
0.09788675592837556 -9.506367840111666
0.09791095337957736 -9.571111950511659
0.09793515083077917 -9.635857884440304
0.09795934828198097 -9.700605658562486
0.09798354573318278 -9.765355289565704
0.0980077431843846 -9.832385193439459
0.0980319406355864 -9.904258921291799
0.0980561380867882 -9.976135068924997
0.09808033553799 -10.048013659391792
0.09810453298919182 -10.119894715781339
0.09812873044039362 -10.191778261219394
0.09815292789159544 -10.263664318868951
0.09817712534279724 -10.335552911930241
0.09820132279399904 -10.407444063641364
0.09822552024520084 -10.479337797278468
0.09824971769640266 -10.551234136156177
0.09827391514760447 -10.623133103627817
0.09829811259880628 -10.69503472308583
0.09832231005000808 -10.76693901796223
0.09834650750120988 -10.838846011728803
0.0983707049524117 -10.91075572789755
0.0983949024036135 -10.982668190020885
0.09841909985481531 -11.068643266543026
0.09844329730601711 -11.158375164488103
0.09846749475721892 -11.248111654832623
0.09849169220842072 -11.337852784036938
0.09851588965962253 -11.427598598667055
0.09854008711082435 -11.517349145395574
0.09856428456202615 -11.607104471002934
0.09858848201322795 -11.696864622378593
0.09861267946442975 -11.786629646522025
0.09863687691563156 -11.876399590543853
0.09866107436683337 -11.966174501667082
0.09868527181803519 -12.055954427228043
0.09870946926923699 -12.145739414677656
0.09873366672043879 -12.235529511582664
0.09875786417164059 -12.325324765626666
0.09878206162284241 -12.415125224611334
0.09880625907404422 -12.504930953890192
0.09883045652524602 -12.59474203403894
0.09885465397644783 -12.684558463261807
0.09887885142764963 -12.77438028984442
0.09890304887885143 -12.86420756219635
0.09892724633005325 -12.954040328852347
0.09895144378125506 -13.043878638473393
0.09897564123245686 -13.133722539848018
0.09899983868365866 -13.223572081893609
0.09902403613486047 -13.313427313657495
0.09904823358606228 -13.403288284318272
0.0990724310372641 -13.493155043186867
0.0990966284884659 -13.583027639707923
0.0991208259396677 -13.672906123461118
0.0991450233908695 -13.762790544162295
0.0991692208420713 -13.852680951664745
0.09919341829327312 -13.942577395960573
0.09921761574447494 -14.003561067670006
0.09924181319567674 -14.053742197385546
0.09926601064687854 -14.103925043050934
0.09929020809808034 -14.154109613184524
0.09931440554928216 -14.20429591631774
0.09933860300048396 -14.254483960995055
0.09936280045168577 -14.30467375577423
0.09938699790288757 -14.354865309226179
0.09941119535408938 -14.405058629935203
0.09943539280529118 -14.455253726499015
0.099459590256493 -14.505450607528775
0.09948378770769481 -14.555649281649142
0.09950798515889661 -14.60584975749836
0.09953218261009841 -14.656052043728433
0.09955638006130021 -14.706256149005052
0.09958057751250203 -14.756462082007756
0.09960477496370383 -14.796211628361432
0.09962897241490565 -14.79342239299666
0.09965316986610745 -14.79063317122295
0.09967736731730925 -14.787843963046269
0.09970156476851105 -14.785054768472586
0.09972576221971287 -14.782265587507885
0.09974995967091468 -14.779476420158145
0.09977415712211649 -14.776687266429345
0.09979835457331829 -14.773898126327468
0.09982255202452009 -14.771108999858496
0.0998467494757219 -14.768319887028404
0.0998709469269237 -14.765530787843181
0.09989514437812552 -14.762741702308807
0.09991934182932732 -14.759952630431263
0.09994353928052913 -14.75716357221654
0.09996773673173093 -14.754374527670622
0.09999193418293274 -14.751585496799485
0.10001613163413456 -14.748796479609135
0.10004032908533636 -14.746007476105548
0.10006452653653816 -14.743218486294714
0.10008872398773996 -14.740429510182615
0.10011292143894178 -14.737640547775257
0.10013711889014358 -14.734851599078617
0.1001613163413454 -14.732062664098693
0.1001855137925472 -14.729273742841478
0.100209711243749 -14.726484835312968
0.1002339086949508 -14.723695941519145
0.10025810614615262 -14.720907061466018
0.10028230359735443 -14.71811819515957
0.10030650104855623 -14.715329342605804
0.10033069849975804 -14.712540503810724
0.10035489595095984 -14.709751678780313
0.10037909340216165 -14.706962867520577
0.10040329085336346 -14.70417407003752
0.10042748830456527 -14.701385286337135
0.10045168575576707 -14.698596516425424
0.10047588320696887 -14.69580776030839
0.10050008065817068 -14.693019017992034
0.10052427810937249 -14.690230289482363
0.10054847556057431 -14.687441574785378
0.10057267301177611 -14.684652873907085
0.10059687046297791 -14.681864186853492
0.10062106791417971 -14.679075513630597
0.10064526536538153 -14.676286854244418
0.10066946281658333 -14.673498208700952
0.10069366026778515 -14.670709577006214
0.10071785771898695 -14.667920959166215
0.10074205517018875 -14.66513235518696
0.10076625262139055 -14.662343765074471
0.10079045007259237 -14.65955518883474
0.10081464752379418 -14.656766626473802
0.10083884497499598 -14.653978077997651
0.10086304242619779 -14.651189543412311
0.10088723987739959 -14.648401022723803
0.1009114373286014 -14.645612515938135
0.1009356347798032 -14.64282402306132
0.10095983223100502 -14.640035544099382
0.10098402968220682 -14.637247079058335
0.10100822713340862 -14.634458627944197
0.10103242458461043 -14.631670190762994
0.10105662203581224 -14.628881767520744
0.10108081948701406 -14.626093358223455
0.10110501693821586 -14.623304962877176
0.10112921438941766 -14.62051658148791
0.10115341184061946 -14.617728214061678
0.10117760929182128 -14.61493986060452
0.10120180674302308 -14.612151521122449
0.1012260041942249 -14.609363195621496
0.1012502016454267 -14.606574884107685
0.1012743990966285 -14.603786586587049
0.1012985965478303 -14.600998303065603
0.10132279399903212 -14.598210033549394
0.10134699145023393 -14.59542177804444
0.10137118890143573 -14.592633536556775
0.10139538635263753 -14.58984530909243
0.10141958380383934 -14.587057095657437
0.10144378125504114 -14.584268896257832
0.10146797870624295 -14.58148071089965
0.10149217615744477 -14.578692539588912
0.10151637360864657 -14.57590438233167
0.10154057105984837 -14.573116239133956
0.10156476851105017 -14.570328110001798
0.10158896596225199 -14.567539994941251
0.1016131634134538 -14.56475189395833
0.10163736086465561 -14.561963807059099
0.10166155831585741 -14.559175734249584
0.10168575576705921 -14.556387675535825
0.10170995321826101 -14.55359963092387
0.10173415066946283 -14.55081160041976
0.10175834812066464 -14.548023584029544
0.10178254557186645 -14.54523558175925
0.10180674302306825 -14.542447593614927
0.10183094047427005 -14.539659619602645
0.10185513792547186 -14.53687165972842
0.10187933537667368 -14.534083713998312
0.10190353282787548 -14.531295782418372
0.10192773027907728 -14.528507864994642
0.10195192773027908 -14.525719961733182
0.10197612518148089 -14.522932072640037
0.1020003226326827 -14.520144197721246
0.10202452008388452 -14.517356336982882
0.10204871753508632 -14.514568490430982
0.10207291498628812 -14.511780658071617
0.10209711243748992 -14.508992839910821
0.10212130988869174 -14.506205035954661
0.10214550733989354 -14.503417246209201
0.10216970479109536 -14.50062947068048
0.10219390224229716 -14.49784170937456
0.10221809969349896 -14.49505396229751
0.10224229714470076 -14.492266229455385
0.10226649459590258 -14.489478510854243
0.10229069204710439 -14.486690806500135
0.1023148894983062 -14.483903116399151
0.102339086949508 -14.481115440557321
0.1023632844007098 -14.478327778980734
0.10238748185191161 -14.475540131675436
0.10241167930311341 -14.472752498647504
0.10243587675431523 -14.469964879902998
0.10246007420551703 -14.46717727544799
0.10248427165671883 -14.464389685288541
0.10250846910792064 -14.461602109430727
0.10253266655912245 -14.4588145478806
0.10255686401032427 -14.45602700064425
0.10258106146152607 -14.453239467727737
0.10260525891272787 -14.45045194913714
0.10262945636392967 -14.447664444878525
0.10265365381513149 -14.444876954957966
0.10267785126633329 -14.442089479381533
0.1027020487175351 -14.439302018155308
0.1027262461687369 -14.436514571285366
0.10275044361993871 -14.433727138777792
0.10277464107114051 -14.430939720638639
0.10279883852234233 -14.428152316874002
0.10282303597354414 -14.425364927489952
0.10284723342474594 -14.422577552492578
0.10287143087594774 -14.419790191887959
0.10289562832714955 -14.417002845682175
0.10291982577835136 -14.414215513881299
0.10294402322955316 -14.411428196491423
0.10296822068075498 -14.408640893518632
0.10299241813195678 -14.405853604969005
0.10301661558315858 -14.403066330848626
0.10304081303436038 -14.400279071163588
0.1030650104855622 -14.397491825919978
0.10308920793676402 -14.394704595123875
0.10311340538796582 -14.391917378781377
0.10313760283916762 -14.389130176898572
0.10316180029036942 -14.386342989481545
0.10318599774157124 -14.383555816536386
0.10321019519277304 -14.380768658069199
0.10323439264397485 -14.377981514086061
0.10325859009517666 -14.375194384593083
0.10328278754637846 -14.372407269596344
0.10330698499758026 -14.369620169101946
0.10333118244878207 -14.366833083115985
0.10335537989998389 -14.364046011644557
0.10337957735118569 -14.361258954693756
0.1034037748023875 -14.358471912269687
0.1034279722535893 -14.35568488437845
0.10345216970479111 -14.352897871026135
0.10347636715599291 -14.350110872218854
0.10350056460719473 -14.347323887962702
0.10352476205839653 -14.344536918263783
0.10354895950959833 -14.341749963128208
0.10357315696080013 -14.338963022562075
0.10359735441200195 -14.33617609657148
0.10362155186320376 -14.333389185162545
0.10364574931440557 -14.330602288341362
0.10366994676560737 -14.327815406114059
0.10369414421680917 -14.325028538486723
0.10371834166801099 -14.322241685465475
0.10374253911921279 -14.319454847056418
0.1037667365704146 -14.31666802326567
0.1037909340216164 -14.31388121409934
0.1038151314728182 -14.311094419563538
0.10383932892402001 -14.308307639664383
0.10386352637522182 -14.305520874407982
0.10388772382642364 -14.302734123800457
0.10391192127762544 -14.299947387847919
0.10393611872882724 -14.297160666556485
0.10396031618002904 -14.294373959932276
0.10398451363123086 -14.291587267981406
0.10400871108243266 -14.288800590710002
0.10403290853363448 -14.286013928124172
0.10405710598483628 -14.283227280230054
0.10408130343603808 -14.28044064703375
0.10410550088723988 -14.277654028541399
0.1041296983384417 -14.27486742475911
0.10415389578964351 -14.27208083569302
0.10417809324084532 -14.269294261349243
0.10420229069204712 -14.266507701733914
0.10422648814324892 -14.263721156853157
0.10425068559445072 -14.260934626713103
0.10427488304565254 -14.258148111319874
0.10429908049685435 -14.255361610679596
0.10432327794805615 -14.252575124798412
0.10434747539925796 -14.24978865368244
0.10437167285045976 -14.247002197337823
0.10439587030166157 -14.244215755770686
0.10442006775286339 -14.24142932898716
0.10444426520406519 -14.23864291699339
0.10446846265526699 -14.2358565197955
0.1044926601064688 -14.233070137399633
0.1045168575576706 -14.230283769811926
0.10454105500887241 -14.227497417038515
0.10456525246007423 -14.22471107908553
0.10458944991127603 -14.221924755959126
0.10461364736247783 -14.219138447665436
0.10463784481367963 -14.216352154210599
0.10466204226488145 -14.213565875600755
0.10468623971608326 -14.210779611842055
0.10471043716728506 -14.207993362940632
0.10473463461848687 -14.205207128902636
0.10475883206968867 -14.202420909734222
0.10478302952089047 -14.19963470544152
0.10480722697209229 -14.196848516030686
0.1048314244232941 -14.19406234150786
0.1048556218744959 -14.191276181879202
0.1048798193256977 -14.188490037150853
0.1049040167768995 -14.185703907328964
0.10492821422810132 -14.182917792419687
0.10495241167930312 -14.18013169242918
0.10497660913050494 -14.177345607363591
0.10500080658170674 -14.174559537229069
0.10502500403290854 -14.171773482031774
0.10504920148411034 -14.168987441777869
0.10507339893531216 -14.166201416473491
0.10509759638651398 -14.163415406124813
0.10512179383771578 -14.16062941073799
0.10514599128891758 -14.15784343031918
0.10517018874011938 -14.155057464874538
0.1051943861913212 -14.152271514410224
0.105218583642523 -14.149485578932412
0.10524278109372481 -14.14669965844725
0.10526697854492661 -14.143913752960913
0.10529117599612842 -14.141127862479555
0.10531537344733022 -14.138341987009344
0.10533957089853203 -14.135556126556446
0.10536376834973385 -14.132770281127035
0.10538796580093565 -14.129984450727266
0.10541216325213745 -14.12719863536331
0.10543636070333925 -14.124412835041346
0.10546055815454107 -14.12162704976753
0.10548475560574287 -14.118841279548043
0.10550895305694469 -14.116055524389052
0.10553315050814649 -14.113269784296733
0.10555734795934829 -14.110484059277255
0.10558154541055009 -14.107698349336792
0.10560574286175191 -14.10512039290544
0.10562994031295372 -14.103210008378273
0.10565413776415553 -14.101299627453031
0.10567833521535733 -14.099389250134235
0.10570253266655913 -14.097478876426399
0.10572673011776094 -14.095568506334049
0.10575092756896275 -14.093658139861702
0.10577512502016456 -14.091747777013879
0.10579932247136636 -14.089837417795104
0.10582351992256817 -14.087927062209896
0.10584771737376997 -14.086016710262783
0.10587191482497178 -14.084106361958282
0.1058961122761736 -14.08219601730092
0.1059203097273754 -14.080285676295224
0.1059445071785772 -14.078375338945712
0.105968704629779 -14.076465005256921
0.10599290208098082 -14.074554675233365
0.10601709953218262 -14.072891703550729
0.10604129698338444 -14.071331407446968
0.10606549443458624 -14.069771110779858
0.10608969188578804 -14.068210813553002
0.10611388933698984 -14.066650515770032
0.10613808678819166 -14.06509021743458
0.10616228423939347 -14.06352991855025
0.10618648169059527 -14.061969619120683
0.10621067914179708 -14.060409319149505
0.10623487659299888 -14.05884901864033
0.1062590740442007 -14.057288717596782
0.1062832714954025 -14.055728416022504
0.10630746894660431 -14.054168113921097
0.10633166639780611 -14.052607811296213
0.10635586384900791 -14.051047508151461
0.10638006130020972 -14.049487204490475
0.10640425875141153 -14.047926912176623
0.10642845620261335 -14.04636667487847
0.10645265365381515 -14.044806437074167
0.10647685110501695 -14.043246198767338
0.10650104855621875 -14.041685959961619
0.10652524600742057 -14.040125720660638
0.10654944345862237 -14.03856548086803
0.10657364090982419 -14.037005240587415
0.10659783836102599 -14.035444999822428
0.10662203581222779 -14.033884758576702
0.10664623326342959 -14.03232451685387
0.1066704307146314 -14.030764274657558
0.10669462816583322 -14.029204031991396
0.10671882561703502 -14.027643788859029
0.10674302306823683 -14.026083545264077
0.10676722051943863 -14.024523301210182
0.10679141797064044 -14.022963056700972
0.10681561542184224 -14.021402811740083
0.10683981287304406 -14.019842566331153
0.10686401032424586 -14.018282320477816
0.10688820777544766 -14.016722074183699
0.10691240522664947 -14.015161827452449
0.10693660267785128 -14.013601580287697
0.1069608001290531 -14.012041332693073
0.1069849975802549 -14.010481084672229
0.1070091950314567 -14.008920836228794
0.1070333924826585 -14.007360587366401
0.1070575899338603 -14.005800338088697
0.10708178738506212 -14.004240088399314
0.10710598483626393 -14.00267983830189
0.10713018228746574 -14.001119587800073
0.10715437973866754 -13.999559336897496
0.10717857718986934 -13.997999085597801
0.10720277464107116 -13.996438833904627
0.10722697209227297 -13.994878581821615
0.10725116954347477 -13.993318329352409
0.10727536699467657 -13.991758076500647
0.10729956444587838 -13.990197823269975
0.10732376189708018 -13.988637569664032
0.107347959348282 -13.987077315686467
0.10737215679948381 -13.98551706134091
0.10739635425068561 -13.98395680663102
0.10742055170188741 -13.982396551560436
0.10744474915308921 -13.980836296132797
0.10746894660429103 -13.979276040351754
0.10749314405549285 -13.977715784220948
0.10751734150669465 -13.976155527744034
0.10754153895789645 -13.974595270924642
0.10756573640909825 -13.973035013766435
0.10758993386030005 -13.971474756273054
0.10761413131150187 -13.969914498448139
0.10763832876270368 -13.96835424029534
0.10766252621390549 -13.96679398181832
0.10768672366510729 -13.965233723020717
0.10771092111630909 -13.963673463906177
0.1077351185675109 -13.962113204478351
0.1077593160187127 -13.960552944740947
0.10778351346991452 -13.958992684698758
0.10780771092111632 -13.95743242435424
0.10783190837231812 -13.95587216371101
0.10785610582351993 -13.954311902772753
0.10788030327472174 -13.952751641543092
0.10790450072592356 -13.951191380025698
0.10792869817712536 -13.949631118224216
0.10795289562832716 -13.948070856142307
0.10797709307952896 -13.946510593783614
0.10800129053073078 -13.944950327559344
0.10802548798193258 -13.943389997300088
0.1080496854331344 -13.941829666775808
0.1080738828843362 -13.94026933599018
0.108098080335538 -13.93870900494686
0.1081222777867398 -13.93714867364949
0.10814647523794162 -13.935588342101736
0.10817067268914343 -13.934028010307259
0.10819487014034523 -13.932467678269708
0.10821906759154704 -13.930907345992745
0.10824326504274884 -13.929347013480024
0.10826746249395065 -13.92778668073521
0.10829165994515245 -13.926226347761963
0.10831585739635427 -13.924666014563925
0.10834005484755607 -13.923105681144783
0.10836425229875787 -13.92154534750818
0.10838844974995968 -13.919985013657783
0.10841264720116149 -13.918424714799649
0.1084368446523633 -13.916864447883562
0.10846104210356511 -13.915304180763847
0.10848523955476691 -13.913743913444183
0.10850943700596871 -13.91218364592822
0.10853363445717053 -13.910623378219626
0.10855783190837233 -13.909063110322055
0.10858202935957414 -13.907502842239184
0.10860622681077595 -13.905942573974666
0.10863042426197775 -13.904382305532181
0.10865462171317955 -13.902822036915381
0.10867881916438137 -13.901261768127934
0.10870301661558318 -13.8997014991735
0.10872721406678498 -13.898141230055764
0.10875141151798678 -13.896580960778376
0.10877560896918859 -13.89502069134501
0.1087998064203904 -13.893460421759332
0.1088240038715922 -13.89190015202501
0.10884820132279402 -13.890339882145712
0.10887239877399582 -13.888779612125106
0.10889659622519762 -13.887219341966864
0.10892079367639942 -13.885659071674652
0.10894499112760124 -13.884098801252145
0.10896918857880306 -13.882538530703009
0.10899338603000486 -13.880978260030918
0.10901758348120666 -13.879417989239542
0.10904178093240846 -13.877857718332555
0.10906597838361028 -13.876297447313624
0.10909017583481208 -13.874737176186429
0.1091143732860139 -13.873176904954637
0.1091385707372157 -13.87161663362193
0.1091627681884175 -13.870056362191963
0.1091869656396193 -13.868496090668435
0.10921116309082111 -13.866935819055007
0.10923536054202293 -13.865375547355347
0.10925955799322473 -13.863815275573149
0.10928375544442653 -13.862255003712082
0.10930795289562834 -13.860694731775814
0.10933215034683015 -13.859134459768025
0.10935634779803195 -13.857574187692395
0.10938054524923377 -13.856013915552609
0.10940474270043557 -13.854453643352334
0.10942894015163737 -13.85289337109526
0.10945313760283917 -13.85133309878505
0.10947733505404099 -13.849772826425399
0.1095015325052428 -13.848212554019975
0.1095257299564446 -13.846652281572467
0.10954992740764641 -13.84509200908655
0.10957412485884821 -13.843531736565907
0.10959832231005003 -13.841971464014222
0.10962251976125183 -13.840411128772237
0.10964671721245364 -13.838850788839055
0.10967091466365544 -13.837290448886698
0.10969511211485725 -13.835730108918845
0.10971930956605905 -13.834169768939171
0.10974350701726086 -13.832609428951372
0.10976770446846268 -13.831049088811985
0.10979190191966448 -13.829488748819031
0.10981609937086628 -13.827928408829008
0.10984029682206808 -13.826368068845591
0.10986449427326989 -13.82480772887248
0.1098886917244717 -13.823247388913348
0.10991288917567352 -13.821687048971896
0.10993708662687532 -13.820126709051799
0.10996128407807712 -13.81856636915675
0.10998548152927892 -13.817006029290445
0.11000967898048074 -13.815445716386446
0.11003387643168255 -13.813885443912818
0.11005807388288436 -13.81232517147818
0.11008227133408616 -13.810764899086223
0.11010646878528796 -13.809204626740636
0.11013066623648976 -13.807644354445108
0.11015486368769158 -13.80608408220333
0.11017906113889339 -13.804523810018997
0.1102032585900952 -13.80296353789581
0.110227456041297 -13.801403265837445
0.1102516534924988 -13.799842993847607
0.11027585094370061 -13.798282721929978
0.11030004839490243 -13.796722450088266
0.11032424584610423 -13.795162178326155
0.11034844329730603 -13.793601906647353
0.11037264074850783 -13.792041635055542
0.11039683819970963 -13.790481363554422
0.11042103565091145 -13.78892109214769
0.11044523310211327 -13.787360820839044
0.11046943055331507 -13.78580054963218
0.11049362800451687 -13.784240278530794
0.11051782545571867 -13.782680007538584
0.11054202290692049 -13.781119736659255
0.11056622035812229 -13.7795594658965
0.1105904178093241 -13.777999195254019
0.1106146152605259 -13.776438924735512
0.11063881271172771 -13.774878654344683
0.11066301016292951 -13.773318384085226
0.11068720761413132 -13.771758113960843
0.11071140506533314 -13.77019784397524
0.11073560251653494 -13.768637574132123
0.11075979996773674 -13.767077304435185
0.11078399741893855 -13.765517034888136
0.11080819487014036 -13.763956765494667
0.11083239232134216 -13.762396496258502
0.11085658977254398 -13.76083622718333
0.11088078722374578 -13.759275958272852
0.11090498467494758 -13.757715689530793
0.11092918212614938 -13.756155420960841
0.1109533795773512 -13.754595152566703
0.11097757702855301 -13.753034884352099
0.11100177447975482 -13.751474616320722
0.11102597193095662 -13.749914348476285
0.11105016938215842 -13.748354080822498
0.11107436683336024 -13.746793813363062
0.11109856428456204 -13.745233546101693
0.11112276173576385 -13.743673279042097
0.11114695918696565 -13.742113012187984
0.11117115663816746 -13.740552745543065
0.11119535408936926 -13.738992479111046
0.11121955154057107 -13.735648219291098
0.11124374899177289 -13.731880068447497
0.11126794644297469 -13.728111948835858
0.11129214389417649 -13.724343860463163
0.1113163413453783 -13.720575803336404
0.11134053879658011 -13.716807777462561
0.11136473624778191 -13.71303978284863
0.11138893369898373 -13.709271819501604
0.11141313115018553 -13.705503887428474
0.11143732860138733 -13.701735986636237
0.11146152605258913 -13.697968117131893
0.11148572350379095 -13.694200278922432
0.11150992095499276 -13.690432472014866
0.11153411840619457 -13.68666469641619
0.11155831585739637 -13.682896952133408
0.11158251330859817 -13.679129239173532
0.11160671075979998 -13.674545262150058
0.11163090821100179 -13.667834273349753
0.1116551056622036 -13.661123369600528
0.1116793031134054 -13.654412550899355
0.1117035005646072 -13.647701817243208
0.11172769801580901 -13.640991168629055
0.11175189546701082 -13.634280605053899
0.11177609291821264 -13.62757012651473
0.11180029036941444 -13.620859733008569
0.11182448782061624 -13.614149424532426
0.11184868527181804 -13.607439201083325
0.11187288272301986 -13.600729062658298
0.11189708017422166 -13.594019009254385
0.11192127762542348 -13.587309040868648
0.11194547507662528 -13.580599157498133
0.11196967252782708 -13.573889359139923
0.11199386997902888 -13.567179645791072
0.1120180674302307 -13.56046996721016
0.11204226488143251 -13.553760356588784
0.11206646233263431 -13.54705083096945
0.11209065978383612 -13.540341390349257
0.11211485723503792 -13.53363203472533
0.11213905468623973 -13.526922764094788
0.11216325213744154 -13.520213578454774
0.11218744958864335 -13.513504477802432
0.11221164703984515 -13.506795462134912
0.11223584449104695 -13.500086531449373
0.11226004194224876 -13.493377685742985
0.11228423939345057 -13.486668925012928
0.11230843684465239 -13.47996024925639
0.11233263429585419 -13.473251658470563
0.11235683174705599 -13.466543152652653
0.11238102919825779 -13.459834731799873
0.11240522664945961 -13.453126410440337
0.11242942410066141 -13.446418226781333
0.11245362155186323 -13.439710128077763
0.11247781900306503 -13.43300211432688
0.11250201645426683 -13.42629418552594
0.11252621390546864 -13.419586341672193
0.11255041135667045 -13.412878582762932
0.11257460880787225 -13.406170908795422
0.11259880625907406 -13.399463319766959
0.11262300371027587 -13.392755815674839
0.11264720116147767 -13.386048396516363
0.11267139861267948 -13.379341062288857
0.11269559606388128 -13.372633812989639
0.11271979351508309 -13.365926648616037
0.1127439909662849 -13.359219569165393
0.1127681884174867 -13.35251257463506
0.11279238586868852 -13.345805665022379
0.11281658331989032 -13.339098840324745
0.11284078077109212 -13.332392100539515
0.11286497822229394 -13.32568544566406
0.11288917567349574 -13.318978875695795
0.11291337312469754 -13.31227239063211
0.11293757057589936 -13.305565990470402
0.11296176802710116 -13.298859675208107
0.11298596547830296 -13.292153444842633
0.11301016292950478 -13.285447299371423
0.11303436038070658 -13.278741238791921
0.1130585578319084 -13.272035263101568
0.1130827552831102 -13.265329372297836
0.113106952734312 -13.258623566378178
0.11313115018551381 -13.251917845340078
0.11315534763671561 -13.245212209181023
0.11317954508791742 -13.238506657898501
0.11320374253911923 -13.231801181088674
0.11322793999032103 -13.225095732302506
0.11325213744152283 -13.21839036838676
0.11327633489272465 -13.211685089338976
0.11330053234392645 -13.204979895156686
0.11332472979512827 -13.198274785837425
0.11334892724633007 -13.191569761378757
0.11337312469753187 -13.184864821778241
0.11339732214873369 -13.178159967033434
0.11342151959993549 -13.171455197141926
0.11344571705113729 -13.1647505121013
0.1134699145023391 -13.158045911909134
0.11349411195354091 -13.151341396563057
0.11351830940474271 -13.144636966060663
0.11354250685594452 -13.137932620399571
0.11356670430714633 -13.131228359577415
0.11359090175834813 -13.12452418359183
0.11361509920954994 -13.117820134397222
0.11363929666075175 -13.111116195315022
0.11366349411195356 -13.104412341060993
0.11368769156315536 -13.097708571632799
0.11371188901435716 -13.091004887028124
0.11373608646555898 -13.084301287244644
0.11376028391676078 -13.07759777228007
0.11378448136796258 -13.070894342132092
0.1138086788191644 -13.064190996798432
0.1138328762703662 -13.057487736276814
0.113857073721568 -13.050784560564962
0.11388127117276982 -13.044081469660604
0.11390546862397162 -13.037378463561508
0.11392966607517344 -13.030675542265405
0.11395386352637524 -13.023972705770085
0.11397806097757704 -13.0172699540733
0.11400225842877885 -13.010567280898265
0.11402645587998066 -13.003864631565119
0.11405065333118246 -12.997162067025233
0.11407485078238427 -12.990459587276415
0.11409904823358608 -12.983757192316483
0.11412324568478788 -12.977054882143257
0.11414744313598969 -12.970352656754553
0.1141716405871915 -12.96365051614823
0.11419583803839331 -12.956948460322119
0.11422003548959511 -12.95024648927409
0.11424423294079691 -12.94354460300199
0.11426843039199873 -12.936842801503701
0.11429262784320053 -12.930141084777105
0.11431682529440233 -12.923439452820089
0.11434102274560415 -12.91673790563054
0.11436522019680595 -12.910036443206387
0.11438941764800775 -12.903335065545523
0.11441361509920957 -12.896633810466085
0.11443781255041137 -12.889932669540547
0.11446201000161318 -12.883231613370738
0.11448620745281499 -12.87653064195462
0.11451040490401679 -12.869829755290146
0.1145346023552186 -12.863128953375274
0.1145587998064204 -12.856428236207982
0.11458299725762221 -12.849727603786258
0.11460719470882402 -12.843027056108083
0.11463139216002582 -12.83632659317146
0.11465558961122763 -12.829626214974393
0.11467978706242944 -12.822925921514896
0.11470398451363124 -12.816225712791002
0.11472818196483306 -12.809525588800732
0.11475237941603486 -12.802825549542133
0.11477657686723666 -12.796125595013255
0.11480077431843848 -12.78942572306158
0.11482497176964028 -12.782725870781803
0.11484916922084208 -12.776026103227295
0.1148733666720439 -12.769326420396121
0.1148975641232457 -12.762626822286387
0.1149217615744475 -12.75592730889619
0.11494595902564932 -12.749227880223629
0.11497015647685112 -12.742528536266823
0.11499435392805292 -12.7358292770239
0.11501855137925474 -12.729130102492983
0.11504274883045654 -12.72243101267222
0.11506694628165835 -12.715732007559753
0.11509114373286015 -12.709033087153747
0.11511534118406196 -12.702334251452374
0.11513953863526377 -12.69563550045379
0.11516373608646557 -12.688936834156188
0.11518793353766738 -12.682238252557752
0.11521213098886919 -12.675539789343167
0.11523632844007099 -12.668841444330448
0.1152605258912728 -12.662143184010182
0.11528472334247461 -12.655445008380585
0.11530892079367641 -12.648746917439897
0.11533311824487823 -12.642048911186357
0.11535731569608003 -12.635350989618223
0.11538151314728183 -12.628653152733738
0.11540571059848365 -12.621955400531172
0.11542990804968545 -12.615257733008814
0.11545410550088725 -12.608560150164932
0.11547830295208907 -12.60186265199782
0.11550250040329087 -12.595165238505782
0.11552669785449267 -12.588467909687122
0.11555089530569448 -12.581770665540155
0.11557509275689629 -12.575073506063209
0.1155992902080981 -12.568376431254618
0.1156234876592999 -12.56167944111272
0.1156476851105017 -12.554982535635862
0.11567188256170352 -12.54828571482241
0.11569608001290532 -12.54158897867073
0.11572027746410712 -12.534892327179188
0.11574447491530894 -12.528195760346174
0.11576867236651074 -12.521499278170072
0.11579286981771254 -12.51480288064929
0.11581706726891436 -12.50810656778223
0.11584126472011616 -12.501410339567315
0.11586546217131798 -12.494714196002963
0.11588965962251978 -12.48801813708761
0.11591385707372158 -12.4813221628197
0.1159380545249234 -12.474626273197666
0.1159622519761252 -12.467930468219986
0.115986449427327 -12.461234747885124
0.11601064687852881 -12.454539082635986
0.11603484432973062 -12.447843464411436
0.11605904178093242 -12.441147930826476
0.11608323923213423 -12.434452481879607
0.11610743668333603 -12.427757117569335
0.11613163413453785 -12.421061837894177
0.11615583158573965 -12.414366642852665
0.11618002903694145 -12.407671532443311
0.11620422648814327 -12.400976506664676
0.11622842393934507 -12.394281565515302
0.11625262139054687 -12.38758670899374
0.11627681884174869 -12.380891937098562
0.11630101629295049 -12.37419724982834
0.11632521374415229 -12.367502647181656
0.11634941119535411 -12.360808129157098
0.11637360864655591 -12.354113695753275
0.11639780609775771 -12.34741934696878
0.11642200354895953 -12.27954757102809
0.11644620100016133 -12.205580429940712
0.11647039845136314 -12.13161791527213
0.11649459590256495 -12.057660000202103
0.11651879335376675 -11.983706657972661
0.11654299080496856 -11.909757861887819
0.11656718825617036 -11.83581358531319
0.11659138570737217 -11.761873801675348
0.11661558315857398 -11.687938484461455
0.11663978060977578 -11.614007607218982
0.11666397806097759 -11.54008114355499
0.1166881755121794 -11.466159067135816
0.1167123729633812 -11.392241351686767
0.11673657041458302 -11.318327970991387
0.11676076786578482 -11.244418898891352
0.11678496531698662 -11.170514109285762
0.11680916276818844 -11.077524203661063
0.11683336021939024 -10.953220562623931
0.11685755767059204 -10.828927920797852
0.11688175512179386 -10.70464615557699
0.11690595257299566 -10.580375144775697
0.11693015002419746 -10.456114766622482
0.11695434747539928 -10.331864899754684
0.11697854492660108 -10.207625423213186
0.11700274237780289 -10.083396216436437
0.1170269398290047 -9.959177159255603
0.1170511372802065 -9.834968131888663
0.11707533473140831 -9.710769014935266
0.11709953218261011 -9.58657968937161
0.11712372963381192 -9.462400036544764
0.11714792708501373 -9.338229938167578
0.11717212453621553 -9.214069276313696
0.11719632198741733 -9.089917933411952
0.11722051943861915 -8.96577579224141
0.11724471688982095 -8.841642735926463
0.11726891434102277 -8.717518647931241
0.11729311179222457 -8.593403412055121
0.11731730924342637 -8.469296912427183
0.11734150669462819 -8.345199033501446
0.11736570414582999 -8.221109660052099
0.11738990159703179 -8.09702867716812
0.1174140990482336 -7.972955970248603
0.11743829649943541 -7.848891424998055
0.11746249395063721 -7.724834927421125
0.11748669140183902 -7.600786363817986
0.11751088885304083 -7.4767456207797425
0.11753508630424264 -7.3527125851831485
0.11755928375544444 -7.228687144186424
0.11758348120664625 -7.104669185224034
0.11760767865784806 -6.980658596002181
0.11763187610904986 -6.856655264494363
0.11765607356025166 -6.73265907893627
0.11768027101145348 -6.608669927821365
0.11770446846265528 -6.4846876998964955
0.11772866591385708 -6.3607122841568735
0.1177528633650589 -6.236743569841724
0.1177770608162607 -6.11278144642995
0.1178012582674625 -5.988825803635179
0.11782545571866432 -5.864876531401482
0.11784965316986612 -5.7409335198990945
0.11787385062106794 -5.6169966595194545
0.11789804807226974 -5.493065840871339
0.11792224552347154 -5.3691409547759195
0.11794644297467335 -5.245221892262592
0.11797064042587516 -5.121308544564772
0.11799483787707696 -4.997400803115123
0.11801903532827877 -4.879623951510078
0.11804323277948058 -4.763513096368876
0.11806743023068238 -4.647406962530731
0.11809162768188419 -4.531305461252515
0.118115825133086 -4.415208503930365
0.11814002258428781 -4.299116002096107
0.11816422003548961 -4.183027867414708
0.11818841748669141 -4.066944011680746
0.11821261493789323 -3.9508643468155316
0.11823681238909503 -3.834788784864269
0.11826100984029683 -3.718717237992601
0.11828520729149865 -3.6026496184837766
0.11830940474270045 -3.486585838735829
0.11833360219390225 -3.3705258112581467
0.11835779964510407 -3.2544694486686705
0.11838199709630587 -3.1384166636910926
0.11840619454750768 -3.027348260397691
0.11843039199870949 -2.9307584270227633
0.11845458944991129 -2.8341710641469233
0.1184787869011131 -2.7375861217199806
0.1185029843523149 -2.641003549737946
0.1185271818035167 -2.5444232982415205
0.11855137925471852 -2.447845317315076
0.11857557670592032 -2.351269557085649
0.11859977415712213 -2.2546959677214233
0.11862397160832394 -2.15812449943073
0.11864816905952574 -2.0615551024610372
0.11867236651072756 -1.9649877270973881
0.11869656396192936 -1.868422323661685
0.11872076141313116 -1.7718588425111266
0.11874495886433298 -1.6752972340372125
0.11876915631553478 -1.5787374486647416
0.11879335376673658 -1.4821794368503243
0.1188175512179384 -1.385623197563579
0.1188417486691402 -1.2890686511972254
0.118865946120342 -1.192515729937645
0.11889014357154382 -1.0959643843578588
0.11891434102274562 -0.9994145650572429
0.11893853847394743 -0.9028662226599817
0.11896273592514924 -0.8063193078143659
0.11898693337635104 -0.7097737711912482
0.11901113082755285 -0.613229563483061
0.11903532827875465 -0.5166866354028344
0.11905952572995646 -0.4201449376827146
0.11908372318115827 -0.32360442107298226
0.11910792063236007 -0.2270650363410736
0.11913211808356187 -0.130526734270101
0.11915631553476369 -0.03398946565787542
0.11918051298596549 0.06254681868407322
0.1192047104371673 0.15371294834945406
0.11922890788836911 0.22266593957728922
0.11925310533957091 0.291618297683104
0.11927730279077273 0.3605700404539004
0.11930150024197453 0.42952118567302866
0.11932569769317633 0.49847175112067416
0.11934989514437815 0.5674217545739513
0.11937409259557995 0.6363712138069936
0.11939829004678175 0.7053201465914044
0.11942248749798356 0.7742685706963456
0.11944668494918537 0.8432165038886348
0.11947088240038717 0.9121639639331882
0.11949507985158898 0.9811109685931159
0.11951927730279079 1.0500575356298125
0.1195434747539926 1.1190036828034453
0.1195676722051944 1.1879494278728484
0.1195918696563962 1.25689478859601
0.11961606710759802 1.3014218076663595
0.11964026455879982 1.3335924737623455
0.11966446201000162 1.3657628902337822
0.11968865946120344 1.3979330587873195
0.11971285691240524 1.430102981129286
0.11973705436360704 1.4622726589658075
0.11976125181480886 1.494442094002755
0.11978544926601066 1.5266112879456921
0.11980964671721248 1.5587802425000137
0.11983384416841428 1.5909489593707962
0.11985804161961608 1.6231174402629354
0.1198822390708179 1.6552856868810946
0.1199064365220197 1.6874537009296542
0.1199306339732215 1.7196214841128241
0.11995483142442331 1.7517890381345964
0.11997902887562512 1.7839563646986938
0.12000322632682692 1.8161234565983675
0.12002742377802873 1.8482902665303964
0.12005162122923053 1.8804568541150128
0.12007581868043235 1.912623221055185
0.12010001613163415 1.9447893690536138
0.12012421358283595 1.9769552998128694
0.12014841103403777 2.009121015035335
0.12017260848523957 2.0412865164231606
0.12019680593644137 2.0734518056783755
0.12022100338764319 2.1056168845028402
0.12024520083884499 2.1377817545981888
0.12026939829004679 2.169946417665954
0.12029359574124861 2.202110875407508
0.12031779319245041 2.2342751295240153
0.12034199064365222 2.2664391817165663
0.12036618809485403 2.2986030336860312
0.12039038554605583 2.3307666871331976
0.12041458299725764 2.3629301840323924
0.12043878044845945 2.3950935123624255
0.12046297789966125 2.427256647271565
0.12048717535086306 2.459419590460091
0.12051137280206486 2.4915823436281146
0.12053557025326667 2.523744908475686
0.12055976770446848 2.5559072867027486
0.12058396515567028 2.5880694800090844
0.12060816260687209 2.62023149009443
0.1206323600580739 2.652393318658429
0.1206565575092757 2.684554967400575
0.12068075496047752 2.716716438020351
0.12070495241167932 2.7488777322170823
0.12072914986288112 2.7810388516900724
0.12075334731408294 2.8131997981385495
0.12077754476528474 2.84536057326162
0.12080174221648654 2.877521173946953
0.12082593966768836 2.9096815446911246
0.12085013711889016 2.941841749206931
0.12087433457009196 2.9740017891932857
0.12089853202129378 3.0061616663490605
0.12092272947249558 3.038321382373025
0.12094692692369739 3.070480938963985
0.1209711243748992 3.102640337820638
0.120995321826101 3.1347995806417095
0.12101951927730281 3.1669586691258966
0.12104371672850461 3.199117604971823
0.12106791417970642 3.231276389878149
0.12109211163090823 3.2634350255435276
0.12111630908211003 3.2955935136665433
0.12114050653331183 3.327751855945836
0.12116470398451365 3.3599100540800477
0.12118890143571545 3.3920681097675893
0.12121309888691727 3.4242260608823285
0.12123729633811907 3.4563839035987467
0.12126149378932087 3.488541608964792
0.12128569124052269 3.5206991786791884
0.12130988869172449 3.5528566144406373
0.12133408614292629 3.58501391794792
0.1213582835941281 3.61717109089986
0.1213824810453299 3.6493281349952658
0.12140667849653171 3.6814850519330484
0.12143087594773352 3.7136418434121636
0.12145507339893533 3.7457985111315693
0.12147927085013714 3.77795505679036
0.12150346830133894 3.8101114820876134
0.12152766575254074 3.842267788722533
0.12155186320374256 3.8744239783943963
0.12157606065494436 3.9065800528024983
0.12160025810614616 3.938736012933449
0.12162445555734798 3.970891795084981
0.12164865300854978 4.003047467071004
0.12167285045975158 4.035203030591209
0.1216970479109534 4.067358487345388
0.1217212453621552 4.099513839033375
0.12174544281335702 4.1316690873552
0.12176964026455882 4.163824234010914
0.12179383771576062 4.195979280700752
0.12181803516696244 4.228134229125061
0.12184223261816424 4.260289080984268
0.12186643006936604 4.292443837978977
0.12189062752056785 4.3245985018099296
0.12191482497176966 4.356753074177954
0.12193902242297146 4.388907556784069
0.12196321987417327 4.421061951329446
0.12198741732537507 4.453216259515359
0.12201161477657688 4.485370515121645
0.12203581222777869 4.517524722523426
0.1220600096789805 4.549678848670995
0.12208420713018231 4.581832895266357
0.12210840458138411 4.613986864011624
0.12213260203258591 4.646140756609132
0.12215679948378773 4.678294574761412
0.12218099693498953 4.710448320171119
0.12220519438619133 4.742601994541158
0.12222939183739315 4.77475559957463
0.12225358928859495 4.8069091369747845
0.12227778673979675 4.83906260844513
0.12230198419099857 4.871216015689387
0.12232618164220037 4.903369360411433
0.12235037909340218 4.93552264431544
0.12237457654460399 4.96767586910573
0.12239877399580579 4.99982903648691
0.1224229714470076 5.031982084716434
0.1224471688982094 5.064135075559979
0.1224713663494112 5.096288014109073
0.12249556380061302 5.128440902069271
0.12251976125181482 5.160593741146318
0.12254395870301663 5.192746533046269
0.12256815615421844 5.224899279475446
0.12259235360542024 5.25705198214037
0.12261655105662206 5.28920464274791
0.12264074850782386 5.321357263005139
0.12266494595902566 5.3535098446194525
0.12268914341022748 5.385662389298535
0.12271334086142928 5.417814898750298
0.12273753831263108 5.4499673746830055
0.1227617357638329 5.482119818805213
0.1227859332150347 5.5142722328257205
0.1228101306662365 5.538429529135546
0.12283432811743832 5.551485290974103
0.12285852556864012 5.5645409614026455
0.12288272301984193 5.577596540489831
0.12290692047104373 5.590652028304259
0.12293111792224554 5.603707424914539
0.12295531537344735 5.616762730389262
0.12297951282464915 5.629817944796975
0.12300371027585096 5.642873068206233
0.12302790772705277 5.655928100685568
0.12305210517825457 5.668983042303476
0.12307630262945637 5.682037893128453
0.12310050008065819 5.695092653228982
0.12312469753185999 5.7081473226735
0.12314889498306181 5.72120190153046
0.12317309243426361 5.734256389868263
0.12319728988546541 5.7473107877553185
0.12322148733666723 5.7575388666488605
0.12324568478786903 5.767410403614484
0.12326988223907083 5.7772818605055525
0.12329407969027265 5.787153237334459
0.12331827714147445 5.797024534113557
0.12334247459267625 5.806895750855219
0.12336667204387806 5.816766887571792
0.12339086949507987 5.8266379443241165
0.12341506694628167 5.83650892102757
0.12343926439748348 5.846379817742909
0.12346346184868529 5.856250634482419
0.1234876592998871 5.866121371258394
0.1235118567510889 5.875992028083101
0.1235360542022907 5.885862604968808
0.12356025165349252 5.895733101927766
0.12358444910469432 5.9056035189722
0.12360864655589612 5.915473879996464
0.12363284400709794 5.925344204082639
0.12365704145829974 5.935214448290655
0.12368123890950154 5.9450846126327015
0.12370543636070336 5.954954697120963
0.12372963381190516 5.964824701767591
0.12375383126310698 5.974694626584747
0.12377802871430878 5.984564471584564
0.12380222616551058 5.994434236779164
0.1238264236167124 6.004303922180676
0.1238506210679142 6.014173527801186
0.123874818519116 6.024043053652789
0.12389901597031781 6.033912499747571
0.12392321342151962 6.043781866097582
0.12394741087272142 6.053651152714882
0.12397160832392323 6.063520359611518
0.12399580577512503 6.073389486799505
0.12402000322632685 6.083258479043087
0.12404420067752865 6.093127380018071
0.12406839812873045 6.102996201320684
0.12409259557993227 6.112864942962915
0.12411679303113407 6.122733604956719
0.12414099048233587 6.132602187314053
0.12416518793353769 6.142470690046867
0.12418938538473949 6.152339113167075
0.12421358283594129 6.162207456686606
0.12423778028714311 6.1720757206173635
0.12426197773834491 6.181943904971231
0.12428617518954672 6.191812009760104
0.12431037264074853 6.201680034995836
0.12433457009195033 6.211547980690288
0.12435876754315214 6.221415846855314
0.12438296499435395 6.231283633502728
0.12440716244555575 6.241151340644357
0.12443135989675756 6.251018968292014
0.12445555734795936 6.260886516457483
0.12447975479916117 6.270753985152557
0.12450395225036298 6.280621374389004
0.12452814970156478 6.290488684178575
0.1245523471527666 6.300355914533027
0.1245765446039684 6.310223065464084
0.1246007420551702 6.320090136983472
0.12462493950637202 6.329957129102906
0.12464913695757382 6.339824041834074
0.12467333440877562 6.349690875188665
0.12469753185997744 6.35955762917836
0.12472172931117924 6.369424303814807
0.12474592676238104 6.37929089910966
0.12477012421358286 6.3891574150745605
0.12479432166478466 6.399023851721125
0.12481851911598646 6.40889020906097
0.12484271656718827 6.4187564871057
0.12486691401839008 6.428622685866894
0.12489111146959189 6.438488805356139
0.1249153089207937 6.448354845584989
0.1249395063719955 6.458220806564998
0.12496370382319731 6.468086688307712
0.12498790127439911 6.477952490824649
0.12501209872560093 6.487818214127333
0.12503629617680273 6.49768385822726
0.12506049362800453 6.507549423135924
0.12508469107920633 6.517414908864805
0.12510888853040814 6.527280315425372
0.12513308598160994 6.537145642829077
0.12515728343281177 6.5470108910873765
0.12518148088401357 6.556876060211676
0.12520567833521537 6.566741150213406
0.1252298757864172 6.576606161103989
0.125254073237619 6.586471092894792
0.1252782706888208 6.596335945597209
0.1253024681400226 6.606200719222612
0.1253266655912244 6.616065413782363
0.1253508630424262 6.625930029287798
0.125375060493628 6.635794565750263
0.1253992579448298 6.645659023181072
0.12542345539603164 6.655523401591553
0.12544765284723344 6.665387700992974
0.12547185029843524 6.675251921396639
0.12549604774963707 6.68511606281383
0.12552024520083888 6.694980125255789
0.12554444265204068 6.704844108733776
0.12556864010324248 6.714708013259027
0.12559283755444428 6.724571838842771
0.12561703500564608 6.73443558549622
0.12564123245684788 6.744299253230578
0.1256654299080497 6.754162842057031
0.12568962735925152 6.764026351986776
0.12571382481045332 6.773889783030949
0.12573802226165512 6.783753135200719
0.12576221971285695 6.793616408507239
0.12578641716405875 6.803479602961614
0.12581061461526055 6.813342718574974
0.12583481206646235 6.823205755358431
0.12585900951766416 6.833068713323071
0.12588320696886596 6.842931592479982
0.12590740442006776 6.85279439284023
0.12593160187126956 6.862657114414877
0.1259557993224714 6.872519757214977
0.1259799967736732 6.882382321251545
0.126004194224875 6.892244806535613
0.12602839167607682 6.9021072130782
0.12605258912727862 6.911969540890288
0.12607678657848043 6.9218317899828685
0.12610098402968223 6.931693960366923
0.12612518148088403 6.941556052053409
0.12614937893208583 6.95141806505328
0.12617357638328763 6.9612799993774725
0.12619777383448944 6.9711418550369135
0.12622197128569124 6.981003632042516
0.12624616873689307 6.990865330405204
0.12627036618809487 7.000726950135836
0.1262945636392967 7.0105884912453185
0.1263187610904985 7.020449953744496
0.1263429585417003 7.030311337644231
0.1263671559929021 7.040172642955375
0.1263913534441039 7.050033869688754
0.1264155508953057 7.059895060798265
0.1264397483465075 7.069756197228522
0.1264639457977093 7.07961725511323
0.1264881432489111 7.089478234463169
0.12651234070011294 7.099339135289126
0.12653653815131474 7.109199957601839
0.12656073560251657 7.119060701412077
0.12658493305371837 7.128921366730557
0.12660913050492018 7.138781953568019
0.12663332795612198 7.148642461935173
0.12665752540732378 7.15850289184272
0.12668172285852558 7.168363243301356
0.12670592030972738 7.1782235163217525
0.12673011776092918 7.18808371091458
0.12675431521213099 7.197943827090494
0.12677851266333282 7.207803864860143
0.12680271011453462 7.217663816750474
0.12682690756573645 7.227523630921118
0.12685110501693825 7.2373833667175385
0.12687530246814005 7.247243024150345
0.12689949991934185 7.257102603230118
0.12692369737054365 7.26696210396743
0.12694789482174546 7.276821526372837
0.12697209227294726 7.286680870456893
0.12699628972414906 7.296540136230128
0.12702048717535086 7.306399323703067
0.1270446846265527 7.3162584328862375
0.1270688820777545 7.326117463790115
0.12709307952895632 7.335976416425206
0.12711727698015812 7.345835290801974
0.12714147443135992 7.355694086930889
0.12716567188256173 7.365552804822404
0.12718986933376353 7.375411444486963
0.12721406678496533 7.385270005934992
0.12723826423616713 7.3951284891769165
0.12726246168736893 7.404986894223138
0.12728665913857073 7.414845221084048
0.12731085658977256 7.424703469770047
0.12733505404097437 7.434561640291477
0.1273592514921762 7.444419732658724
0.127383448943378 7.454277746882113
0.1274076463945798 7.464135682971991
0.1274318438457816 7.47399354093868
0.1274560412969834 7.483851320792495
0.1274802387481852 7.493709022543735
0.127504436199387 7.5035666462026915
0.1275286336505888 7.513424191779632
0.1275528311017906 7.523281659284837
0.12757702855299244 7.533139048728561
0.12760122600419424 7.542996360121027
0.12762542345539604 7.5528535934724745
0.12764962090659787 7.562710748793137
0.12767381835779967 7.5725678260932
0.12769801580900147 7.582424825382865
0.12772221326020328 7.59228174667232
0.12774641071140508 7.602138589971731
0.12777060816260688 7.611995355291264
0.12779480561380868 7.621852042641068
0.12781900306501048 7.631708652031281
0.1278432005162123 7.641565183472034
0.12786739796741411 7.651421636973416
0.12789159541861592 7.66127801254555
0.12791579286981775 7.671134310198534
0.12793999032101955 7.680990529942423
0.12796418777222135 7.690846671787289
0.12798838522342315 7.7007027357432
0.12801258267462495 7.713990160742832
0.12803678012582675 7.7304449906163395
0.12806097757702856 7.746899743637802
0.12808517502823036 7.763354419981452
0.1281093724794322 7.779809019821549
0.128133569930634 7.796263543332278
0.1281577673818358 7.812717990687882
0.12818196483303762 7.829172362062604
0.12820616228423942 7.845626657630616
0.12823035973544122 7.862080877566155
0.12825455718664303 7.878535022043415
0.12827875463784483 7.894989091236612
0.12830295208904663 7.911443085319937
0.12832714954024843 7.92789700446759
0.12835134699145023 7.944350848853759
0.12837554444265206 7.96080461865265
0.12839974189385386 7.977258314038416
0.12842393934505567 7.993711869082407
0.1284481367962575 8.01016534934874
0.1284723342474593 8.026618755724245
0.1284965316986611 8.043072088383113
0.1285207291498629 8.05952534749951
0.1285449266010647 8.0759785332476
0.1285691240522665 8.092431645801542
0.1285933215034683 8.108884685335495
0.1286175189546701 8.12533765202362
0.12864171640587194 8.141790546040085
0.12866591385707374 8.15824336755901
0.12869011130827554 8.174696116754557
0.12871430875947737 8.191148793800902
0.12873850621067917 8.207601398872148
0.12876270366188097 8.224053932142462
0.12878690111308277 8.240506393785989
0.12881109856428458 8.256958814623816
0.12883529601548638 8.273411200353852
0.12885949346668818 8.289863514979785
0.12888369091788998 8.306315758675757
0.1289078883690918 8.322767931615928
0.1289320858202936 8.339220033974398
0.12895628327149541 8.355672065925333
0.12898048072269724 8.372124027642894
0.12900467817389905 8.38857591930117
0.12902887562510085 8.40502774107433
0.12905307307630265 8.42147949313651
0.12907727052750445 8.437931175661848
0.12910146797870625 8.454382788824487
0.12912566542990805 8.470834332798573
0.12914986288110986 8.48728580775823
0.12917406033231169 8.503737213877631
0.1291982577835135 8.520188551330882
0.1292224552347153 8.53663975828338
0.12924665268591712 8.553090892106749
0.12927085013711892 8.5695419577861
0.12929504758832072 8.585992955495595
0.12931924503952252 8.602443885409388
0.12934344249072433 8.618894747701622
0.12936763994192613 8.635345542546439
0.12939183739312793 8.651796270117996
0.12941603484432973 8.668246930590435
0.12944023229553156 8.68469752413794
0.12946442974673336 8.70114805093462
0.12948862719793516 8.717598511154646
0.129512824649137 8.734048904972218
0.1295370221003388 8.750499232561435
0.1295612195515406 8.766949494096497
0.1295854170027424 8.783399689751569
0.1296096144539442 8.799849846251504
0.129633811905146 8.816299977491523
0.1296580093563478 8.832750043374395
0.1296822068075496 8.849200044074298
0.12970640425875143 8.865649979765434
0.12973060170995324 8.882099850621959
0.12975479916115504 8.898549656818084
0.12977899661235687 8.914999398528025
0.12980319406355867 8.931449075925945
0.12982739151476047 8.947898689186067
0.12985158896596227 8.9643482384826
0.12987578641716407 8.980797723989758
0.12989998386836588 8.997247145881754
0.12992418131956768 9.013696504332817
0.12994837877076948 9.030145799517165
0.1299725762219713 9.046595031609057
0.1299967736731731 9.063044200782688
0.1300209711243749 9.079493249297297
0.13004516857557674 9.095942226331845
0.13006936602677854 9.11239114097052
0.13009356347798035 9.128839993387594
0.13011776092918215 9.145288783757323
0.13014195838038395 9.161737512253973
0.13016615583158575 9.17818617905182
0.13019035328278755 9.194634784325146
0.13021455073398935 9.211083328248218
0.13023874818519118 9.227531810995352
0.13026294563639298 9.243980232740808
0.1302871430875948 9.260428593658899
0.13031134053879662 9.276876893923962
0.13033553798999842 9.293325133710267
0.13035973544120022 9.309773313192158
0.13038393289240202 9.326221432543958
0.13040813034360382 9.342669514394188
0.13043232779480562 9.359117580836998
0.13045652524600743 9.375565587673123
0.13048072269720923 9.392013535076936
0.13050492014841106 9.40846142322281
0.13052911759961286 9.424909252285094
0.13055331505081466 9.441357022438181
0.1305775125020165 9.457804733856484
0.1306017099532183 9.474252386714369
0.1306259074044201 9.490699981186257
0.1306501048556219 9.507147517446562
0.1306743023068237 9.523594995669713
0.1306984997580255 9.54004241603014
0.1307226972092273 9.556489778702277
0.1307468946604291 9.572937083860587
0.13077109211163093 9.589384331679542
0.13079528956283273 9.60583152233357
0.13081948701403454 9.622278655997167
0.13084368446523637 9.638725732844847
0.13086788191643817 9.655172753051051
0.13089207936763997 9.671619716790323
0.13091627681884177 9.688066624237162
0.13094047427004357 9.7045134755661
0.13096467172124537 9.720960270951675
0.13098886917244718 9.737407010568427
0.13101306662364898 9.753853694590914
0.1310372640748508 9.770300323193723
0.1310614615260526 9.786746896551382
0.1310856589772544 9.803193414838503
0.13110985642845624 9.819639878229708
0.13113405387965804 9.836086286899558
0.13115825133085984 9.852532641022695
0.13118244878206164 9.868978940773752
0.13120664623326345 9.885425167970123
0.13123084368446525 9.901871292666037
0.13125504113566705 9.918317363513388
0.13127923858686885 9.93476338068685
0.13130343603807068 9.951209344361118
0.13132763348927248 9.967655254710866
0.13135183094047428 9.984101111910809
0.13137602839167611 10.000546916135693
0.13140022584287792 10.016992667560217
0.13142442329407972 10.033438366359139
0.13144862074528152 10.04988401270722
0.13147281819648332 10.066329606779226
0.13149701564768512 10.082775148749947
0.13152121309888692 10.099220638794183
0.13154541055008873 10.115666077086736
0.13156960800129056 10.132111463802453
0.13159380545249236 10.148556799116122
0.13161800290369416 10.16500213293046
0.131642200354896 10.181447432803568
0.1316663978060978 10.197892681799694
0.1316905952572996 10.214337880093758
0.1317147927085014 10.230783027860664
0.1317389901597032 10.247228125275331
0.131763187610905 10.263673172512702
0.1317873850621068 10.280118169747716
0.1318115825133086 10.296563117155344
0.1318357799645104 10.313008014910563
0.13185997741571223 10.329452863188392
0.13188417486691403 10.34589766216379
0.13190837231811586 10.36234241201183
0.13193256976931766 10.378787112907508
0.13195676722051947 10.395231765025896
0.13198096467172127 10.411676368542064
0.13200516212292307 10.428120909371396
0.13202935957412487 10.444565349365737
0.13205355702532667 10.461009741282652
0.13207775447652848 10.47745408529728
0.13210195192773028 10.493898381584765
0.1321261493789321 10.510342630320288
0.1321503468301339 10.526786831678987
0.13217454428133574 10.543230985836088
0.13219874173253754 10.559675092966772
0.13222293918373934 10.576119153246283
0.13224713663494114 10.592563166849867
0.13227133408614294 10.609007133952785
0.13229553153734475 10.625451054730313
0.13231972898854655 10.641894929357742
0.13234392643974835 10.6583387580104
0.13236812389095015 10.674782540863603
0.13239232134215198 10.691226278092726
0.13241651879335378 10.707670015507123
0.1324407162445556 10.724113728861328
0.1324649136957574 10.740557397118105
0.13248911114695922 10.757001020452883
0.13251330859816102 10.773444599041103
0.13253750604936282 10.789888133058229
0.13256170350056462 10.806331622679737
0.13258590095176642 10.822775068081123
0.13261009840296822 10.839218469437903
0.13263429585417003 10.855661826925608
0.13265849330537186 10.872105140719814
0.13268269075657366 10.888548410996052
0.1327068882077755 10.904991637929946
0.1327310856589773 10.921434821697085
0.1327552831101791 10.937877962473104
0.1327794805613809 10.954321060433662
0.1328036780125827 10.970083101115074
0.1328278754637845 10.982045739934629
0.1328520729149863 10.994008311077462
0.1328762703661881 11.005970814583993
0.1329004678173899 11.017933250494625
0.13292466526859173 11.029895618849773
0.13294886271979353 11.041857919689795
0.13297306017099536 11.05382015305511
0.13299725762219716 11.065782318986058
0.13302145507339896 11.077744417523018
0.13304565252460077 11.089706448706348
0.13306984997580257 11.101668412576398
0.13309404742700437 11.113630309173502
0.13311824487820617 11.125592138537993
0.13314244232940797 11.137553900710193
0.13316663978060977 11.14951559573042
0.1331908372318116 11.161477223638991
0.1332150346830134 11.156735835230489
0.1332392321342152 11.141815197946467
0.13326342958541704 11.126894861024692
0.13328762703661884 11.111974824290334
0.13331182448782064 11.097055087568657
0.13333602193902244 11.082135650685073
0.13336021939022424 11.067216513465121
0.13338441684142605 11.052297675734478
0.13340861429262785 11.037379137318947
0.13343281174382965 11.022460898044464
0.13345700919503148 11.007542957737083
0.13348120664623328 10.992625316223036
0.13350540409743508 10.977707973328643
0.1335296015486369 10.962790928880342
0.1335537989998387 10.947874182704759
0.13357799645104051 10.932957734628605
0.13360219390224232 10.91804158447873
0.13362639135344412 10.903125732082126
0.13365058880464592 10.888210177265904
0.13367478625584772 10.873294919857303
0.13369898370704952 10.858379959683708
0.13372318115825135 10.843465296572594
0.13374737860945315 10.828550930351648
0.13377157606065496 10.8136368608486
0.13379577351185679 10.798723087891345
0.1338199709630586 10.783809611307921
0.1338441684142604 10.768896430926478
0.1338683658654622 10.753983546575292
0.133892563316664 10.739070958082777
0.1339167607678658 10.72415866527747
0.1339409582190676 10.70924666798804
0.1339651556702694 10.694334966043284
0.13398935312147123 10.679423559272111
0.13401355057267303 10.664512410084976
0.13403774802387483 10.649601526330859
0.13406194547507666 10.63469093723984
0.13408614292627846 10.619780642641397
0.13411034037748026 10.604870642365064
0.13413453782868207 10.589960936240544
0.13415873527988387 10.575051524097645
0.13418293273108567 10.560142405766317
0.13420713018228747 10.54523358107663
0.13423132763348927 10.530325049858789
0.1342555250846911 10.515416811943096
0.1342797225358929 10.500508867160049
0.1343039199870947 10.485601215340198
0.13432811743829653 10.470693856314252
0.13435231488949834 10.45578678991306
0.13437651234070014 10.440880015967574
0.13440070979190194 10.42597353626844
0.13442490724310374 10.411067413530043
0.13444910469430554 10.396161582739042
0.13447330214550735 10.381256043726905
0.13449749959670915 10.366350796325221
0.13452169704791098 10.351445840365692
0.13454589449911278 10.336541175680194
0.13457009195031458 10.321636802100684
0.1345942894015164 10.306732719459232
0.1346184868527182 10.29182892758809
0.13464268430392 10.276925426319588
0.13466688175512181 10.26202221548619
0.13469107920632362 10.2471192949205
0.13471527665752542 10.232216664455223
0.13473947410872722 10.217314323923201
0.13476367155992902 10.20241227315741
0.13478786901113085 10.187510511990915
0.13481206646233265 10.17260904025696
0.13483626391353445 10.157707857788873
0.13486046136473628 10.1428069644201
0.13488465881593809 10.12790635998425
0.1349088562671399 10.113006044315028
0.1349330537183417 10.098106017246263
0.1349572511695435 10.083206278611897
0.1349814486207453 10.068306828246024
0.1350056460719471 10.053407665982837
0.1350298435231489 10.038508791656662
0.13505404097435073 10.023610205101932
0.13507823842555253 10.008711906153238
0.13510243587675433 9.993813894645273
0.13512663332795616 9.978916170412822
0.13515083077915796 9.964018733290859
0.13517502823035976 9.949121583114419
0.13519922568156156 9.934224719718696
0.13522342313276337 9.919328142938983
0.13524762058396517 9.9044318526107
0.13527181803516697 9.8895358485694
0.13529601548636877 9.874640130650741
0.1353202129375706 9.859744698690504
0.1353444103887724 9.84484955252463
0.1353686078399742 9.829954691989125
0.13539280529117603 9.815060116920133
0.13541700274237783 9.800165827153952
0.13544120019357964 9.78527182252696
0.13546539764478144 9.770378102875668
0.13548959509598324 9.755484668036718
0.13551379254718504 9.74059151784686
0.13553798999838684 9.725698652142965
0.13556218744958864 9.710806070762029
0.13558638490079047 9.695913773541145
0.13561058235199228 9.68102176031759
0.13563477980319408 9.666130030928695
0.1356589772543959 9.65123858521192
0.1356831747055977 9.636347423004883
0.1357073721567995 9.621456544145286
0.1357315696080013 9.60656594847096
0.13575576705920311 9.591675635819856
0.13577996451040492 9.576785606030036
0.13580416196160672 9.561895858939694
0.13582835941280852 9.547006394387136
0.13585255686401035 9.532117212210773
0.13587675431521215 9.517228312249177
0.13590095176641395 9.502339694340998
0.13592514921761578 9.487451358324995
0.13594934666881758 9.472563304040099
0.13597354412001939 9.457675531325314
0.1359977415712212 9.442788040019778
0.136021939022423 9.42790076945176
0.1360461364736248 9.413013773744291
0.1360703339248266 9.398127058965992
0.1360945313760284 9.383240624956471
0.13611872882723022 9.368354471555442
0.13614292627843202 9.353468598602758
0.13616712372963383 9.338583005938366
0.13619132118083566 9.323697693402316
0.13621551863203746 9.308812660834825
0.13623971608323926 9.293927908076187
0.13626391353444106 9.27904343496681
0.13628811098564286 9.264159241347237
0.13631230843684466 9.249275327058118
0.13633650588804647 9.234391691940232
0.13636070333924827 9.219508335834455
0.1363849007904501 9.20462525858176
0.1364090982416519 9.189742485112102
0.1364332956928537 9.174860031813378
0.13645749314405553 9.15997785688964
0.13648169059525733 9.145095960182392
0.13650588804645913 9.130214341533195
0.13653008549766094 9.115333000783744
0.13655428294886274 9.100451937775846
0.13657848040006454 9.085571152351438
0.13660267785126634 9.07069064435255
0.13662687530246814 9.055810413621348
0.13665107275366997 9.040930460000073
0.13667527020487177 9.026050783331158
0.13669946765607358 9.011171383457073
0.1367236651072754 8.996292260220415
0.1367478625584772 8.981413413463947
0.136772060009679 8.9665348430305
0.1367962574608808 8.951656548763022
0.1368204549120826 8.93677853050458
0.1368446523632844 8.921900788098363
0.13686884981448622 8.907023321387664
0.13689304726568802 8.892146130215892
0.13691724471688985 8.87726921442655
0.13694144216809165 8.862392573863321
0.13696563961929345 8.847516208369921
0.13698983707049528 8.8326401177902
0.13701403452169708 8.817764301968168
0.13703823197289888 8.802888760747903
0.13706242942410068 8.788013493973596
0.1370866268753025 8.773138501489559
0.1371108243265043 8.758263783140219
0.1371350217777061 8.743389338770118
0.1371592192289079 8.728515168223902
0.13718341668010972 8.71364127134631
0.13720761413131152 8.698767647982258
0.13723181158251332 8.683894297976709
0.13725600903371515 8.669021221174745
0.13728020648491696 8.65414841742161
0.13730440393611876 8.639275886562597
0.13732860138732056 8.624403628443151
0.13735279883852236 8.609531642908806
0.13737699628972416 8.594659929805218
0.13740119374092596 8.579788488978147
0.13742539119212777 8.564917320273473
0.13744958864332957 8.55004642353718
0.1374737860945314 8.53517579861535
0.1374979835457332 8.520305445354223
0.13752218099693503 8.505435363600084
0.13754637844813683 8.490565553199387
0.13757057589933863 8.475696013998661
0.13759477335054043 8.460826745844553
0.13761897080174224 8.446879728340448
0.13764316825294404 8.433186969928807
0.13766736570414584 8.419494452456865
0.13769156315534764 8.405802175811656
0.13771576060654944 8.392110139880304
0.13773995805775127 8.378418344549988
0.13776415550895307 8.364726789708024
0.1377883529601549 8.351035475241753
0.1378125504113567 8.337344401038646
0.1378367478625585 8.323653566986215
0.1378609453137603 8.309962972972071
0.1378851427649621 8.296272618883908
0.1379093402161639 8.2825825046095
0.1379335376673657 8.268892630036694
0.13795773511856751 8.255202995053432
0.13798193256976932 8.241513599547734
0.13800613002097115 8.227943597616967
0.13803032747217295 8.214725019169578
0.13805452492337478 8.201506668506342
0.13807872237457658 8.188288545529577
0.13810291982577838 8.175070650141613
0.13812711727698018 8.16185298224488
0.13815131472818198 8.14863554174187
0.13817551217938379 8.135418328535147
0.1381997096305856 8.122201342527351
0.1382239070817874 8.108984583621188
0.1382481045329892 8.095768051719443
0.13827230198419102 8.082551746724953
0.13829649943539282 8.069335668540669
0.13832069688659465 8.056119817069545
0.13834489433779645 8.042904192214696
0.13836909178899826 8.029688793879227
0.13839328924020006 8.01647362196635
0.13841748669140186 8.003258676379348
0.13844168414260366 7.990043957021562
0.13846588159380546 7.976829463796414
0.13849007904500726 7.963615196607396
0.13851427649620907 7.950401155358067
0.1385384739474109 7.937187339952042
0.1385626713986127 7.923973750293057
0.13858686884981453 7.910760386284856
0.13861106630101633 7.897547247831302
0.13863526375221813 7.8843343348363035
0.13865946120341993 7.871121647203837
0.13868365865462173 7.857909184837963
0.13870785610582353 7.8446969476428015
0.13873205355702534 7.8314849355225435
0.13875625100822714 7.818273148381459
0.13878044845942894 7.805061586123878
0.13880464591063077 7.791850261449533
0.13882884336183257 7.778639215313697
0.13885304081303437 7.765428393773231
0.1388772382642362 7.752217796732741
0.138901435715438 7.73900742409694
0.1389256331666398 7.725797275770568
0.1389498306178416 7.712587351658446
0.1389740280690434 7.699377651665477
0.1389982255202452 7.686168175696617
0.139022422971447 7.672958923656898
0.13904662042264881 7.659749895451427
0.13907081787385064 7.646541090985362
0.13909501532505245 7.633332510163967
0.13911921277625425 7.620124152892543
0.13914341022745608 7.606916019076452
0.13916760767865788 7.593708108621174
0.13919180512985968 7.58050042143221
0.13921600258106148 7.567292913351011
0.13924020003226328 7.554085605783542
0.13926439748346509 7.540878521200884
0.1392885949346669 7.527671659508834
0.1393127923858687 7.514465020613247
0.13933698983707052 7.501258604420035
0.13936118728827232 7.4880524108352295
0.13938538473947412 7.474846439764879
0.13940958219067595 7.461640691115104
0.13943377964187775 7.448435164792133
0.13945797709307955 7.4352298607022265
0.13948217454428136 7.422024778751721
0.13950637199548316 7.408819918847026
0.13953056944668496 7.395615280894616
0.13955476689788676 7.382410864801041
0.13957896434908856 7.369206670472906
0.1396031618002904 7.3560026978168755
0.1396273592514922 7.342798946739734
0.139651556702694 7.329595417148275
0.13967575415389583 7.316392108949377
0.13969995160509763 7.303189022050015
0.13972414905629943 7.2899861563571955
0.13974834650750123 7.276783511778006
0.13977254395870303 7.263581088219604
0.13979674140990483 7.250378885589208
0.13982093886110664 7.23717690379411
0.13984513631230844 7.223975142741667
0.13986933376351027 7.210773602339291
0.13989353121471207 7.197572282494498
0.13991772866591387 7.1843711831148465
0.1399419261171157 7.17117030410794
0.1399661235683175 7.157969645381496
0.1399903210195193 7.144769206843275
0.1400145184707211 7.131568988401094
0.1400387159219229 7.1183689899628595
0.1400629133731247 7.105169211436523
0.1400871108243265 7.091969652730121
0.1401113082755283 7.078770313751748
0.14013550572673014 7.065571194409552
0.14015970317793194 7.0523722946117955
0.14018390062913375 7.039173614266758
0.14020809808033557 7.02597515328279
0.14023229553153738 7.012776911568349
0.14025649298273918 6.9995788890319215
0.14028069043394098 6.986381085582061
0.14030488788514278 6.973183501127405
0.14032908533634458 6.959986135576652
0.14035328278754639 6.9467889888385566
0.1403774802387482 6.93359206082195
0.14040167768995002 6.920395351435713
0.14042587514115182 6.907198860588837
0.14045007259235362 6.894002588190335
0.14047427004355545 6.880806534149282
0.14049846749475725 6.867610698374869
0.14052266494595905 6.854415080776307
0.14054686239716085 6.841219681262883
0.14057105984836266 6.828024499743958
0.14059525729956446 6.814829536128955
0.14061945475076626 6.801634790327356
0.14064365220196806 6.788440262248723
0.1406678496531699 6.775245951802655
0.1406920471043717 6.762051858898871
0.1407162445555735 6.748857983447105
0.14074044200677532 6.735664325357158
0.14076463945797713 6.7224708845389385
0.14078883690917893 6.7092776609023845
0.14081303436038073 6.69608465435751
0.14083723181158253 6.68289186481438
0.14086142926278433 6.669699292183149
0.14088562671398613 6.656506936374022
0.14090982416518794 6.6433147972972675
0.14093402161638977 6.630122874863213
0.14095821906759157 6.616931168982291
0.14098241651879337 6.603739679564955
0.1410066139699952 6.590548406521717
0.141030811421197 6.577357349763212
0.1410550088723988 6.564166509200084
0.1410792063236006 6.55097588474306
0.1411034037748024 6.537785476302933
0.1411276012260042 6.524595283790555
0.141151798677206 6.511405307116853
0.1411759961284078 6.498215546192807
0.14120019357960964 6.485026000929456
0.14122439103081144 6.47183667123794
0.14124858848201324 6.458647557029425
0.14127278593321507 6.445458658215139
0.14129698338441687 6.432269974706417
0.14132118083561868 6.419081506414618
0.14134537828682048 6.405893253251181
0.14136957573802228 6.392705215127591
0.14139377318922408 6.379517391955426
0.14141797064042588 6.366329783646305
0.14144216809162768 6.353142390111923
0.14146636554282951 6.339955211264019
0.14149056299403132 6.326768247014441
0.14151476044523312 6.31358149727506
0.14153895789643495 6.300394961957805
0.14156315534763675 6.2872086409747165
0.14158735279883855 6.274022534237852
0.14161155025004035 6.2608366734288525
0.14163574770124215 6.247651061476084
0.14165994515244396 6.234465663504732
0.14168414260364576 6.221280479427123
0.14170834005484756 6.20809550915565
0.1417325375060494 6.19491075260275
0.1417567349572512 6.1817262096809795
0.141780932408453 6.1685418803029
0.14180512985965482 6.1553577643811455
0.14182932731085662 6.14217386182845
0.14185352476205842 6.128990172557574
0.14187772221326023 6.115806696481352
0.14190191966446203 6.10262343351268
0.14192611711566383 6.0894403835645186
0.14195031456686563 6.076257546549893
0.14197451201806743 6.063074922381887
0.14199870946926926 6.049892510973633
0.14202290692047106 6.036710249243132
0.14204710437167287 6.023528196551218
0.1420713018228747 6.010346356360268
0.1420954992740765 5.997164728583719
0.1421196967252783 5.983983313135008
0.1421438941764801 5.9708021099276625
0.1421680916276819 5.957621118875262
0.1421922890788837 5.944440339891457
0.1422164865300855 5.931259772889957
0.1422406839812873 5.918079417784531
0.14226488143248914 5.904899274489
0.14228907888369094 5.891719342917284
0.14231327633489274 5.8785396229833315
0.14233747378609457 5.865360114601149
0.14236167123729637 5.852180817684838
0.14238586868849817 5.839001732148537
0.14241006613969998 5.825822857906447
0.14243426359090178 5.812644194872835
0.14245846104210358 5.799465742962029
0.14248265849330538 5.786287502088422
0.14250685594450718 5.773109472166467
0.142531053395709 5.759931653110658
0.1425552508469108 5.746754044835607
0.14257944829811262 5.733576647255928
0.14260364574931444 5.7203994602863135
0.14262784320051625 5.707222483841546
0.14265204065171805 5.694045717836433
0.14267623810291985 5.680869162185861
0.14270043555412165 5.667692816804767
0.14272463300532345 5.654516681608158
0.14274883045652526 5.641340756511104
0.14277302790772706 5.628165041428729
0.1427972253589289 5.614989536276205
0.1428214228101307 5.563175152147762
0.1428456202613325 5.50635788194895
0.14286981771253432 5.44954225941895
0.14289401516373612 5.392728274644967
0.14291821261493792 5.33591591772465
0.14294241006613972 5.2791051787662715
0.14296660751734153 5.222296047888582
0.14299080496854333 5.165488515220716
0.14301500241974513 5.108682570902113
0.14303919987094693 5.051878205082436
0.14306339732214873 4.99507540792148
0.14308759477335056 4.938274169589028
0.14311179222455236 4.881474480265025
0.1431359896757542 4.824676330139044
0.143160187126956 4.767879709410719
0.1431843845781578 4.711084608289202
0.1432085820293596 4.651712117486037
0.1432327794805614 4.587648899977915
0.1432569769317632 4.523587474904946
0.143281174382965 4.459527828231428
0.1433053718341668 4.3954699459361315
0.1433295692853686 4.33141381401215
0.14335376673657044 4.267359418466667
0.14337796418777224 4.203306745321106
0.14340216163897407 4.139255780610469
0.14342635909017587 4.075206510383774
0.14345055654137767 4.011158920703387
0.14347475399257947 3.947112997645174
0.14349895144378128 3.883068727298276
0.14352314889498308 3.819026095764961
0.14354734634618488 3.7549850891604803
0.14357154379738668 3.690945693612916
0.14359574124858848 3.6269078952630376
0.1436199386997903 3.5628716802640734
0.1436441361509921 3.4988370347818774
0.14366833360219394 3.434803944994249
0.14369253105339574 3.3707723970913848
0.14371672850459755 3.306742377275216
0.14374092595579935 3.2427138717595567
0.14376512340700115 3.178686866769884
0.14378932085820295 3.1146613485431978
0.14381351830940475 3.05063730332787
0.14383771576060655 2.9866147173835067
0.14386191321180836 2.922593576980795
0.14388611066301019 2.858573868401299
0.143910308114212 2.7945555779375955
0.14393450556541382 2.7305386918926247
0.14395870301661562 2.666523196580133
0.14398290046781742 2.6025090783240175
0.14400709791901922 2.5384963234584723
0.14403129537022102 2.474484918327778
0.14405549282142283 2.410474849286153
0.14407969027262463 2.3464661026976152
0.14410388772382643 2.2824586649358407
0.14412808517502823 2.2184525223840206
0.14415228262623006 2.1544476614346473
0.14417648007743186 2.0904440684896652
0.1442006775286337 2.026441729959816
0.1442248749798355 1.962440632265084
0.1442490724310373 1.8984407618340462
0.1442732698822391 1.8344421051040178
0.1442974673334409 1.770444648520844
0.1443216647846427 1.7064483785387594
0.1443458622358445 1.6424532816202422
0.1443700596870463 1.578459344235882
0.1443942571382481 1.5144665528642363
0.14441845458944993 1.4397503236666067
0.14444265204065174 1.3616981336226237
0.14446684949185354 1.283647363853326
0.14449104694305537 1.205597989755308
0.14451524439425717 1.1275499867395888
0.14453944184545897 1.0495033302306953
0.14456363929666077 0.9714579956666474
0.14458783674786257 0.8934139584984927
0.14461203419906438 0.8153711941899311
0.14463623165026618 0.737329678216941
0.14466042910146798 0.6592893860674056
0.1446846265526698 0.5812502932406503
0.1447088240038716 0.503212375247425
0.1447330214550734 0.4251756076089969
0.14475721890627524 0.34713996585704465
0.14478141635747704 0.2691054255335555
0.14480561380867885 0.1886255644893403
0.14482981125988065 0.10004842695735884
0.14485400871108245 0.011472456695133469
0.14487820616228425 -0.07710238211379482
0.14490240361348605 -0.16567612527407868
0.14492660106468785 -0.25424880857926385
0.14495079851588968 -0.34282046781259196
0.14497499596709149 -0.43139113874729296
0.1449991934182933 -0.5199608571478943
0.14502339086949512 -0.6085296587706154
0.14504758832069692 -0.6970975793637619
0.14507178577189872 -0.7856646546690326
0.14509598322310052 -0.8742309204218137
0.14512018067430232 -0.9627964123519762
0.14514437812550413 -1.0513611661845768
0.14516857557670593 -1.1399252176405523
0.14519277302790773 -1.2284886024374209
0.14521697047910956 -1.3170513562900783
0.14524116793031136 -1.4056135149110935
0.14526536538151316 -1.4941751140120185
0.145289562832715 -1.5827361893037724
0.1453137602839168 -1.6712967764970414
0.1453379577351186 -1.7598569113035827
0.1453621551863204 -1.848416629436522
0.1453863526375222 -1.9369759666111486
0.145410550088724 -2.025534958545616
0.1454347475399258 -2.114093640961639
0.1454589449911276 -2.2026520495851987
0.14548314244232943 -2.2912102201473363
0.14550733989353123 -2.379768188384453
0.14553153734473304 -2.468325990039616
0.14555573479593487 -2.556883660862954
0.14557993224713667 -2.645441236612056
0.14560412969833847 -2.7315992741427726
0.14562832714954027 -2.80609723212277
0.14565252460074207 -2.880595041132047
0.14567672205194387 -2.955092722364704
0.14570091950314568 -3.0295902970192228
0.14572511695434748 -3.104087786298745
0.1457493144055493 -3.1785852114114634
0.1457735118567511 -3.253082593570566
0.1457977093079529 -3.327579953995051
0.14582190675915474 -3.4020773139097678
0.14584610421035654 -3.4765746945454454
0.14587030166155834 -3.5510721171395163
0.14589449911276015 -3.625569602936059
0.14591869656396195 -3.700067173186185
0.14594289401516375 -3.7745648491483377
0.14596709146636555 -3.8490626520885844
0.14599128891756735 -3.923560603280918
0.14601548636876918 -3.994459042359465
0.14603968381997098 -4.063332771761952
0.14606388127117279 -4.132206612264536
0.14608807872237461 -4.201080580647009
0.14611227617357642 -4.269954693695323
0.14613647362477822 -4.338828968202251
0.14616067107598002 -4.40770342096729
0.14618486852718182 -4.476578068796916
0.14620906597838362 -4.545452928504809
0.14623326342958543 -4.61432801691205
0.14625746088078723 -4.683203350847313
0.14628165833198906 -4.752078947147158
0.14630585578319086 -4.820954822655915
0.14633005323439266 -4.889830994226356
0.1463542506855945 -4.958707478719671
0.1463784481367963 -5.027584293005427
0.1464026455879981 -5.096461453962251
0.1464268430391999 -5.165338978477708
0.1464510404904017 -5.234216883448602
0.1464752379416035 -5.3030951857811655
0.1464994353928053 -5.371973902391274
0.1465236328440071 -5.440853050204642
0.14654783029520893 -5.50973264615712
0.14657202774641073 -5.57861270719457
0.14659622519761253 -5.6474932502735635
0.14662042264881436 -5.716374292361335
0.14664462010001617 -5.7852558504357585
0.14666881755121797 -5.85413794148603
0.14669301500241977 -5.923020582512557
0.14671721245362157 -5.991903790527247
0.14674140990482337 -6.060787582553711
0.14676560735602517 -6.129671975627487
0.14678980480722698 -6.198556986796228
0.1468140022584288 -6.267442633120004
0.1468381997096306 -6.3363289316711935
0.1468623971608324 -6.405215899535162
0.14688659461203424 -6.474103553810242
0.14691079206323604 -6.5429919116077055
0.14693498951443784 -6.611880990052455
0.14695918696563964 -6.680770806282901
0.14698338441684144 -6.7496613774512735
0.14700758186804325 -6.818552720723821
0.14703177931924505 -6.88744485328103
0.14705597677044685 -6.956337792317846
0.14708017422164868 -7.025231555043942
0.14710437167285048 -7.094126158683636
0.14712856912405228 -7.163021620476584
0.1471527665752541 -7.231917957677741
0.14717696402645591 -7.300815187557352
0.14720116147765772 -7.369409399427616
0.14722535892885952 -7.431976507186273
0.14724955638006132 -7.494544314980177
0.14727375383126312 -7.557112835712535
0.14729795128246492 -7.619682082297378
0.14732214873366672 -7.682252067659697
0.14734634618486855 -7.744822804735639
0.14737054363607036 -7.807394306472359
0.14739474108727216 -7.8699665858286005
0.147418938538474 -7.932539655774588
0.1474431359896758 -7.995113529291961
0.1474673334408776 -8.05768821937435
0.1474915308920794 -8.120263739027203
0.1475157283432812 -8.18284010126801
0.147539925794483 -8.24541731912643
0.1475641232456848 -8.307995405644437
0.1475883206968866 -8.370574373876455
0.14761251814808843 -8.428785199811305
0.14763671559929023 -8.482920416850241
0.14766091305049203 -8.53705622109164
0.14768511050169386 -8.591192620920971
0.14770930795289566 -8.6453296247304
0.14773350540409746 -8.699467240919232
0.14775770285529927 -8.753605477893737
0.14778190030650107 -8.807744344067283
0.14780609775770287 -8.861883847860375
0.14783029520890467 -8.916023997700748
0.14785449266010647 -8.970164802023435
0.1478786901113083 -9.024306269270879
0.1479028875625101 -9.07844840789276
0.1479270850137119 -9.132591226346435
0.14795128246491374 -9.186734733096824
0.14797547991611554 -9.240878936616285
0.14799967736731734 -9.295023845385053
0.14802387481851914 -9.349169533531638
0.14804807226972094 -9.403315944800958
0.14807226972092274 -9.457463086809684
0.14809646717212455 -9.511610968069482
0.14812066462332635 -9.565759597100046
0.14814486207452818 -9.619908982429235
0.14816905952572998 -9.6740591325929
0.14819325697693178 -9.728210056135307
0.1482174544281336 -9.782361761609042
0.1482416518793354 -9.836514257574883
0.1482658493305372 -9.890667552602238
0.14829004678173902 -9.94482165526897
0.14831424423294082 -9.998976574161542
0.14833844168414262 -10.053132317875043
0.14836263913534442 -10.107288895013331
0.14838683658654622 -10.161446314189035
0.14841103403774805 -10.21560458402372
0.14843523148894985 -10.2697637131477
0.14845942894015166 -10.323923710200496
0.14848362639135348 -10.378084583830693
0.1485078238425553 -10.432246342695855
0.1485320212937571 -10.48640899546294
0.1485562187449589 -10.540572550808143
0.1485804161961607 -10.594737017417032
0.1486046136473625 -10.648902403984605
0.1486288110985643 -10.703068719215368
0.1486530085497661 -10.757235971823407
0.1486772060009679 -10.811404170532466
0.14870140345216973 -10.865573324076069
0.14872560090337153 -10.919743441197356
0.14874979835457336 -10.973914530649585
0.14877399580577516 -11.02808660119571
0.14879819325697696 -11.082259661608889
0.14882239070817876 -11.138389493303443
0.14884658815938057 -11.194678254374294
0.14887078561058237 -11.250968144364839
0.14889498306178417 -11.307259173198307
0.14891918051298597 -11.363551350810182
0.14894337796418777 -11.41984468714834
0.1489675754153896 -11.476139192173141
0.1489917728665914 -11.532434875857314
0.14901597031779323 -11.58873174818647
0.14904016776899504 -11.645029819158692
0.14906436522019684 -11.701329098785086
0.14908856267139864 -11.757629597089572
0.14911276012260044 -11.813931324109092
0.14913695757380224 -11.870234289893684
0.14916115502500404 -11.926538504506553
0.14918535247620585 -11.982843978024212
0.14920954992740765 -12.044157980960234
0.14923374737860948 -12.113153921717105
0.14925794482981128 -12.182152024711632
0.1492821422810131 -12.251152308901192
0.1493063397322149 -12.320154793275668
0.1493305371834167 -12.389159496858262
0.1493547346346185 -12.45816643870545
0.14937893208582032 -12.527175637907318
0.14940312953702212 -12.596187113587852
0.14942732698822392 -12.6652008849052
0.14945152443942572 -12.734216971051943
0.14947572189062752 -12.803235391255384
0.14949991934182935 -12.872256164777866
0.14952411679303115 -12.941279310916787
0.14954831424423298 -13.01030484900538
0.14957251169543478 -13.079332798412366
0.1495967091466366 -13.148363178542851
0.1496209065978384 -13.217396008838179
0.1496451040490402 -13.286431308776393
0.149669301500242 -13.35546909787245
0.1496934989514438 -13.424509395678559
0.1497176964026456 -13.493552221784418
0.1497418938538474 -13.562597595817538
0.14976609130504923 -13.631645537443584
0.14979028875625103 -13.700696066366351
0.14981448620745283 -13.769749202328557
0.14983868365865466 -13.83880496511184
0.14986288110985646 -13.907863374536884
0.14988707856105826 -13.976924450464123
0.14991127601226006 -14.045988212793759
0.14993547346346187 -14.115054681466113
0.14995967091466367 -14.184123876461948
0.14998386836586547 -14.253195817802732
0.15000806581706727 -14.322270525550985
0.1500322632682691 -14.391348019810602
0.1500564607194709 -14.4604283207269
0.1500806581706727 -14.529511448487353
0.15010485562187453 -14.59859742332166
0.15012905307307634 -14.667686265501848
0.15015325052427814 -14.73677799534302
0.15017744797547994 -14.805872633203348
0.15020164542668174 -14.874970199484501
0.15022584287788354 -14.944070714631925
0.15025004032908534 -15.013174199135136
0.15027423778028715 -15.082280673528087
0.15029843523148897 -15.151390158389523
0.15032263268269078 -15.220502674342999
0.15034683013389258 -15.289618242057664
0.1503710275850944 -15.358736882248358
0.1503952250362962 -15.42785861567568
0.150419422487498 -15.496983463146792
0.1504436199386998 -15.566111445515439
0.15046781738990161 -15.635242583682324
0.15049201484110342 -15.704376898595466
0.15051621229230522 -15.77351441125053
0.15054040974350702 -15.84265514269112
0.15056460719470885 -15.911799114009241
0.15058880464591065 -15.980946346345279
0.15061300209711245 -16.05009686088882
0.15063719954831428 -16.11925067887876
0.15066139699951608 -16.1884078216034
0.15068559445071789 -16.257568310401247
0.1507097919019197 -16.32673216666108
0.1507339893531215 -16.395899411822313
0.1507581868043233 -16.4650700673754
0.1507823842555251 -16.534244154862122
0.1508065817067269 -16.609768433894263
0.15083077915792872 -16.702285092152827
0.15085497660913053 -16.794808488557607
0.15087917406033233 -16.887338676174853
0.15090337151153416 -16.979875708248752
0.15092756896273596 -17.072419638202728
0.15095176641393776 -17.164970519641624
0.15097596386513956 -17.257528406352854
0.15100016131634136 -17.350093352308196
0.15102435876754317 -17.442665411665295
0.15104855621874497 -17.535244638769388
0.15107275366994677 -17.62783108815489
0.1510969511211486 -17.720424814547172
0.1511211485723504 -17.81302587286376
0.1511453460235522 -17.90563431821672
0.15116954347475403 -17.998250205913944
0.15119374092595583 -18.090873591460547
0.15121793837715763 -18.186391741225638
0.15124213582835944 -18.282925533128378
0.15126633327956124 -18.379467714906184
0.15129053073076304 -18.47601835043576
0.15131472818196484 -18.57257750383823
0.15133892563316664 -18.66914523948138
0.15136312308436847 -18.76572162198194
0.15138732053557027 -18.862306716207346
0.15141151798677208 -18.958900587278677
0.1514357154379739 -19.055503300572514
0.1514599128891757 -19.152114921722912
0.1514841103403775 -19.248735516624365
0.1515083077915793 -19.34536515143361
0.1515325052427811 -19.44200389257209
0.15155670269398291 -19.538651806728307
0.15158090014518472 -19.63530896086011
0.15160509759638652 -19.731975408077865
0.15162929504758835 -19.828651177093555
0.15165349249879015 -19.92533638858434
0.15167768994999195 -20.022031110609507
0.15170188740119378 -20.11873541150982
0.15172608485239558 -20.2154493599096
0.15175028230359738 -20.312173024719897
0.15177447975479919 -20.40890647514055
0.151798677206001 -20.505649780662814
0.1518228746572028 -20.60240301107192
0.1518470721084046 -20.69916623644964
0.1518712695596064 -20.79593952717686
0.15189546701080822 -20.89272295393634
0.15191966446201002 -20.98951658771483
0.15194386191321183 -21.086320499806455
0.15196805936441365 -21.183134761815
0.15199225681561546 -21.27995944565637
0.15201645426681726 -21.35481009583458
0.15204065171801906 -21.419320414828743
0.15206484916922086 -21.483835091518973
0.15208904662042266 -21.548354146869972
0.15211324407162446 -21.612877601907122
0.15213744152282627 -21.677405477716956
0.1521616389740281 -21.74193779544752
0.1521858364252299 -21.80647457630845
0.1522100338764317 -21.871015841571783
0.15223423132763353 -21.935561612572087
0.15225842877883533 -22.00011191070663
0.15228262623003713 -22.064666757436143
0.15230682368123893 -22.129226174284938
0.15233102113244074 -22.193790182841333
0.15235521858364254 -22.25835880475803
0.15237941603484434 -22.322932061752482
0.15240361348604614 -22.38750997560726
0.15242781093724797 -22.45209256817054
0.15245200838844977 -22.516679861356163
0.15247620583965157 -22.58127187714447
0.1525004032908534 -22.645868637582453
0.1525246007420552 -22.710470164783953
0.152548798193257 -22.775076480930434
0.1525729956444588 -22.839687608271138
0.1525971930956606 -22.90430356912354
0.1526213905468624 -22.968924385873738
0.1526455879980642 -23.03355008097682
0.15266978544926602 -23.09818067695731
0.15269398290046785 -23.162816196409644
0.15271818035166965 -23.227456661998257
0.15274237780287145 -23.292102096458443
0.15276657525407328 -23.356752522596544
0.15279077270527508 -23.421407963290125
0.15281497015647688 -23.486068441488882
0.15283916760767868 -23.55073398021471
0.15286336505888048 -23.615404602562204
0.1528875625100823 -23.680080331699138
0.1529117599612841 -23.744761190866797
0.1529359574124859 -23.809447203380493
0.15296015486368772 -23.874138392629995
0.15298435231488952 -23.93883478207974
0.15300854976609132 -24.00353639526964
0.15303274721729315 -24.06824325581535
0.15305694466849495 -24.132955387408437
0.15308114211969676 -24.197672813817345
0.15310533957089856 -24.262395558887444
0.15312953702210036 -24.327123646541622
0.15315373447330216 -24.391857100780715
0.15317793192450396 -24.456595945683997
0.15320212937570576 -24.52134020540953
0.1532263268269076 -24.586089904194832
0.1532505242781094 -24.65084506635694
0.1532747217293112 -24.71560571629336
0.15329891918051303 -24.780371878482327
0.15332311663171483 -24.845143577483014
0.15334731408291663 -24.90992083793649
0.15337151153411843 -24.974703684565853
0.15339570898532023 -25.03949214217683
0.15341990643652204 -25.10428623565821
0.15344410388772384 -25.169085989982385
0.15346830133892564 -25.233891430205798
0.15349249879012747 -25.298702581469477
0.15351669624132927 -25.363519468999353
0.15354089369253107 -25.42834211810702
0.1535650911437329 -25.493170554190183
0.1535892885949347 -25.55800480273285
0.1536134860461365 -25.62085346397257
0.1536376834973383 -25.68212574639196
0.1536618809485401 -25.743403226015346
0.1536860783997419 -25.804685924512142
0.1537102758509437 -25.865973863622212
0.1537344733021455 -25.927267065156208
0.15375867075334734 -25.988565550996075
0.15378286820454914 -26.04986934309514
0.15380706565575095 -26.111178463478918
0.15383126310695278 -26.17249293424536
0.15385546055815458 -26.233812777564964
0.15387965800935638 -26.29513801568165
0.15390385546055818 -26.3564686709129
0.15392805291175998 -26.417804765650153
0.15395225036296178 -26.479146322359323
0.1539764478141636 -26.540493363581138
0.1540006452653654 -26.601807739941872
0.1540248427165672 -26.66173422451517
0.15404904016776902 -26.721665980103356
0.15407323761897082 -26.78160302793563
0.15409743507017265 -26.841545389311236
0.15412163252137445 -26.901493085599306
0.15414582997257625 -26.961446138239666
0.15417002742377806 -27.021404568743
0.15419422487497986 -27.08136839869128
0.15421842232618166 -27.14133764973816
0.15424261977738346 -27.201312343609363
0.15426681722858526 -27.26129250210309
0.15429101467978706 -27.32127814709039
0.1543152121309889 -27.38126930051563
0.1543394095821907 -27.44126598439665
0.15436360703339252 -27.501268220825615
0.15438780448459433 -27.561276031968884
0.15441200193579613 -27.621289440067887
0.15443619938699793 -27.681308467439266
0.15446039683819973 -27.74133313647538
0.15448459428940153 -27.80136346964469
0.15450879174060334 -27.86139948949214
0.15453298919180514 -27.921441218639696
0.15455718664300694 -27.981488679786622
0.15458138409420877 -28.041541895710115
0.15460558154541057 -28.101600889265303
0.1546297789966124 -28.161665683386303
0.1546539764478142 -28.22173630108603
0.154678173899016 -28.281812765457108
0.1547023713502178 -28.341895099672058
0.1547265688014196 -28.4019833269838
0.1547507662526214 -28.462077470726076
0.1547749637038232 -28.52217755431396
0.154799161155025 -28.582283601244193
0.1548233586062268 -28.642395635095752
0.15484755605742864 -28.70251367953033
0.15487175350863044 -28.762637758292485
0.15489595095983227 -28.822767895210607
0.15492014841103408 -28.88290411419684
0.15494434586223588 -28.943046439248032
0.15496854331343768 -29.00319489444591
0.15499274076463948 -29.063349503957596
0.15501693821584128 -29.123510292036165
0.15504113566704308 -29.183677283021044
0.15506533311824489 -29.243850501338503
0.1550895305694467 -29.30402997150217
0.15511372802064852 -29.364215718113574
0.15513792547185032 -29.424407765862348
0.15516212292305215 -29.484606139527205
0.15518632037425395 -29.544810863975886
0.15521051782545575 -29.603614576200812
0.15523471527665755 -29.660593698229786
0.15525891272785936 -29.717578513593544
0.15528311017906116 -29.774569043535777
0.15530730763026296 -29.831565309373243
0.15533150508146476 -29.88856733249603
0.15535570253266656 -29.945575134368053
0.1553798999838684 -30.002588736527517
0.1554040974350702 -30.059608160586958
0.155428294886272 -30.116633428234117
0.15545249233747382 -30.17366456123211
0.15547668978867563 -30.230701581419613
0.15550088723987743 -30.287744510711732
0.15552508469107923 -30.344793371100046
0.15554928214228103 -30.40184818465313
0.15557347959348283 -30.458908973517023
0.15559767704468463 -30.515975759915545
0.15562187449588644 -30.569138373666227
0.15564607194708827 -30.621890873440016
0.15567026939829007 -30.674648472528432
0.15569446684949187 -30.727411188554548
0.1557186643006937 -30.78017903919906
0.1557428617518955 -30.83295204220039
0.1557670592030973 -30.885730215355284
0.1557912566542991 -30.938513576518908
0.1558154541055009 -30.991302143605164
0.1558396515567027 -31.04409593458703
0.1558638490079045 -31.096894967496805
0.1558880464591063 -31.14969926042642
0.15591224391030814 -31.20250883152779
0.15593644136150994 -31.255323699012934
0.15596063881271174 -31.308143881154518
0.15598483626391357 -31.360969396286087
0.15600903371511537 -31.413800288279536
0.15603323116631718 -31.4666365928897
0.15605742861751898 -31.519478285873593
0.15608162606872078 -31.572325385811176
0.15610582351992258 -31.62517791134475
0.15613002097112438 -31.678035881179397
0.15615421842232619 -31.730899314083086
0.15617841587352801 -31.783768228887265
0.15620261332472982 -31.83664264448677
0.15622681077593162 -31.88952257984061
0.15625100822713345 -31.942408053972095
0.15627520567833525 -31.995299085968924
0.15629940312953705 -32.04819569498395
0.15632360058073885 -32.10109790023522
0.15634779803194065 -32.15400572100632
0.15637199548314246 -32.20691917664683
0.15639619293434426 -32.25983828657257
0.15642039038554606 -32.27983958614096
0.1564445878367479 -32.293694367368204
0.1564687852879497 -32.30754930175242
0.1564929827391515 -32.32140438948316
0.15651718019035332 -32.335259630750095
0.15654137764155512 -32.349115025743004
0.15656557509275693 -32.362970574651904
0.15658977254395873 -32.37682627766697
0.15661396999516053 -32.39068213497846
0.15663816744636233 -32.40453814677691
0.15666236489756413 -32.418394313252904
0.15668656234876593 -32.432250634597295
0.15671075979996776 -32.44610711100102
0.15673495725116957 -32.45996374265518
0.15675915470237137 -32.47382052975107
0.1567833521535732 -32.48767747248018
0.156807549604775 -32.49238899966725
0.1568317470559768 -32.47693395564337
0.1568559445071786 -32.46147972292323
0.1568801419583804 -32.446026300902496
0.1569043394095822 -32.43057368897751
0.156928536860784 -32.415121886545336
0.1569527343119858 -32.399670893003744
0.15697693176318764 -32.38422070775119
0.15700112921438944 -32.36877133018688
0.15702532666559124 -32.35332275971066
0.15704952411679307 -32.33787499572307
0.15707372156799487 -32.32242803762542
0.15709791901919667 -32.30698188481967
0.15712211647039848 -32.29153653670846
0.15714631392160028 -32.276091992695164
0.15717051137280208 -32.26064825218381
0.15719470882400388 -32.245205314579145
0.15721890627520568 -32.22976317928662
0.1572431037264075 -32.214321845712334
0.15726730117760931 -32.19888131326312
0.15729149862881112 -32.18344158134649
0.15731569608001295 -32.16800264937061
0.15733989353121475 -32.15256451674437
0.15736409098241655 -32.137127182877364
0.15738828843361835 -32.121690647179804
0.15741248588482015 -32.10625490906263
0.15743668333602195 -32.09081996793748
0.15746088078722376 -32.075385823216635
0.15748507823842556 -32.059952474313086
0.1575092756896274 -32.04451992064047
0.1575334731408292 -32.02908816161313
0.157557670592031 -32.013657196646136
0.15758186804323282 -31.998227025155114
0.15760606549443462 -31.982797646556474
0.15763026294563642 -31.967369060267288
0.15765446039683823 -31.951941265705205
0.15767865784804003 -31.93651426228869
0.15770285529924183 -31.92108804943677
0.15772705275044363 -31.905662626569182
0.15775125020164543 -31.890237993106357
0.15777544765284726 -31.874814148469326
0.15779964510404906 -31.859391092079896
0.15782384255525087 -31.843968823360452
0.1578480400064527 -31.82854734173405
0.1578722374576545 -31.81312664662449
0.1578964349088563 -31.797706737456156
0.1579206323600581 -31.78228761365412
0.1579448298112599 -31.76686927464411
0.1579690272624617 -31.751451719852547
0.1579932247136635 -31.736034948706482
0.1580174221648653 -31.720618960633637
0.15804161961606714 -31.705203755062353
0.15806581706726894 -31.689789331421725
0.15809001451847074 -31.674375689141424
0.15811421196967257 -31.658962827651763
0.15813840942087437 -31.643550746383834
0.15816260687207617 -31.628139444769232
0.15818680432327797 -31.612728922240272
0.15821100177447978 -31.597319178229935
0.15823519922568158 -31.581910212171852
0.15825939667688338 -31.566502023500274
0.15828359412808518 -31.5510946116501
0.158307791579287 -31.535687976056906
0.1583319890304888 -31.52028211615693
0.15835618648169061 -31.50487703138702
0.15838038393289244 -31.489472721184654
0.15840458138409425 -31.474069172077247
0.15842877883529605 -31.458666341137924
0.15845297628649785 -31.443264283088606
0.15847717373769965 -31.427862997369328
0.15850137118890145 -31.412462483420835
0.15852556864010325 -31.39706274068447
0.15854976609130506 -31.381663768602234
0.15857396354250688 -31.366265566616743
0.1585981609937087 -31.350868134171304
0.1586223584449105 -31.335471470709805
0.15864655589611232 -31.320075575676782
0.15867075334731412 -31.304680448517438
0.15869495079851592 -31.289286088677574
0.15871914824971772 -31.273892495603658
0.15874334570091952 -31.25849966874272
0.15876754315212133 -31.24310760754252
0.15879174060332313 -31.227716311451363
0.15881593805452493 -31.212325824799695
0.15884013550572676 -31.19693612540911
0.15886433295692856 -31.181547189470436
0.15888853040813036 -31.16615901643456
0.1589127278593322 -31.150771605752922
0.158936925310534 -31.135384956877694
0.1589611227617358 -31.119999069261592
0.1589853202129376 -31.104613942357954
0.1590095176641394 -31.08922957562079
0.1590337151153412 -31.07384596850471
0.159057912566543 -31.058463120464907
0.1590821100177448 -31.04308103095728
0.15910630746894663 -31.027699699438223
0.15913050492014844 -31.01231912536489
0.15915470237135024 -30.99693930819496
0.15917889982255207 -30.981560247386746
0.15920309727375387 -30.967331284726278
0.15922729472495567 -30.960932635466005
0.15925149217615747 -30.954534144709186
0.15927568962735927 -30.948135812430113
0.15929988707856108 -30.941737638603097
0.15932408452976288 -30.93533962320244
0.15934828198096468 -30.928941766202527
0.1593724794321665 -30.922544067577682
0.1593966768833683 -30.91614652730234
0.1594208743345701 -30.9097491453509
0.15944507178577194 -30.903351921697787
0.15946926923697374 -30.89695485631745
0.15949346668817554 -30.89055794918439
0.15951766413937735 -30.884161200273073
0.15954186159057915 -30.877764609558056
0.15956605904178095 -30.87136817701384
0.15959025649298275 -30.864971902615014
0.15961445394418455 -30.86572448566925
0.15963865139538636 -30.87129602271654
0.15966284884658818 -30.876867475697427
0.15968704629779 -30.88243884458425
0.15971124374899182 -30.888010129349386
0.15973544120019362 -30.893581329965144
0.15975963865139542 -30.899152446403864
0.15978383610259722 -30.904723478637866
0.15980803355379902 -30.910294426639492
0.15983223100500082 -30.915865290381046
0.15985642845620263 -30.92143606983482
0.15988062590740443 -30.92700676497312
0.15990482335860623 -30.932577375768265
0.15992902080980806 -30.93814790219252
0.15995321826100986 -30.943718344218162
0.1599774157122117 -30.949288701817487
0.1600016131634135 -30.954858974962736
0.1600258106146153 -30.96042916362619
0.1600500080658171 -30.965999267780106
0.1600742055170189 -30.97156928739671
0.1600984029682207 -30.97713922244828
0.1601226004194225 -30.982709072907014
0.1601467978706243 -30.988278838745178
0.1601709953218261 -30.993848519934968
0.16019519277302793 -30.99941811644862
0.16021939022422974 -31.004987628258323
0.16024358767543156 -31.010557055336296
0.16026778512663337 -31.016126397654723
0.16029198257783517 -31.021695655185813
0.16031618002903697 -31.02726482790172
0.16034037748023877 -31.032833915774663
0.16036457493144057 -31.038402918776793
0.16038877238264238 -31.043971836880274
0.16041296983384418 -31.04954067005726
0.16043716728504598 -31.055109418279898
0.1604613647362478 -31.060678081520376
0.1604855621874496 -31.06624665975079
0.16050975963865144 -31.071815152943273
0.16053395708985324 -31.07738356106996
0.16055815454105504 -31.082951884102986
0.16058235199225684 -31.088520122014447
0.16060654944345865 -31.094088274776453
0.16063074689466045 -31.099656342361108
0.16065494434586225 -31.105224324740504
0.16067914179706405 -31.110792221886737
0.16070333924826585 -31.11636003377188
0.16072753669946768 -31.121927760368017
0.16075173415066948 -31.127495401647202
0.1607759316018713 -31.133062957581497
0.16080012905307312 -31.13863042814297
0.16082432650427492 -31.144197813303666
0.16084852395547672 -31.149765113035624
0.16087272140667852 -31.15533232731088
0.16089691885788032 -31.16089945610148
0.16092111630908212 -31.166466499379414
0.16094531376028393 -31.172033457116736
0.16096951121148573 -31.177600329285436
0.16099370866268756 -31.183167115857515
0.16101790611388936 -31.188733816804994
0.16104210356509116 -31.194300432099848
0.161066301016293 -31.19986696171405
0.1610904984674948 -31.205433405619605
0.1611146959186966 -31.210999763788465
0.1611388933698984 -31.216566036192607
0.1611630908211002 -31.222132222803975
0.161187288272302 -31.227698323594556
0.1612114857235038 -31.23326433853626
0.1612356831747056 -31.23883026760104
0.16125988062590743 -31.244396110760846
0.16128407807710923 -31.24996186798758
0.16130827552831103 -31.255527539253162
0.16133247297951286 -31.26109312452955
0.16135667043071467 -31.266658623788594
0.16138086788191647 -31.272224037002246
0.16140506533311827 -31.27778936414237
0.16142926278432007 -31.283354605180843
0.16145346023552187 -31.288919760089588
0.16147765768672367 -31.294484828840467
0.16150185513792548 -31.300049811405326
0.1615260525891273 -31.305614707756064
0.1615502500403291 -31.31117951786452
0.1615744474915309 -31.316744241702555
0.16159864494273274 -31.32230887924199
0.16162284239393454 -31.327873430454684
0.16164703984513634 -31.333437895312453
0.16167123729633814 -31.339002273787155
0.16169543474753995 -31.344566565850567
0.16171963219874175 -31.350130771474525
0.16174382964994355 -31.355694890630822
0.16176802710114535 -31.3612589232913
0.16179222455234718 -31.366822869427693
0.16181642200354898 -31.37238672901182
0.16184061945475078 -31.377950502015462
0.1618648169059526 -31.383514188410373
0.16188901435715441 -31.389077788168354
0.16191321180835622 -31.39464130126114
0.16193740925955802 -31.400204727660498
0.16196160671075982 -31.405768067338173
0.16198580416196162 -31.411331320265905
0.16201000161316342 -31.416894514558102
0.16203419906436523 -31.42245766198854
0.16205839651556705 -31.428020722584634
0.16208259396676886 -31.43358369631811
0.16210679141797066 -31.439146583160678
0.1621309888691725 -31.44470938308404
0.1621551863203743 -31.450272096059887
0.1621793837715761 -31.455834722059922
0.1622035812227779 -31.46139726105582
0.1622277786739797 -31.46695971301926
0.1622519761251815 -31.472522077921937
0.1622761735763833 -31.4780843557355
0.1623003710275851 -31.483646546431594
0.16232456847878693 -31.489208649981908
0.16234876592998873 -31.494770666358068
0.16237296338119053 -31.500332595531717
0.16239716083239236 -31.505894437474492
0.16242135828359416 -31.511456132056733
0.16244555573479597 -31.517017731361662
0.16246975318599777 -31.52257924335019
0.16249395063719957 -31.528140667993906
0.16251814808840137 -31.53370200526441
0.16254234553960317 -31.539263255133307
0.16256654299080497 -31.544824417572194
0.1625907404420068 -31.550385492552643
0.1626149378932086 -31.555946480046227
0.1626391353444104 -31.561507380024537
0.16266333279561224 -31.56706819245913
0.16268753024681404 -31.57262891732154
0.16271172769801584 -31.57818955458336
0.16273592514921764 -31.583750104216115
0.16276012260041944 -31.58931056619134
0.16278432005162125 -31.594870940480593
0.16280851750282305 -31.600431227055378
0.16283271495402485 -31.605991425887225
0.16285691240522668 -31.61155153694764
0.16288110985642848 -31.61711156020816
0.16290530730763028 -31.62267149564026
0.1629295047588321 -31.628231343215433
0.1629537022100339 -31.633791102905175
0.16297789966123571 -31.639350774680985
0.16300209711243752 -31.644910358513993
0.16302629456363932 -31.65046985437463
0.16305049201484112 -31.656029262235748
0.16307468946604292 -31.661588582068806
0.16309888691724472 -31.667147813845254
0.16312308436844655 -31.672706957536548
0.16314728181964835 -31.678266013114104
0.16317147927085016 -31.68382498054936
0.16319567672205199 -31.689383859813777
0.1632198741732538 -31.694942650878737
0.1632440716244556 -31.70050135371565
0.1632682690756574 -31.706059968295957
0.1632924665268592 -31.711618494591022
0.163316663978061 -31.71717693257228
0.1633408614292628 -31.722735282211104
0.1633650588804646 -31.728293543478877
0.16338925633166643 -31.73385171634696
0.16341345378286823 -31.739409800786753
0.16343765123407003 -31.744967796769565
0.16346184868527186 -31.75052570426682
0.16348604613647366 -31.756083523249828
0.16351024358767546 -31.761641253689962
0.16353444103887727 -31.767198895558536
0.16355863849007907 -31.77275644882689
0.16358283594128087 -31.77831391346637
0.16360703339248267 -31.783871289448246
0.16363123084368447 -31.7894285767439
0.1636554282948863 -31.7949857753246
0.1636796257460881 -31.800542885161654
0.1637038231972899 -31.80609990622635
0.16372802064849173 -31.811656838489988
0.16375221809969354 -31.817213681923853
0.16377641555089534 -31.822770436499194
0.16380061300209714 -31.828327102187316
0.16382481045329894 -31.833883678959474
0.16384900790450074 -31.83944016678691
0.16387320535570254 -31.844996565640894
0.16389740280690435 -31.850552875492653
0.16392160025810618 -31.856109096313446
0.16394579770930798 -31.861665228074493
0.16396999516050978 -31.86722127074703
0.1639941926117116 -31.872777224302286
0.1640183900629134 -31.87833308871143
0.1640425875141152 -31.88388886394572
0.16406678496531701 -31.889444549976346
0.16409098241651882 -31.89500014677449
0.16411517986772062 -31.90055565431136
0.16413937731892242 -31.906111072558105
0.16416357477012422 -31.911666401485924
0.16418777222132605 -31.91722164106603
0.16421196967252785 -31.92277679126951
0.16423616712372965 -31.92833185206757
0.16426036457493148 -31.93388682343134
0.16428456202613329 -31.939441705331983
0.1643087594773351 -31.94499649774064
0.1643329569285369 -31.95055120062842
0.1643571543797387 -31.956105813966474
0.1643813518309405 -31.961660337725927
0.1644055492821423 -31.967214771877877
0.1644297467333441 -31.97276911639344
0.16445394418454592 -31.978323371243732
0.16447814163574773 -31.983877536399802
0.16450233908694953 -31.989431611832806
0.16452653653815136 -31.99498559751378
0.16455073398935316 -32.000539493413825
0.16457493144055496 -32.006093299504016
0.16459912889175676 -32.011647015755386
0.16462332634295856 -32.01720064213901
0.16464752379416037 -32.02275417862596
0.16467172124536217 -32.02830762518727
0.16469591869656397 -32.03386098179398
0.1647201161477658 -32.03941424841714
0.1647443135989676 -32.04496742502774
0.1647685110501694 -32.05052051159684
0.16479270850137123 -32.056073508095444
0.16481690595257303 -32.061626414494555
0.16484110340377484 -32.06717923076519
0.16486530085497664 -32.07273195687832
0.16488949830617844 -32.07828459280497
0.16491369575738024 -32.08383713851611
0.16493789320858204 -32.089389593982716
0.16496209065978384 -32.09494195917577
0.16498628811098567 -32.10049423406624
0.16501048556218748 -32.10604641862507
0.16503468301338928 -32.111598512823235
0.1650588804645911 -32.11715051663167
0.1650830779157929 -32.12270243002132
0.1651072753669947 -32.128254252963124
0.1651314728181965 -32.133805985428
0.1651556702693983 -32.139357627386886
0.16517986772060012 -32.14490917881069
0.16520406517180192 -32.15046063967035
0.16522826262300372 -32.156012009936745
0.16525246007420552 -32.16156328981474
0.16527665752540735 -32.167114478807335
0.16530085497660915 -32.17266557711932
0.16532505242781098 -32.17821658472164
0.16534924987901278 -32.183767501585095
0.16537344733021458 -32.18931832768062
0.1653976447814164 -32.19486906297904
0.1654218422326182 -32.20041970745124
0.16544603968382 -32.20597026106804
0.1654702371350218 -32.21152072380032
0.1654944345862236 -32.21707109561887
0.1655186320374254 -32.222621376494565
0.16554282948862722 -32.228171566398224
0.16556702693982903 -32.23372166530064
0.16559122439103086 -32.23927167317267
0.16561542184223266 -32.24482158998507
0.16563961929343446 -32.2503714157087
0.16566381674463626 -32.2559211503143
0.16568801419583806 -32.26147079377269
0.16571221164703986 -32.26702034605465
0.16573640909824167 -32.27256980713095
0.16576060654944347 -32.27811917697236
0.16578480400064527 -32.28366845554968
0.1658090014518471 -32.289217642833606
0.1658331989030489 -32.29476673879494
0.16585739635425073 -32.30031574340442
0.16588159380545253 -32.305864656632764
0.16590579125665433 -32.31141347845073
0.16592998870785614 -32.316962208829025
0.16595418615905794 -32.32251084773839
0.16597838361025974 -32.32805939514956
0.16600258106146154 -32.3336078510332
0.16602677851266334 -32.339156215360056
0.16605097596386514 -32.344704488100795
0.16607517341506697 -32.35025266922613
0.16609937086626878 -32.35580075870673
0.1661235683174706 -32.361348756513294
0.1661477657686724 -32.366896662616476
0.1661719632198742 -32.37244447698695
0.166196160671076 -32.37799219959538
0.1662203581222778 -32.38353983041244
0.1662445555734796 -32.38908736940875
0.16626875302468141 -32.39463481655496
0.16629295047588322 -32.40018217182174
0.16631714792708502 -32.40572943517967
0.16634134537828685 -32.41127660659942
0.16636554282948865 -32.41682368605159
0.16638974028069048 -32.4223706735068
0.16641393773189228 -32.42791760817535
0.16643813518309408 -32.43346447967324
0.16646233263429588 -32.439011259086385
0.16648653008549769 -32.44455794638537
0.1665107275366995 -32.45010454154078
0.1665349249879013 -32.455651044523194
0.1665591224391031 -32.46119745530319
0.1665833198903049 -32.46674377385133
0.16660751734150672 -32.47229000013815
0.16663171479270852 -32.477836134134215
0.16665591224391033 -32.4833821758101
0.16668010969511216 -32.48892812513632
0.16670430714631396 -32.49447398208341
0.16672850459751576 -32.5000197466219
0.16675270204871756 -32.50556541872233
0.16677689949991936 -32.5111109983552
0.16680109695112116 -32.517165568879165
0.16682529440232297 -32.53394093479005
0.16684949185352477 -32.55071657325369
0.1668736893047266 -32.5674924846596
0.1668978867559284 -32.58426866939768
0.1669220842071302 -32.60104512785829
0.16694628165833203 -32.61782186043211
0.16697047910953383 -32.6345988675103
0.16699467656073563 -32.651376149484385
0.16701887401193743 -32.668153706746295
0.16704307146313924 -32.684931539688414
0.16706726891434104 -32.701709648703485
0.16709146636554284 -32.71848803418468
0.16711566381674464 -32.7352666965256
0.16713986126794647 -32.75204563612021
0.16716405871914827 -32.76882485336288
0.16718825617035007 -32.785604348648455
0.1672124536215519 -32.80334789971938
0.1672366510727537 -32.82200066805478
0.1672608485239555 -32.84065383647294
0.1672850459751573 -32.85930740557112
0.1673092434263591 -32.87796137594726
0.1673334408775609 -32.89661574819999
0.16735763832876271 -32.91527052292865
0.16738183577996452 -32.93392570073331
0.16740603323116635 -32.95258128221473
0.16743023068236815 -32.971237267974324
0.16745442813356995 -32.98989365861428
0.16747862558477178 -33.00855045473746
0.16750282303597358 -33.027207656947425
0.16752702048717538 -33.045865265848484
0.16755121793837718 -33.064523282045634
0.16757541538957899 -33.08318170614459
0.1675996128407808 -33.10184053875177
0.1676238102919826 -33.12049971336284
0.1676480077431844 -33.13915929660114
0.16767220519438622 -33.157819290166465
0.16769640264558802 -33.17647969466807
0.16772060009678982 -33.19514051071598
0.16774479754799165 -33.21380173892096
0.16776899499919345 -33.232463379894405
0.16779319245039526 -33.25112543424851
0.16781738990159706 -33.269787902596214
0.16784158735279886 -33.28845078555112
0.16786578480400066 -33.307114083727605
0.16788998225520246 -33.32577779774075
0.16791417970640427 -33.34444192820638
0.1679383771576061 -33.36310647574107
0.1679625746088079 -33.381771440962076
0.1679867720600097 -33.40043682448742
0.16801096951121153 -33.419102657872045
0.16803516696241333 -33.437768948108086
0.16805936441361513 -33.45643565851191
0.16808356186481693 -33.47510278970443
0.16810775931601873 -33.49377034230744
0.16813195676722054 -33.51243831694338
0.16815615421842234 -33.53110671423547
0.16818035166962414 -33.54977553480767
0.16820454912082597 -33.56844477928475
0.16822874657202777 -33.587114448292084
0.16825294402322957 -33.60578454245592
0.1682771414744314 -33.62445506240327
0.1683013389256332 -33.643126008761776
0.168325536376835 -33.661797382159925
0.1683497338280368 -33.68046918322697
0.1683739312792386 -33.69914141259289
0.1683981287304404 -33.717814070888394
0.1684223261816422 -33.736487158745035
0.16844652363284401 -33.75516067679506
0.16847072108404584 -33.7738346256715
0.16849491853524765 -33.79250900600811
0.16851911598644945 -33.81118381843948
0.16854331343765128 -33.82985906360096
0.16856751088885308 -33.8485347421286
0.16859170834005488 -33.86721085465926
0.16861590579125668 -33.885887401830594
0.16864010324245848 -33.904564384281
0.16866430069366029 -33.92324180264967
0.1686884981448621 -33.94191965757654
0.1687126955960639 -33.96059794970237
0.16873689304726572 -33.97927667966867
0.16876109049846752 -33.99795584811771
0.16878528794966932 -34.01663545569259
0.16880948540087115 -34.03531550303716
0.16883368285207295 -34.05399599079603
0.16885788030327475 -34.072676919614636
0.16888207775447656 -34.09135829013922
0.16890627520567836 -34.11004010301677
0.16893047265688016 -34.12872235889507
0.16895467010808196 -34.14740505842269
0.16897886755928376 -34.16608820224906
0.1690030650104856 -34.18477179102431
0.1690272624616874 -34.203455825399395
0.1690514599128892 -34.22214030602612
0.16907565736409103 -34.240825233557
0.16909985481529283 -34.25951060864544
0.16912405226649463 -34.27819643194555
0.16914824971769643 -34.29688270411238
0.16917244716889823 -34.31556942580164
0.16919664462010003 -34.33425659766993
0.16922084207130184 -34.35294416148782
0.16924503952250364 -34.371632167315305
0.16926923697370547 -34.390320625291224
0.16929343442490727 -34.409009536075395
0.16931763187610907 -34.42769890032841
0.1693418293273109 -34.44638871871178
0.1693660267785127 -34.465078991887694
0.1693902242297145 -34.48376972051923
0.1694144216809163 -34.50246090527032
0.1694386191321181 -34.521152546805645
0.1694628165833199 -34.53984464579077
0.1694870140345217 -34.55853720289206
0.1695112114857235 -34.57723021877666
0.16953540893692534 -34.59592369411266
0.16955960638812714 -34.61461762956886
0.16958380383932894 -34.63331202581492
0.16960800129053077 -34.6520069061419
0.16963219874173258 -34.67070229439236
0.16965639619293438 -34.689398145452046
0.16968059364413618 -34.708094459993895
0.16970479109533798 -34.726791238691845
0.16972898854653978 -34.74548848222059
0.16975318599774158 -34.764186191255604
0.1697773834489434 -34.78288436647334
0.16980158090014522 -34.80158300855101
0.16982577835134702 -34.820282118166695
0.16984997580254882 -34.838981695999294
0.16987417325375065 -34.857681742728616
0.16989837070495245 -34.876382259035246
0.16992256815615425 -34.8950832456007
0.16994676560735605 -34.913784703107275
0.16997096305855786 -34.932486632238195
0.16999516050975966 -34.95118903367746
0.17001935796096146 -34.969891908110014
0.17004355541216326 -34.9885952562216
0.1700677528633651 -35.00729907869885
0.1700919503145669 -35.02600337622925
0.1701161477657687 -35.04470814950114
0.17014034521697052 -35.06341339920378
0.17016454266817232 -35.08211912602721
0.17018874011937413 -35.10082533066243
0.17021293757057593 -35.119532013801255
0.17023713502177773 -35.13823917613639
0.17026133247297953 -35.156946818361405
0.17028552992418133 -35.17565494117078
0.17030972737538314 -35.194363545259826
0.17033392482658496 -35.21307263132485
0.17035812227778677 -35.23178220006281
0.17038231972898857 -35.250492252171746
0.1704065171801904 -35.26920278835055
0.1704307146313922 -35.28791380929896
0.170454912082594 -35.30662531571758
0.1704791095337958 -35.32533730830799
0.1705033069849976 -35.344049787772576
0.1705275044361994 -35.362762754814675
0.1705517018874012 -35.381476210138494
0.170575899338603 -35.40019015444913
0.17060009678980484 -35.41890458845263
0.17062429424100664 -35.43761951285584
0.17064849169220844 -35.456334928366594
0.17067268914341027 -35.47505083569362
0.17069688659461207 -35.493767235546514
0.17072108404581388 -35.51248412863579
0.17074528149701568 -35.53120151567289
0.17076947894821748 -35.54991939737017
0.17079367639941928 -35.56863777444086
0.17081787385062108 -35.58735664759913
0.17084207130182288 -35.606076017560085
0.17086626875302469 -35.62479588503972
0.17089046620422652 -35.64351625075495
0.17091466365542832 -35.66223711542359
0.17093886110663015 -35.68095847976446
0.17096305855783195 -35.69968034449717
0.17098725600903375 -35.71840271034236
0.17101145346023555 -35.73712557802159
0.17103565091143735 -35.755848948257324
0.17105984836263916 -35.77457282177295
0.17108404581384096 -35.7932971992928
0.17110824326504276 -35.812022081542146
0.17113244071624456 -35.83074746924721
0.1711566381674464 -35.84947336313513
0.1711808356186482 -35.86819976393394
0.17120503306985002 -35.88445185005771
0.17122923052105182 -35.891280726155465
0.17125342797225362 -35.89810952055685
0.17127762542345543 -35.90493823323448
0.17130182287465723 -35.91176686416093
0.17132602032585903 -35.91859541330878
0.17135021777706083 -35.92542388065057
0.17137441522826263 -35.9322522661589
0.17139861267946443 -35.939080569806286
0.17142281013066626 -35.945908791565294
0.17144700758186807 -35.95273693140845
0.1714712050330699 -35.95956498930832
0.1714954024842717 -35.96639296523738
0.1715195999354735 -35.97322085916819
0.1715437973866753 -35.980048671073206
0.1715679948378771 -35.986876400925006
0.1715921922890789 -35.99370404869601
0.1716163897402807 -35.989785010088696
0.1716405871914825 -35.98074682243258
0.1716647846426843 -35.9717090037369
0.17168898209388614 -35.96267155385964
0.17171317954508794 -35.95363447265894
0.17173737699628977 -35.94459775999298
0.17176157444749157 -35.93556141572016
0.17178577189869337 -35.926525439698935
0.17180996934989518 -35.91748983178787
0.17183416680109698 -35.90845459184569
0.17185836425229878 -35.89941971973118
0.17188256170350058 -35.890385215303304
0.17190675915470238 -35.88135107842111
0.17193095660590418 -35.87231730894376
0.171955154057106 -35.86328390673055
0.17197935150830782 -35.85425087164087
0.17200354895950964 -35.84521820353426
0.17202774641071145 -35.83618590227034
0.17205194386191325 -35.82715396770889
0.17207614131311505 -35.818122399709765
0.17210033876431685 -35.80909119813294
0.17212453621551865 -35.80006036283856
0.17214873366672045 -35.791029893686776
0.17217293111792226 -35.78199979053801
0.17219712856912406 -35.77297005325264
0.1722213260203259 -35.763940681691246
0.1722455234715277 -35.75491167571456
0.1722697209227295 -35.74588303518335
0.17229391837393132 -35.73685475995851
0.17231811582513312 -35.7278268499011
0.17234231327633492 -35.71879930487226
0.17236651072753673 -35.70977212473328
0.17239070817873853 -35.70074530934548
0.17241490562994033 -35.69171885857036
0.17243910308114213 -35.68269277226957
0.17246330053234393 -35.67366705030479
0.17248749798354576 -35.664641692537884
0.17251169543474756 -35.655616698830784
0.17253589288594937 -35.64659206904555
0.1725600903371512 -35.63756780304437
0.172584287788353 -35.62854390068957
0.1726084852395548 -35.61952036184352
0.1726326826907566 -35.61049718636875
0.1726568801419584 -35.60147437412789
0.1726810775931602 -35.59245192498371
0.172705275044362 -35.58342983879907
0.1727294724955638 -35.574408115436924
0.17275366994676564 -35.565386754760404
0.17277786739796744 -35.55636575663266
0.17280206484916924 -35.547345115073874
0.17282626230037107 -35.53832477316158
0.17285045975157287 -35.529304793393294
0.17287465720277467 -35.520285175632665
0.17289885465397647 -35.51126591974347
0.17292305210517828 -35.502247025589575
0.17294724955638008 -35.49322849303501
0.17297144700758188 -35.484210321943834
0.17299564445878368 -35.47519251218029
0.1730198419099855 -35.466175063608695
0.1730440393611873 -35.457157976093534
0.17306823681238911 -35.448141249499315
0.17309243426359094 -35.43912488369073
0.17311663171479275 -35.43010887853257
0.17314082916599455 -35.42109323388972
0.17316502661719635 -35.41207794962716
0.17318922406839815 -35.40306302561004
0.17321342151959995 -35.39404849966131
0.17323761897080175 -35.38503436416047
0.17326181642200356 -35.37602058849622
0.17328601387320539 -35.36700717253411
0.1733102113244072 -35.35799411613984
0.173334408775609 -35.3489814191792
0.17335860622681082 -35.33996908151807
0.17338280367801262 -35.33095710302247
0.17340700112921442 -35.32194548355855
0.17343119858041622 -35.31293422299251
0.17345539603161803 -35.30392332119069
0.17347959348281983 -35.294912778019565
0.17350379093402163 -35.28590259334568
0.17352798838522343 -35.27689276703575
0.17355218583642526 -35.26788329895654
0.17357638328762706 -35.258874188974936
0.17360058073882886 -35.24986543695794
0.1736247781900307 -35.24085704277267
0.1736489756412325 -35.231849006286375
0.1736731730924343 -35.222841327366375
0.1736973705436361 -35.21383400588013
0.1737215679948379 -35.20482704169517
0.1737457654460397 -35.19582043467919
0.1737699628972415 -35.18681418469994
0.1737941603484433 -35.177808291625325
0.17381835779964513 -35.168802755323306
0.17384255525084694 -35.15979757566204
0.17386675270204874 -35.15079275250971
0.17389095015325057 -35.1417882857346
0.17391514760445237 -35.13278417520522
0.17393934505565417 -35.12378042079003
0.17396354250685597 -35.11477702235771
0.17398773995805777 -35.10577397977704
0.17401193740925958 -35.09677129291688
0.17403613486046138 -35.087768961646155
0.17406033231166318 -35.078766985833994
0.174084529762865 -35.06976536534956
0.1741087272140668 -35.06076410006215
0.1741329246652686 -35.051763189841196
0.17415712211647044 -35.04276263455618
0.17418131956767224 -35.033762434076756
0.17420551701887405 -35.02476258827266
0.17422971447007585 -35.01576309701368
0.17425391192127765 -35.00676396016982
0.17427810937247945 -34.99776517761108
0.17430230682368125 -34.98876674920763
0.17432650427488305 -34.979768674829764
0.17435070172608488 -34.97077095434782
0.17437489917728669 -34.96177358763232
0.1743990966284885 -34.95277657455382
0.17442329407969032 -34.94377991498304
0.17444749153089212 -34.93478360879077
0.17447168898209392 -34.92578765584791
0.17449588643329572 -34.91679205602547
0.17452008388449752 -34.90779680919461
0.17454428133569933 -34.89880191522653
0.17456847878690113 -34.88980737399257
0.17459267623810293 -34.88081318536417
0.17461687368930476 -34.87181934921286
0.17464107114050656 -34.86282586541032
0.17466526859170836 -34.853832733828305
0.1746894660429102 -34.84483995433869
0.174713663494112 -34.8358475268134
0.1747378609453138 -34.82685545112458
0.1747620583965156 -34.81786372714435
0.1747862558477174 -34.80887235474504
0.1748104532989192 -34.79988133379901
0.174834650750121 -34.7908906641788
0.1748588482013228 -34.78190034575699
0.17488304565252463 -34.77291037840627
0.17490724310372643 -34.76392076199948
0.17493144055492824 -34.75493149640956
0.17495563800613007 -34.74594258150945
0.17497983545733187 -34.73695401717238
0.17500403290853367 -34.72796580327155
0.17502823035973547 -34.71897793968027
0.17505242781093727 -34.709990426272014
0.17507662526213907 -34.7010032629203
0.17510082271334088 -34.69201644949881
0.17512502016454268 -34.68302998588128
0.17514921761574448 -34.674043871941585
0.17517341506694628 -34.665058107553655
0.17519761251814814 -34.65607269259159
0.17522180996934994 -34.629934145746894
0.17524600742055174 -34.601920328394314
0.17527020487175354 -34.573909095101314
0.17529440232295534 -34.54590044193534
0.17531859977415715 -34.517894364972065
0.17534279722535895 -34.489890860295255
0.17536699467656075 -34.46188992399694
0.17539119212776255 -34.433891552177236
0.17541538957896435 -34.40589574094437
0.17543958703016616 -34.37790248641468
0.175463784481368 -34.3499117847125
0.17548798193256981 -34.32192363197043
0.17551217938377162 -34.29393802432889
0.17553637683497342 -34.26595495793632
0.17556057428617522 -34.237974428949244
0.17558477173737702 -34.20999643353205
0.17560896918857882 -34.17262802975018
0.17563316663978062 -34.1193183533484
0.17565736409098243 -34.0660169074518
0.17568156154218423 -34.012723666989
0.17570575899338603 -33.95943860698417
0.1757299564445879 -33.90616170255649
0.1757541538957897 -33.85289292892005
0.1757783513469915 -33.799632261382804
0.1758025487981933 -33.74637967534638
0.1758267462493951 -33.693135146305586
0.1758509437005969 -33.63989864984786
0.1758751411517987 -33.58667016165289
0.1758993386030005 -33.53344965749205
0.1759235360542023 -33.48023711322794
0.1759477335054041 -33.42703250481393
0.1759719309566059 -33.37383580829374
0.17599612840780776 -33.320646999800715
0.17602032585900956 -33.26746611265918
0.17604452331021136 -33.214293076938866
0.17606872076141317 -33.16112785816234
0.17609291821261497 -33.10797043281795
0.17611711566381677 -33.054820777481666
0.17614131311501857 -33.00167886881657
0.17616551056622037 -32.948544683572415
0.17618970801742218 -32.89541819858515
0.17621390546862398 -32.84229939077656
0.17623810291982578 -32.78918823715379
0.17626230037102764 -32.73608471480875
0.17628649782222944 -32.68298880091823
0.17631069527343124 -32.62990047274272
0.17633489272463304 -32.57681970762647
0.17635909017583484 -32.52374648299694
0.17638328762703664 -32.47068077636438
0.17640748507823845 -32.42961273002238
0.17643168252944025 -32.415318881050844
0.17645587998064205 -32.401025749099325
0.17648007743184385 -32.38673333370163
0.17650427488304565 -32.37244163439208
0.1765284723342475 -32.35815065070553
0.1765526697854493 -32.34386038217739
0.1765768672366511 -32.329570828343506
0.17660106468785292 -32.31528198874029
0.17662526213905472 -32.30099386290461
0.17664945959025652 -32.286706450373934
0.17667365704145832 -32.272419750686154
0.17669785449266012 -32.25813376337973
0.17672205194386192 -32.24384848799359
0.17674624939506373 -32.22956392406721
0.17677044684626553 -32.21528007114052
0.17679464429746738 -32.20099692875401
0.1768188417486692 -32.2093356027296
0.176843039199871 -32.22410443105767
0.1768672366510728 -32.23887337628643
0.1768914341022746 -32.253642438614705
0.1769156315534764 -32.26841161824149
0.1769398290046782 -32.28318091536597
0.17696402645588 -32.297950330187476
0.1769882239070818 -32.312719862905574
0.1770124213582836 -32.32748951371995
0.1770366188094854 -32.34225928283047
0.17706081626068726 -32.35702917043724
0.17708501371188906 -32.371799176740424
0.17710921116309086 -32.386569301940504
0.17713340861429266 -32.40133954623801
0.17715760606549447 -32.4161099098338
0.17718180351669627 -32.43088039292875
0.17720600096789807 -32.44565097890675
0.17723019841909987 -32.46042163379005
0.17725439587030167 -32.475192408773445
0.17727859332150347 -32.48996330405854
0.17730279077270528 -32.50473431984721
0.17732698822390713 -32.51950545634151
0.17735118567510894 -32.534276713743594
0.17737538312631074 -32.549048092255866
0.17739958057751254 -32.563819592080904
0.17742377802871434 -32.57859121342149
0.17744797547991614 -32.593362956480526
0.17747217293111794 -32.60813482146114
0.17749637038231975 -32.62290680856665
0.17752056783352155 -32.63767891800051
0.17754476528472335 -32.65245114996642
0.17756896273592515 -32.667223504668215
0.177593160187127 -32.681995982309935
0.1776173576383288 -32.69676858309579
0.1776415550895306 -32.71154130723017
0.1776657525407324 -32.72631415491767
0.17768994999193422 -32.74108712636306
0.17771414744313602 -32.755860221771336
0.17773834489433782 -32.770633441347584
0.17776254234553962 -32.78540678529717
0.17778673979674142 -32.80018025382559
0.17781093724794322 -32.81495384713855
0.17783513469914503 -32.82972756544194
0.17785933215034688 -32.84450140894186
0.17788352960154868 -32.8592753778445
0.1779077270527505 -32.87404947235636
0.1779319245039523 -32.88882369268407
0.1779561219551541 -32.903598039034414
0.1779803194063559 -32.918372511614464
0.1780045168575577 -32.93314711063139
0.1780287143087595 -32.94792183629258
0.1780529117599613 -32.962696688805615
0.1780771092111631 -32.97747166837826
0.1781013066623649 -32.99224677521847
0.17812550411356676 -33.00702200953442
0.17814970156476856 -33.0217973715344
0.17817389901597036 -33.036572861426954
0.17819809646717216 -33.0513484794208
0.17822229391837396 -33.06612422572486
0.17824649136957577 -33.080900100548234
0.17827068882077757 -33.09567610410019
0.17829488627197937 -33.11045223659023
0.17831908372318117 -33.12522849822805
0.17834328117438297 -33.14000488922347
0.17836747862558477 -33.15478140978658
0.17839167607678663 -33.16955806012767
0.17841587352798843 -33.1843348404571
0.17844007097919024 -33.19911175098557
0.17846426843039204 -33.21388879192392
0.17848846588159384 -33.22866596348317
0.17851266333279564 -33.243443265874504
0.17853686078399744 -33.258220699309405
0.17856105823519924 -33.27299826399944
0.17858525568640105 -33.28777596015645
0.17860945313760285 -33.30255378799241
0.17863365058880465 -33.31733174771956
0.1786578480400065 -33.332109839550284
0.1786820454912083 -33.34688806369714
0.1787062429424101 -33.36166642037294
0.1787304403936119 -33.37644490979068
0.1787546378448137 -33.39122353216356
0.17877883529601551 -33.406002287704915
0.17880303274721732 -33.42078118514051
0.17882723019841912 -33.435560275577785
0.17885142764962092 -33.45033949982816
0.17887562510082272 -33.465118858105846
0.17889982255202452 -33.47989835062519
0.17892402000322638 -33.49467797760083
0.17894821745442818 -33.50945773924746
0.17897241490562998 -33.5242376357801
0.17899661235683179 -33.53901766741396
0.1790208098080336 -33.55379783436436
0.1790450072592354 -33.56857813684695
0.1790692047104372 -33.58335857507746
0.179093402161639 -33.598139149271915
0.1791175996128408 -33.61291985964649
0.1791417970640426 -33.627700706417585
0.1791659945152444 -33.64248168980176
0.17919019196644626 -33.65726281001587
0.17921438941764806 -33.66714659740881
0.17923858686884986 -33.67369214638293
0.17926278432005166 -33.68023759440104
0.17928698177125346 -33.68678294143267
0.17931117922245526 -33.69332818744736
0.17933537667365707 -33.699873332414704
0.17935957412485887 -33.70641837630419
0.17938377157606067 -33.71296331908536
0.17940796902726247 -33.71950816072777
0.17943216647846427 -33.72605290120094
0.17945636392966613 -33.732597540474366
0.17948056138086793 -33.73914207851756
0.17950475883206973 -33.74568651530003
0.17952895628327153 -33.75223085079129
0.17955315373447334 -33.758775084960796
0.17957735118567514 -33.76531921777808
0.17960154863687694 -33.771160432767815
0.17962574608807874 -33.76672295800984
0.17964994353928054 -33.7622855738776
0.17967414099048234 -33.75784828036953
0.17969833844168415 -33.75341107748414
0.179722535892886 -33.74897396521985
0.1797467333440878 -33.74453694357514
0.1797709307952896 -33.74010001254849
0.1797951282464914 -33.73566317213842
0.1798193256976932 -33.73122642234336
0.179843523148895 -33.7267897631619
0.17986772060009681 -33.72235319459249
0.17989191805129862 -33.717916716633674
0.17991611550250042 -33.71348032928397
0.17994031295370222 -33.70904403254195
0.17996451040490402 -33.7046078264061
0.17998870785610582 -33.700171710875004
0.18001290530730768 -33.69573568594724
0.18003710275850948 -33.691299751621386
0.18006130020971128 -33.686863907895976
0.18008549766091309 -33.68242815476963
0.1801096951121149 -33.67799249224093
0.1801338925633167 -33.67355692030847
0.1801580900145185 -33.66912143897089
0.1801822874657203 -33.66468604822678
0.1802064849169221 -33.66025074807477
0.1802306823681239 -33.65581553851351
0.1802548798193257 -33.651380419541624
0.18027907727052755 -33.64694539115778
0.18030327472172936 -33.64251045336062
0.18032747217293116 -33.638075606148846
0.18035166962413296 -33.63364084952109
0.18037586707533476 -33.62920618347607
0.18040006452653656 -33.62477160801245
0.18042426197773836 -33.62033712312893
0.18044845942894017 -33.615902728824246
0.18047265688014197 -33.6114684250971
0.18049685433134377 -33.607034211946186
0.18052105178254557 -33.60260008937029
0.18054524923374743 -33.5981660573681
0.18056944668494923 -33.593732115938394
0.18059364413615103 -33.58929826507992
0.18061784158735283 -33.58486450479147
0.18064203903855464 -33.58043083507175
0.18066623648975644 -33.57599725591962
0.18069043394095824 -33.57156376733379
0.18071463139216004 -33.567130369313105
0.18073882884336184 -33.562697061856376
0.18076302629456364 -33.558263844962376
0.18078722374576545 -33.553830718629975
0.1808114211969673 -33.54939768285795
0.1808356186481691 -33.544964737645145
0.1808598160993709 -33.54053188299044
0.1808840135505727 -33.53609911889268
0.1809082110017745 -33.5316664453507
0.1809324084529763 -33.527233862363396
0.1809566059041781 -33.52280136992962
0.18098080335537992 -33.51836896804828
0.18100500080658172 -33.513936656718236
0.18102919825778352 -33.50950443593843
0.18105339570898532 -33.50507230570774
0.18107759316018718 -33.50064026602508
0.18110179061138898 -33.496208316889415
0.18112598806259078 -33.49177645829963
0.18115018551379258 -33.48734469025471
0.18117438296499438 -33.48291301275355
0.1811985804161962 -33.47848142579516
0.181222777867398 -33.474049865510636
0.1812469753185998 -33.46961839178925
0.1812711727698016 -33.465187008610485
0.1812953702210034 -33.46075571597333
0.1813195676722052 -33.45632451387681
0.18134376512340705 -33.4518934023199
0.18136796257460885 -33.447462381301605
0.18139216002581066 -33.443031450821
0.18141635747701246 -33.43860061087704
0.18144055492821426 -33.43416986146883
0.18146475237941606 -33.429739202595364
0.18148894983061786 -33.42530863425571
0.18151314728181966 -33.42087815644894
0.18153734473302147 -33.4164477691741
0.18156154218422327 -33.412017472430264
0.18158573963542507 -33.40758726621657
0.18160993708662693 -33.40315717838532
0.18163413453782873 -33.3987272210516
0.18165833198903053 -33.39429735424231
0.18168252944023233 -33.38986757795657
0.18170672689143413 -33.385437892193565
0.18173092434263594 -33.38100829695234
0.18175512179383774 -33.3765787922321
0.18177931924503954 -33.37214937803194
0.18180351669624134 -33.36772005435109
0.18182771414744314 -33.36329082118865
0.18185191159864494 -33.358861678543796
0.1818761090498468 -33.35443262641573
0.1819003065010486 -33.350003664803644
0.1819245039522504 -33.345574793706746
0.1819487014034522 -33.3411460131242
0.181972898854654 -33.33671732305527
0.1819970963058558 -33.33228872349911
0.1820212937570576 -33.32786021445501
0.1820454912082594 -33.32343179592218
0.18206968865946122 -33.319003467899854
0.18209388611066302 -33.3145752303873
0.18211808356186482 -33.31014708338378
0.18214228101306668 -33.30571902688854
0.18216647846426848 -33.301291060900894
0.18219067591547028 -33.29686318542009
0.18221487336667208 -33.29243540044544
0.18223907081787388 -33.28800770597623
0.18226326826907568 -33.28358010201179
0.1822874657202775 -33.279152588551405
0.1823116631714793 -33.27472516559441
0.1823358606226811 -33.27029783314017
0.1823600580738829 -33.26587059118796
0.1823842555250847 -33.26144343973718
0.18240845297628655 -33.25701637878718
0.18243265042748835 -33.252589408337286
0.18245684787869015 -33.2481625283869
0.18248104532989196 -33.24373573893541
0.18250524278109376 -33.23930903998219
0.18252944023229556 -33.23488243152662
0.18255363768349736 -33.230455913568115
0.18257783513469916 -33.226029486106086
0.18260203258590096 -33.221603149139966
0.18262623003710277 -33.21717690266916
0.18265042748830457 -33.21275074669309
0.18267462493950642 -33.208324681211245
0.18269882239070823 -33.20389870622304
0.18272301984191003 -33.19947282172793
0.18274721729311183 -33.19504702772541
0.18277141474431363 -33.19062132421492
0.18279561219551543 -33.18619571119596
0.18281980964671724 -33.18177018866802
0.18284400709791904 -33.1773447566306
0.18286820454912084 -33.1729194150832
0.18289240200032264 -33.168494164025326
0.18291659945152444 -33.164069003456504
0.1829407969027263 -33.15964393337627
0.1829649943539281 -33.155218953784136
0.1829891918051299 -33.15079406467971
0.1830133892563317 -33.14636926606247
0.1830375867075335 -33.1419445579332
0.1830617841587353 -33.137519940290396
0.1830859816099371 -33.13309541313348
0.1831101790611389 -33.12867097646208
0.1831343765123407 -33.12424663027575
0.18315857396354251 -33.119822374574134
0.18318277141474432 -33.115398209356805
0.18320696886594617 -33.11097413462338
0.18323116631714798 -33.1065501503735
0.18325536376834978 -33.10212625660679
0.18327956121955158 -33.097702453322874
0.18330375867075338 -33.093278740521406
0.18332795612195518 -33.08885511820207
0.18335215357315698 -33.084431586364495
0.18337635102435879 -33.080008145008364
0.1834005484755606 -33.075584794133334
0.1834247459267624 -33.07116153373913
0.1834489433779642 -33.06673836382542
0.18347314082916605 -33.06231528439191
0.18349733828036785 -33.05789229543832
0.18352153573156965 -33.05346939696435
0.18354573318277145 -33.04904658896974
0.18356993063397326 -33.04462387145419
0.18359412808517506 -33.040201244417496
0.18361832553637686 -33.035778707859386
0.18364252298757866 -33.03135626177961
0.18366672043878046 -33.026933906177916
0.18369091788998226 -33.02251164105408
0.18371511534118407 -33.01808946640793
0.18373931279238592 -33.01366738223917
0.18376351024358772 -33.009245388547676
0.18378770769478953 -33.00482348533322
0.18381190514599133 -33.000401672595615
0.18383610259719313 -32.995979950334664
0.18386030004839493 -32.99155831855022
0.18388449749959673 -32.9871367772421
0.18390869495079853 -32.982715326410165
0.18393289240200034 -32.97829396605422
0.18395708985320214 -32.97387269617419
0.18398128730440394 -32.96945151676987
0.1840054847556058 -32.96503042784119
0.1840296822068076 -32.96060942938802
0.1840538796580094 -32.95618852141023
0.1840780771092112 -32.95176770390772
0.184102274560413 -32.947346976880425
0.1841264720116148 -32.942926340328206
0.1841506694628166 -32.938505794251036
0.1841748669140184 -32.93408533864881
0.1841990643652202 -32.92966497352149
0.184223261816422 -32.92524469886898
0.18424745926762381 -32.92082451469127
0.18427165671882567 -32.91640442098828
0.18429585417002747 -32.91198441776002
0.18432005162122927 -32.90756450500643
0.18434424907243108 -32.903144682727536
0.18436844652363288 -32.898724950923274
0.18439264397483468 -32.89430530959369
0.18441684142603648 -32.889885758738764
0.18444103887723828 -32.8854662983585
0.18446523632844009 -32.881046928452925
0.1844894337796419 -32.87662764902211
0.1845136312308437 -32.87220846006605
0.18453782868204555 -32.86778936158477
0.18456202613324735 -32.86337035357835
0.18458622358444915 -32.85895143604687
0.18461042103565095 -32.85453260899038
0.18463461848685275 -32.85011387240895
0.18465881593805455 -32.845695226302674
0.18468301338925636 -32.84127667067161
0.18470721084045816 -32.83685820551591
0.18473140829165996 -32.83243983083565
0.18475560574286176 -32.82802154663093
0.18477980319406356 -32.8236033529019
0.18480400064526542 -32.81918524964868
0.18482819809646722 -32.81476723687139
0.18485239554766902 -32.8103493145702
0.18487659299887083 -32.80593148274527
0.18490079045007263 -32.801513741396725
0.18492498790127443 -32.797096090524775
0.18494918535247623 -32.792678530129535
0.18497338280367803 -32.78826106021127
0.18499758025487983 -32.78384368077011
0.18502177770608164 -32.77942639180627
0.18504597515728344 -32.77500919331997
0.1850701726084853 -32.770592085311385
0.1850943700596871 -32.76617506778081
0.1851185675108889 -32.76175814072841
0.1851427649620907 -32.75734130415444
0.1851669624132925 -32.75292455805915
0.1851911598644943 -32.748507902442796
0.1852153573156961 -32.744091337305626
0.1852395547668979 -32.73967486264793
0.1852637522180997 -32.735258478469966
0.1852879496693015 -32.73084218477202
0.1853121471205033 -32.7264259815544
0.18533634457170517 -32.72200986881737
0.18536054202290697 -32.71759384656128
0.18538473947410877 -32.713177914786414
0.18540893692531057 -32.7087620734931
0.18543313437651238 -32.704346322681666
0.18545733182771418 -32.699930662352465
0.18548152927891598 -32.695515092505836
0.18550572673011778 -32.69109961314212
0.18552992418131958 -32.68668422407163
0.18555412163252138 -32.682268925674904
0.1855783190837232 -32.67785371776221
0.185602516534925 -32.67374287190068
0.18562671398612685 -32.67225347458745
0.18565091143732865 -32.670764061765524
0.18567510888853045 -32.66927463344312
0.18569930633973225 -32.66778518962854
0.18572350379093405 -32.666295730330035
0.18574770124213585 -32.66480625555591
0.18577189869333766 -32.663316765314434
0.18579609614453946 -32.6618272596139
0.18582029359574126 -32.66033773846259
0.18584449104694306 -32.658848201868814
0.18586868849814486 -32.65735864984089
0.18589288594934672 -32.65586908238707
0.18591708340054852 -32.65437949951575
0.18594128085175032 -32.652889901235184
0.18596547830295213 -32.6514002875537
0.18598967575415393 -32.64991065847965
0.18601387320535573 -32.649091802977075
0.18603807065655753 -32.64877209887943
0.18606226810775933 -32.648452347630396
0.18608646555896113 -32.648132549233736
0.18611066301016294 -32.64781270369323
0.18613486046136474 -32.64749281101264
0.1861590579125666 -32.647172871195686
0.1861832553637684 -32.64685288424621
0.1862074528149702 -32.64653285016796
0.186231650266172 -32.64621276896473
0.1862558477173738 -32.645892640640305
0.1862800451685756 -32.6455724651985
0.1863042426197774 -32.64525224264311
0.1863284400709792 -32.644931972977936
0.186352637522181 -32.64461165620682
0.1863768349733828 -32.64429129233357
0.1864010324245846 -32.64397088136202
0.18642522987578647 -32.643650423296
0.18644942732698827 -32.64332991813934
0.18647362477819007 -32.6430093658959
0.18649782222939187 -32.64268876656953
0.18652201968059368 -32.642368120164086
0.18654621713179548 -32.64204742668341
0.18657041458299728 -32.64172668613143
0.18659461203419908 -32.64140589851197
0.18661880948540088 -32.64108506382892
0.18664300693660268 -32.640764182086166
0.1866672043878045 -32.6404432532876
0.18669140183900634 -32.64012227743714
0.18671559929020815 -32.639801254538675
0.18673979674140995 -32.6394801845961
0.18676399419261175 -32.63915906761337
0.18678819164381355 -32.63883790359438
0.18681238909501535 -32.63851669254305
0.18683658654621715 -32.63819543446333
0.18686078399741896 -32.63787412935917
0.18688498144862076 -32.6375527772345
0.18690917889982256 -32.63723137809326
0.18693337635102436 -32.63690993193942
0.18695757380222622 -32.63658843877695
0.18698177125342802 -32.636266898609804
0.18700596870462982 -32.63594531144198
0.18703016615583162 -32.63562367727743
0.18705436360703342 -32.63530199612016
0.18707856105823523 -32.63498026797415
0.18710275850943703 -32.63465849284342
0.18712695596063883 -32.63433667073195
0.18715115341184063 -32.63401480164377
0.18717535086304243 -32.63369288558288
0.18719954831424424 -32.63337092255332
0.1872237457654461 -32.63304891255908
0.1872479432166479 -32.632726855604254
0.1872721406678497 -32.63240475169284
0.1872963381190515 -32.63208260082889
0.1873205355702533 -32.631760403016465
0.1873447330214551 -32.63143815825961
0.1873689304726569 -32.63111586656242
0.1873931279238587 -32.63079352792891
0.1874173253750605 -32.63047114236321
0.1874415228262623 -32.63014870986937
0.1874657202774641 -32.629826230451485
0.18748991772866597 -32.62950370411365
0.18751411517986777 -32.62918113085997
0.18753831263106957 -32.62885851069454
0.18756251008227137 -32.6285358436215
0.18758670753347317 -32.62821312964492
0.18761090498467498 -32.627890368768945
0.18763510243587678 -32.62756756099772
0.18765929988707858 -32.62724470633536
0.18768349733828038 -32.62692180478602
0.18770769478948218 -32.62659885635385
0.18773189224068398 -32.626275861042984
0.18775608969188584 -32.62595281885759
0.18778028714308764 -32.625629729801844
0.18780448459428944 -32.62530659387991
0.18782868204549125 -32.62498341109596
0.18785287949669305 -32.62466018145418
0.18787707694789485 -32.62433690495878
0.18790127439909665 -32.62401358161394
0.18792547185029845 -32.62369021142383
0.18794966930150026 -32.6233667943927
0.18797386675270206 -32.62304333052476
0.18799806420390386 -32.62271981982421
0.18802226165510572 -32.62239626229529
0.18804645910630752 -32.622072657942226
0.18807065655750932 -32.62174900676926
0.18809485400871112 -32.62142530878062
0.18811905145991292 -32.62110156398058
0.18814324891111472 -32.620777772373394
0.18816744636231653 -32.620453933963304
0.18819164381351833 -32.620130048754575
0.18821584126472013 -32.619806116751505
0.18824003871592193 -32.61948213795837
0.18826423616712373 -32.619158112379424
0.1882884336183256 -32.61883404001902
0.1883126310695274 -32.61850992088141
0.1883368285207292 -32.61818575497089
0.188361025971931 -32.61786154229181
0.1883852234231328 -32.61753728284846
0.1884094208743346 -32.61721297664517
0.1884336183255364 -32.616888623686265
0.1884578157767382 -32.616564223976084
0.18848201322794 -32.61623977751896
0.1885062106791418 -32.615915284319264
0.1885304081303436 -32.615590744381315
0.18855460558154546 -32.615266157709485
0.18857880303274727 -32.61494152430814
0.18860300048394907 -32.61461684418167
0.18862719793515087 -32.61429211733443
0.18865139538635267 -32.613967343770796
0.18867559283755447 -32.6136425234952
0.18869979028875628 -32.61331765651199
0.18872398773995808 -32.6129927428256
0.18874818519115988 -32.612667782440404
0.18877238264236168 -32.612342775360844
0.18879658009356348 -32.61201772159135
0.18882077754476534 -32.61169262113632
0.18884497499596714 -32.61136747400019
0.18886917244716894 -32.611042280187434
0.18889336989837074 -32.61071703970245
0.18891756734957255 -32.61039175254972
0.18894176480077435 -32.61006641873367
0.18896596225197615 -32.60974103825881
0.18899015970317795 -32.609415611129585
0.18901435715437975 -32.60909013735046
0.18903855460558155 -32.608764616925924
0.18906275205678336 -32.60843904986048
0.1890869495079852 -32.60811343615859
0.18911114695918702 -32.60778777582479
0.18913534441038882 -32.607462068863576
0.18915954186159062 -32.60713631527943
0.18918373931279242 -32.60681051507692
0.18920793676399422 -32.60648466826053
0.18923213421519602 -32.60615877483483
0.18925633166639783 -32.605832834804325
0.18928052911759963 -32.60550684817357
0.18930472656880143 -32.60518081494711
0.18932892402000323 -32.60485473512953
0.1893531214712051 -32.60452860872533
0.1893773189224069 -32.60420243573914
0.1894015163736087 -32.603876216175514
0.1894257138248105 -32.603549950039024
0.1894499112760123 -32.60322363733427
0.1894741087272141 -32.60289727806584
0.1894983061784159 -32.60257087223833
0.1895225036296177 -32.60224441985635
0.1895467010808195 -32.60191792092451
0.1895708985320213 -32.60159137544742
0.1895950959832231 -32.60126478342972
0.18961929343442496 -32.60093814487603
0.18964349088562676 -32.600611459791004
0.18966768833682857 -32.60028472817927
0.18969188578803037 -32.59995795004548
0.18971608323923217 -32.599631125394275
0.18974028069043397 -32.599304254230354
0.18976447814163577 -32.598977336558356
0.18978867559283757 -32.59865037238296
0.18981287304403938 -32.59832336170885
0.18983707049524118 -32.59799630454072
0.18986126794644298 -32.59766920088325
0.18988546539764484 -32.59734205074115
0.18990966284884664 -32.597014854119124
0.18993386030004844 -32.59668761102188
0.18995805775125024 -32.596360321454135
0.18998225520245204 -32.59603298542063
0.19000645265365385 -32.59570560292607
0.19003065010485565 -32.59537817397521
0.19005484755605745 -32.59505069857281
0.19007904500725925 -32.594723176723576
0.19010324245846105 -32.5943956084323
0.19012743990966285 -32.59406799370373
0.1901516373608647 -32.59374033254264
0.1901758348120665 -32.59341262495379
0.19020003226326831 -32.59308487094199
0.19022422971447012 -32.59275707051202
0.19024842716567192 -32.59242922366865
0.19027262461687372 -32.59210133041671
0.19029682206807552 -32.59177339076099
0.19032101951927732 -32.59144540470629
0.19034521697047913 -32.591117372257486
0.19036941442168093 -32.59078929341934
0.19039361187288273 -32.59046116819672
0.19041780932408459 -32.59013299659445
0.1904420067752864 -32.58980477861738
0.1904662042264882 -32.58947651427035
0.19049040167769 -32.58914820355823
0.1905145991288918 -32.58881984648589
0.1905387965800936 -32.5884914430582
0.1905629940312954 -32.58816299328002
0.1905871914824972 -32.587834497156244
0.190611388933699 -32.58750595469176
0.1906355863849008 -32.58717736589146
0.1906597838361026 -32.58684873076025
0.19068398128730446 -32.58652004930305
0.19070817873850626 -32.58619132152475
0.19073237618970806 -32.585862547430295
0.19075657364090987 -32.58553372702459
0.19078077109211167 -32.5852048603126
0.19080496854331347 -32.584875947299224
0.19082916599451527 -32.58454698798945
0.19085336344571707 -32.584217982388225
0.19087756089691887 -32.58388893050048
0.19090175834812068 -32.58355983233119
0.19092595579932248 -32.58323068788537
0.19095015325052433 -32.58290149716794
0.19097435070172614 -32.58257226018392
0.19099854815292794 -32.58224297693829
0.19102274560412974 -32.58191364743605
0.19104694305533154 -32.5815842716822
0.19107114050653334 -32.58125484968178
0.19109533795773515 -32.58092538143976
0.19111953540893695 -32.58059586696121
0.19114373286013875 -32.580266306251126
0.19116793031134055 -32.57993669931457
0.19119212776254235 -32.57960704615655
0.19121632521374415 -32.584569324621384
0.191240522664946 -32.5920833646263
0.1912647201161478 -32.59959729261469
0.19128891756734961 -32.6071111085582
0.19131311501855142 -32.61462481242843
0.19133731246975322 -32.62213840419699
0.19136150992095502 -32.629651883835514
0.19138570737215682 -32.637165251315565
0.19140990482335862 -32.644678506608784
0.19143410227456042 -32.65219164968674
0.19145829972576223 -32.65970468052101
0.19148249717696403 -32.66721759908323
0.19150669462816589 -32.67473040534495
0.1915308920793677 -32.68224309927773
0.1915550895305695 -32.68975568085315
0.1915792869817713 -32.69726815004282
0.1916034844329731 -32.70628664246726
0.1916276818841749 -32.724258350177934
0.1916518793353767 -32.74223027446769
0.1916760767865785 -32.760202415746335
0.1917002742377803 -32.7781747744242
0.1917244716889821 -32.796147350911994
0.1917486691401839 -32.8141201456209
0.19177286659138576 -32.832093158962614
0.19179706404258756 -32.85006639134914
0.19182126149378936 -32.868039843193046
0.19184545894499117 -32.88601351490732
0.19186965639619297 -32.90398740690539
0.19189385384739477 -32.92196151960117
0.19191805129859657 -32.93993585340901
0.19194224874979837 -32.95791040874369
0.19196644620100017 -32.975885186020484
0.19199064365220198 -32.993860185655095
0.19201484110340378 -33.01183540806372
0.19203903855460563 -33.02981085366302
0.19206323600580744 -33.04778652286996
0.19208743345700924 -33.06576241610218
0.19211163090821104 -33.08373853377768
0.19213582835941284 -33.10171487631491
0.19216002581061464 -33.11969144413283
0.19218422326181644 -33.137668237650814
0.19220842071301825 -33.15564525728874
0.19223261816422005 -33.17362250346692
0.19225681561542185 -33.191599976606156
0.19228101306662365 -33.20957767712771
0.1923052105178255 -33.22755560545331
0.1923294079690273 -33.245533762005095
0.1923536054202291 -33.26351214720577
0.19237780287143091 -33.28149076147848
0.19240200032263272 -33.29946960524679
0.19242619777383452 -33.31744867893478
0.19245039522503632 -33.335427982967026
0.19247459267623812 -33.35340751776851
0.19249879012743992 -33.37138728376475
0.19252298757864172 -33.3893672813817
0.19254718502984353 -33.407347511045806
0.19257138248104538 -33.42532797318404
0.19259557993224719 -33.4433086682237
0.192619777383449 -33.46128959659271
0.1926439748346508 -33.47927075871942
0.1926681722858526 -33.49725215503268
0.1926923697370544 -33.51523378596179
0.1927165671882562 -33.533215651936565
0.192740764639458 -33.55119775338727
0.1927649620906598 -33.569180090744666
0.1927891595418616 -33.58716266443999
0.1928133569930634 -33.60514547490501
0.19283755444426526 -33.62312852257196
0.19286175189546706 -33.64111180787348
0.19288594934666886 -33.65909533124278
0.19291014679787066 -33.67707909311357
0.19293434424907246 -33.695063093920005
0.19295854170027427 -33.71304733409675
0.19298273915147607 -33.73103181407895
0.19300693660267787 -33.74901653430228
0.19303113405387967 -33.76700149520286
0.19305533150508147 -33.78498669721732
0.19307952895628328 -33.802972140782806
0.19310372640748513 -33.82095782633696
0.19312792385868693 -33.83894375431783
0.19315212130988874 -33.85692992516406
0.19317631876109054 -33.8749163393148
0.19320051621229234 -33.892902997209646
0.19322471366349414 -33.910889899288705
0.19324891111469594 -33.92887704599262
0.19327310856589774 -33.94686443776249
0.19329730601709955 -33.96485207503994
0.19332150346830135 -33.98283995826709
0.19334570091950315 -34.0008280878866
0.193369898370705 -34.018816464341626
0.1933940958219068 -34.03680508807573
0.1934182932731086 -34.054793959533114
0.1934424907243104 -34.07278307915841
0.1934666881755122 -34.090772447396816
0.19349088562671402 -34.108762064694
0.19351508307791582 -34.12675193149613
0.19353928052911762 -34.14474204824996
0.19356347798031942 -34.162732415402665
0.19358767543152122 -34.180723033401996
0.19361187288272302 -34.198713902696184
0.19363607033392488 -34.21670502373402
0.19366026778512668 -34.23469639696473
0.19368446523632848 -34.25268802283811
0.1937086626875303 -34.27067990180449
0.1937328601387321 -34.288672034314736
0.1937570575899339 -34.306664420820155
0.1937812550411357 -34.32465706177263
0.1938054524923375 -34.34264995762458
0.1938296499435393 -34.36064310882891
0.1938538473947411 -34.37863651583906
0.1938780448459429 -34.396630179109
0.19390224229714476 -34.41462409909329
0.19392643974834656 -34.43261827624684
0.19395063719954836 -34.450612711025265
0.19397483465075016 -34.468607403884626
0.19399903210195196 -34.48660235528155
0.19402322955315376 -34.50459756567317
0.19404742700435557 -34.522593035517154
0.19407162445555737 -34.54058876527173
0.19409582190675917 -34.5585847553956
0.19412001935796097 -34.57658100634807
0.19414421680916277 -34.59457751858895
0.19416841426036463 -34.61257429257862
0.19419261171156643 -34.63057132877786
0.19421680916276823 -34.648568627648174
0.19424100661397004 -34.66656618965149
0.19426520406517184 -34.68456401525034
0.19428940151637364 -34.70256210490776
0.19431359896757544 -34.720560459087324
0.19433779641877724 -34.73855907825318
0.19436199386997904 -34.756557962870005
0.19438619132118085 -34.77455711340301
0.19441038877238265 -34.7925565012875
0.1944345862235845 -34.81055611743021
0.1944587836747863 -34.82855600088384
0.1944829811259881 -34.846556152115845
0.1945071785771899 -34.864556571594164
0.1945313760283917 -34.88255725978728
0.1945555734795935 -34.900558217164324
0.19457977093079531 -34.91855944419486
0.19460396838199712 -34.93656094134906
0.19462816583319892 -34.95456270909765
0.19465236328440072 -34.97256474791194
0.19467656073560252 -34.99056705826373
0.19470075818680438 -35.00856964062548
0.19472495563800618 -35.02657249547006
0.19474915308920798 -35.044575623271044
0.19477335054040978 -35.06257902450247
0.19479754799161159 -35.080582699639024
0.1948217454428134 -35.0985867099537
0.1948459428940152 -35.116591001984055
0.194870140345217 -35.13459556935108
0.1948943377964188 -35.152600412531704
0.1949185352476206 -35.17060553200339
0.1949427326988224 -35.1886109282442
0.19496693015002425 -35.20661660173279
0.19499112760122606 -35.224622552948254
0.19501532505242786 -35.24262878237041
0.19503952250362966 -35.26063529047955
0.19506371995483146 -35.27864207775662
0.19508791740603326 -35.29664914468312
0.19511211485723506 -35.314656491741054
0.19513631230843687 -35.332664119413096
0.19516050975963867 -35.35067202818242
0.19518470721084047 -35.36868021853286
0.19520890466204227 -35.386688690948766
0.19523310211324413 -35.40469744591514
0.19525729956444593 -35.42270648391744
0.19528149701564773 -35.440715805441805
0.19530569446684953 -35.458725410974964
0.19532989191805133 -35.47673530100421
0.19535408936925314 -35.4947454760174
0.19537828682045494 -35.512755936503
0.19540248427165674 -35.53076668295008
0.19542668172285854 -35.54877771584827
0.19545087917406034 -35.566789035687805
0.19547507662526215 -35.58480064295953
0.195499274076464 -35.60281253815488
0.1955234715276658 -35.620824721765786
0.1955476689788676 -35.63883719428491
0.1955718664300694 -35.65684995620549
0.1955960638812712 -35.67486300802128
0.195620261332473 -35.6928763502267
0.1956444587836748 -35.710889983316754
0.19566865623487661 -35.72890390778706
0.19569285368607842 -35.74691812413377
0.19571705113728022 -35.764932632853736
0.19574124858848202 -35.78294743444437
0.19576544603968388 -35.80096252940372
0.19578964349088568 -35.818977918230324
0.19581384094208748 -35.83699360142345
0.19583803839328928 -35.85500957948296
0.19586223584449108 -35.87302585290928
0.19588643329569289 -35.891042422203476
0.1959106307468947 -35.90905928786721
0.1959348281980965 -35.927076450402794
0.1959590256492983 -35.94509391031312
0.1959832231005001 -35.96311166810166
0.1960074205517019 -35.9811297242726
0.19603161800290375 -35.9991480793307
0.19605581545410555 -36.01716673378126
0.19608001290530735 -36.03518568813028
0.19610421035650916 -36.05320494288441
0.19612840780771096 -36.07122449855084
0.19615260525891276 -36.08924435563749
0.19617680271011456 -36.10726451465273
0.19620100016131636 -36.125284976105746
0.19622519761251817 -36.143305740506236
0.19624939506371997 -36.16132680836457
0.19627359251492177 -36.17934818019174
0.19629778996612363 -36.197369856499364
0.19632198741732543 -36.21539183779965
0.19634618486852723 -36.233414124605524
0.19637038231972903 -36.25143671743047
0.19639457977093083 -36.26945961678865
0.19641877722213263 -36.26461998180889
0.19644297467333444 -36.25318131609811
0.19646717212453624 -36.241743233370315
0.19649136957573804 -36.23030573332437
0.19651556702693984 -36.21886881565955
0.19653976447814164 -36.2074324800753
0.1965639619293435 -36.19599672627141
0.1965881593805453 -36.18456155394803
0.1966123568317471 -36.17312696280555
0.1966365542829489 -36.161692952544605
0.1966607517341507 -36.150259522866214
0.1966849491853525 -36.13882667347164
0.1967091466365543 -36.127394404062436
0.1967333440877561 -36.11596271434052
0.19675754153895791 -36.104531604007974
0.19678173899015972 -36.0931010727673
0.19680593644136152 -36.07625395634711
0.19683013389256332 -36.04274570706478
0.19685433134376518 -36.009241172471285
0.19687852879496698 -35.975740345641626
0.19690272624616878 -35.94224321966833
0.19692692369737058 -35.9087497876616
0.19695112114857238 -35.87526004274928
0.19697531859977419 -35.84177397807672
0.196999516050976 -35.8082915868068
0.1970237135021778 -35.774812862119745
0.1970479109533796 -35.74133779721321
0.1970721084045814 -35.70786638530209
0.1970963058557832 -35.67439861961858
0.19712050330698505 -35.640934493411955
0.19714470075818685 -35.6074739999488
0.19716889820938865 -35.574017132512644
0.19719309566059046 -35.54056388440405
0.19721729311179226 -35.50711424894053
0.19724149056299406 -35.47366821945649
0.19726568801419586 -35.44022578930321
0.19728988546539766 -35.40678695184874
0.19731408291659946 -35.37335170047787
0.19733828036780127 -35.33992002859203
0.19736247781900307 -35.30649192960933
0.19738667527020493 -35.27306739696432
0.19741087272140673 -35.2396464241083
0.19743507017260853 -35.2062290045088
0.19745926762381033 -35.172815131649834
0.19748346507501213 -35.13940479903174
0.19750766252621393 -35.10599800017116
0.19753185997741574 -35.07259472860096
0.19755605742861754 -35.03919497787023
0.19758025487981934 -35.005798741544126
0.19760445233102114 -34.9724060256298
0.19762864978222294 -34.9390168663973
0.1976528472334248 -34.90563120234853
0.1976770446846266 -34.87224902711293
0.1977012421358284 -34.83887033433546
0.1977254395870302 -34.80549511767704
0.197749637038232 -34.772123370814256
0.1977738344894338 -34.73875508743955
0.1977980319406356 -34.70539026126087
0.1978222293918374 -34.67202888600187
0.1978464268430392 -34.63867095540171
0.19787062429424102 -34.6053164632151
0.19789482174544282 -34.57196540321212
0.19791901919664467 -34.53861776917825
0.19794321664784648 -34.50527355491456
0.19796741409904828 -34.471932754237095
0.19799161155025008 -34.43859536097734
0.19801580900145188 -34.405261324930066
0.19804000645265368 -34.37193066064454
0.19806420390385548 -34.338603385374206
0.1980884013550573 -34.30527949301097
0.1981125988062591 -34.27195897746176
0.1981367962574609 -34.23864183264841
0.1981609937086627 -34.205328052507724
0.19818519115986455 -34.17201763099125
0.19820938861106635 -34.13871056206558
0.19823358606226815 -34.10540683971185
0.19825778351346995 -34.07210645792596
0.19828198096467176 -34.038809410718514
0.19830617841587356 -34.00551569211471
0.19833037586707536 -33.97222529615435
0.19835457331827716 -33.93893821689167
0.19837877076947896 -33.90565444839552
0.19840296822068076 -33.87237398474907
0.19842716567188257 -33.83909682004992
0.19845136312308442 -33.80582294840994
0.19847556057428623 -33.772552363955484
0.19849975802548803 -33.739285060826965
0.19852395547668983 -33.706021033179056
0.19854815292789163 -33.67276027518055
0.19857235037909343 -33.63950278101441
0.19859654783029523 -33.60624854487763
0.19862074528149704 -33.57299756098121
0.19864494273269884 -33.53974982355015
0.19866914018390064 -33.506505326823365
0.19869333763510244 -33.47326406505366
0.1987175350863043 -33.440026032507596
0.1987417325375061 -33.406791223465774
0.1987659299887079 -33.37355963222231
0.1987901274399097 -33.34033125308508
0.1988143248911115 -33.307106080375675
0.1988385223423133 -33.27388410842925
0.1988627197935151 -33.24066533159457
0.1988869172447169 -33.20744974423394
0.1989111146959187 -33.17423734072316
0.1989353121471205 -33.141028115451405
0.19895950959832231 -33.10782206282138
0.19898370704952417 -33.07461917724897
0.19900790450072597 -33.04141945316366
0.19903210195192778 -33.008222885007974
0.19905629940312958 -32.97502946723775
0.19908049685433138 -32.941839194322014
0.19910469430553318 -32.90865206074296
0.19912889175673498 -32.87546806099586
0.19915308920793678 -32.84228718958909
0.19917728665913859 -32.80910944104405
0.1992014841103404 -32.77593480989511
0.1992256815615422 -32.74276329068961
0.19924987901274405 -32.7095948779877
0.19927407646394585 -32.676429566362614
0.19929827391514765 -32.643267350400215
0.19932247136634945 -32.61010822469922
0.19934666881755125 -32.576952183871065
0.19937086626875306 -32.543799222539874
0.19939506371995486 -32.51064933534252
0.19941926117115666 -32.47750251692842
0.19944345862235846 -32.44435876195961
0.19946765607356026 -32.41121806511067
0.19949185352476206 -32.37808042106869
0.19951605097596392 -32.34494582453385
0.19954024842716572 -32.3118142702197
0.19956444587836752 -32.27868575284835
0.19958864332956933 -32.24556026715651
0.19961284078077113 -32.21243780789326
0.19963703823197293 -32.17931836981985
0.19966123568317473 -32.14620194770986
0.19968543313437653 -32.11308853634901
0.19970963058557833 -32.07997813053521
0.19973382803678014 -32.04687072507848
0.19975802548798194 -32.01376631480095
0.1997822229391838 -31.98066489453669
0.1998064203903856 -31.947566459132002
0.1998306178415874 -31.914471003444973
0.1998548152927892 -31.881378522345667
0.199879012743991 -31.84828901071606
0.1999032101951928 -31.815202463449985
0.1999274076463946 -31.782118875453126
0.1999516050975964 -31.749038241642918
0.1999758025487982 -31.715960556948556
0.2 -31.68288581631098
