0.05 28.478058125709087
0.05002419745120181 28.4163337592353
0.05004839490240361 28.354609226105467
0.05007259235360542 28.292884526399693
0.05009678980480723 28.231159660198156
0.05012098725600904 28.169434627581033
0.05014518470721084 28.10770942862856
0.05016938215841265 28.04598406342096
0.05019357960961446 27.984258532038524
0.05021777706081627 27.922532834561544
0.05024197451201807 27.860806971070385
0.05026617196321988 27.79908094164538
0.050290369414421686 27.737354746366933
0.05031456686562349 27.675628385315488
0.050338764316825296 27.613901858571467
0.050362961768027105 27.552175166215342
0.050387159219228914 27.49044830832768
0.050411356670430715 27.428721285960172
0.050435554121632524 27.366994099314077
0.05045975157283433 27.305266747369622
0.050483949024036134 27.243539230207453
0.05050814647523794 27.1818115479082
0.05053234392643975 27.120083700552563
0.05055654137764156 27.05835568822125
0.05058073882884336 26.99662751099503
0.05060493628004517 26.93489916895465
0.05062913373124698 26.873170662180907
0.05065333118244879 26.81144199075465
0.05067752863365059 26.757043182300148
0.0507017260848524 26.726195180538323
0.05072592353605421 26.695347090479522
0.05075012098725601 26.664498912162554
0.05077431843845782 26.63365064562614
0.050798515889659626 26.60280229090912
0.050822713340861435 26.571953846162174
0.05084691079206324 26.541105313192638
0.050871108243265045 26.510256692162812
0.050895305694466854 26.479407983111546
0.05091950314566866 26.448559186077713
0.050943700596870464 26.417710301100207
0.05096789804807227 26.38686132821789
0.05099209549927408 26.356012267469698
0.05101629295047588 26.325163118894544
0.05104049040167769 26.29431388253137
0.0510646878528795 26.263464558419116
0.05108888530408131 26.23261514659674
0.05111308275528311 26.201765647103265
0.05113728020648492 26.170916059977642
0.05116147765768673 26.140066385258905
0.05118567510888853 26.10921662298606
0.05120987256009034 26.078366774006135
0.05123407001129215 26.04751683871982
0.051258267462493956 26.016666815992657
0.05128246491369576 25.985816705863723
0.051306662364897566 25.9549665083721
0.051330859816099375 25.92411622355689
0.051355057267301184 25.893265851457215
0.051379254718502985 25.862415392112215
0.051403452169704794 25.831564845561033
0.0514276496209066 25.800714211842834
0.051451847072108405 25.769863490996812
0.05147604452331021 25.73901268306211
0.05150024197451202 25.708161788077973
0.05152443942571383 25.67731080608361
0.05154863687691563 25.64645973711825
0.05157283432811744 25.615608581221164
0.05159703177931925 25.584757338431572
0.05162122923052106 25.553906007080542
0.05164542668172286 25.523054588680463
0.05166962413292467 25.492203083509686
0.05169382158412648 25.461351491607576
0.05171801903532828 25.430499813013466
0.05174221648653009 25.39964804776668
0.051766413937731896 25.368796195906608
0.051790611388933705 25.33794425747263
0.05181480884013551 25.307092232504147
0.051839006291337315 25.276240121040537
0.051863203742539124 25.245387923121264
0.051887401193740926 25.21453563878575
0.051911598644942734 25.183683268073437
0.05193579609614454 25.1528308110238
0.05195999354734635 25.12197826767634
0.05198419099854815 25.09112563807054
0.05200838844974996 25.06027292290996
0.05203258590095177 25.029420122818884
0.05205678335215358 24.998567236584073
0.05208098080335538 24.967714264245092
0.05210517825455719 24.936861205834365
0.052129375705759 24.906008061398307
0.0521535731569608 24.875154830976957
0.05217777060816261 24.8443015146099
0.05220196805936442 24.813448112336765
0.052226165510566226 24.78259462419721
0.05225036296176803 24.75174105023089
0.05227456041296984 24.720887390477444
0.052298757864171645 24.690033644976584
0.052322955315373454 24.659179813767988
0.052347152766575256 24.62832589689139
0.052371350217777064 24.59747189438649
0.05239554766897887 24.566617806293035
0.052419745120180675 24.535464777375157
0.05244394257138248 24.504245301318655
0.05246814002258429 24.473026870360027
0.0524923374737861 24.441809483659398
0.0525165349249879 24.41059314037745
0.05254073237618971 24.37937783967537
0.05256492982739152 24.348163580714893
0.05258912727859333 24.316950362658293
0.05261332472979513 24.285738184668418
0.05263752218099694 24.254527045908546
0.05266171963219875 24.223316945542592
0.05268591708340055 24.192107882734962
0.05271011453460236 24.160899856650566
0.052734311985804166 24.129692866454896
0.052758509437005975 24.09848691131395
0.05278270688820778 24.067281990394267
0.052806904339409586 24.036002287421837
0.052831101790611394 24.004534551637423
0.052855299241813196 23.97306913298272
0.052879496693015005 23.941606027718716
0.05290369414421681 23.910145232111034
0.05292789159541862 23.87868674242988
0.052952089046620424 23.847230554950006
0.05297628649782223 23.81386391782017
0.05300048394902404 23.74504296567685
0.05302468140022584 23.676226126077246
0.05304887885142765 23.607413391615957
0.05307307630262946 23.53860475489628
0.05309727375383127 23.46980020853002
0.05312147120503307 23.400999745137625
0.05314566865623488 23.33220335734801
0.05316986610743669 23.263411037798665
0.053194063558638496 23.194622779135614
0.0532182610098403 23.125838572725385
0.05324245846104211 23.057058412113573
0.053266655912243915 22.98828229039217
0.05329085336344572 22.919510200241
0.053315050814647526 22.85074213484462
0.053339248265849334 22.781978085905223
0.05336344571705114 22.713218046626018
0.053387643168252945 22.644462009720424
0.053411840619454753 22.575709967910196
0.05343603807065656 22.50696191392544
0.05346023552185837 22.438217840504603
0.05348443297306017 22.369477740394412
0.05350863042426198 22.30074160634985
0.05353282787546379 22.23200943113421
0.05355702532666559 22.163281207519017
0.0535812227778674 22.094556928283993
0.05360542022906921 22.02583658657255
0.05362961768027102 21.957120176047713
0.05365381513147282 21.888407688276867
0.05367801258267463 21.81969911607255
0.05370221003387644 21.750994452255455
0.053726407485078245 21.682293689654397
0.05375060493628005 21.613596821106334
0.053774802387481856 21.544903839456225
0.053798999838683664 21.476214737557193
0.053823197289885466 21.407529508270414
0.053847394741087275 21.338848144465015
0.05387159219228908 21.270170639018243
0.05389578964349089 21.201496984815297
0.053919987094692694 21.132827174749398
0.0539441845458945 21.064161201721696
0.05396838199709631 20.995499058641318
0.05399257944829812 20.926840738425362
0.05401677689949992 20.858260457583814
0.05404097435070173 20.7897159747467
0.05406517180190354 20.721174303851505
0.05408936925310534 20.65263544102179
0.05411356670430715 20.584099382384377
0.05413776415550896 20.439730596835936
0.05416196160671076 20.205658447181186
0.05418615905791257 19.97159498444779
0.05421035650911438 19.73754019594715
0.054234553960316186 19.503494069001096
0.054258751411517994 19.26945659094192
0.054282948862719796 19.035427749112497
0.054307146313921605 18.80140753086591
0.05433134376512341 18.567395923565865
0.054355541216325215 18.333392914586526
0.054379738667527024 18.099398491312208
0.05440393611872883 17.865449245308522
0.054428133569930634 17.631693374783985
0.05445233102113244 17.397939857581576
0.05447652847233425 17.16418869392867
0.05450072592353606 16.930439884052596
0.05452492337473786 16.815771324674373
0.05454912082593967 16.782584609256272
0.05457331827714148 16.749398222672436
0.05459751572834329 16.71621216495412
0.05462171317954509 16.6830264361326
0.0546459106307469 16.649841036239156
0.05467010808194871 16.616655965305085
0.05469430553315051 16.583471223361677
0.05471850298435232 16.550286810440237
0.054742700435554126 16.51710272657208
0.054766897886755934 16.48391897178853
0.054791095337957736 16.45073554612093
0.054815292789159545 16.417552449600613
0.054839490240361354 16.384369682258914
0.05486368769156316 16.351187244213648
0.054887885142764964 16.318005135321897
0.05491208259396677 16.28482335570289
0.05493628004516858 16.25164190538801
0.05496047749637038 16.218460784408663
0.05498467494757219 16.18527999279622
0.055008872398774 16.152099530582106
0.05503306984997581 16.118919397797722
0.05505726730117761 16.085739594474525
0.05508146475237942 16.05256012064391
0.05510566220358123 16.019380976337334
0.05512985965478304 15.986202161586247
0.05515405710598484 15.953023676422116
0.05517825455718665 15.919845520876386
0.055202452008388456 15.886667694980547
0.05522664945959026 15.853490198766089
0.055250846910792066 15.820313032264481
0.055275044361993875 15.787136195507243
0.05529924181319568 15.75395968852587
0.055323439264397485 15.720783511351895
0.055347636715599294 15.687607664016827
0.0553718341668011 15.654432146552217
0.05539603161800291 15.621256958989605
0.05542022906920471 15.58808210136054
0.05544442652040652 15.554907573696575
0.05546862397160833 15.521733376029285
0.05549282142281013 15.48855950839026
0.05551701887401194 15.45538597081106
0.05554121632521375 15.422212763323296
0.05556541377641555 15.38903988595858
0.05558961122761736 15.355867338748503
0.05561380867881917 15.32269512172469
0.05563800613002098 15.289523234918784
0.055662203581222786 15.256351678362408
0.05568640103242459 15.223180452087222
0.055710598483626396 15.190009556124872
0.055734795934828205 15.15683899050702
0.055758993386030006 15.12366875526535
0.055783190837231815 15.090498850431526
0.055807388288433624 15.057329276037242
0.055831585739635425 15.024160032114214
0.055855783190837234 14.990991118694128
0.05587998064203904 14.957822535808695
0.05590417809324085 14.924654283489657
0.05592837554444265 14.891486361768749
0.05595257299564446 14.858318770677696
0.05597677044684627 14.825151510248261
0.05600096789804808 14.791984580512189
0.05602516534924988 14.75881798150127
0.05604936280045169 14.72565171324726
0.0560735602516535 14.692485775781952
0.0560977577028553 14.659320169137146
0.05612195515405711 14.62615489334463
0.05614615260525892 14.592989948436227
0.056170350056460726 14.559825334443746
0.05619454750766253 14.526661051399039
0.056218744958864336 14.493497099333917
0.056242942410066145 14.460333478280237
0.056267139861267954 14.427170188269855
0.056291337312469755 14.39400722933464
0.056315534763671564 14.360844601506452
0.05633973221487337 14.327682304817175
0.056363929666075174 14.294520339298728
0.05638812711727698 14.261358704982962
0.05641232456847879 14.22819740190181
0.0564365220196806 14.19503643008719
0.0564607194708824 14.161875789571042
0.05648491692208421 14.128715480385264
0.05650911437328602 14.095555502561826
0.05653331182448783 14.062395856132666
0.05655750927568963 14.029236541129759
0.05658170672689144 13.996077557585066
0.05660590417809325 13.962918905530557
0.05663010162929505 13.929760584998249
0.05665429908049686 13.8966025960201
0.056678496531698666 13.863444938628138
0.056702693982900475 13.830287612854361
0.056726891434102276 13.797130618730828
0.056751088885304085 13.763973956289526
0.056775286336505894 13.730817625562524
0.0567994837877077 13.697661626581851
0.056823681238909504 13.664505959379603
0.05684787869011131 13.631350623987808
0.05687207614131312 13.598195620438553
0.05689627359251492 13.565040948763938
0.05692047104371673 13.531886608996036
0.05694466849491854 13.498732601166957
0.05696886594612034 13.46557892530883
0.05699306339732215 13.432425581453751
0.05701726084852396 13.39927256963386
0.05704145829972577 13.366119889881304
0.05706565575092758 13.332967542228216
0.05708985320212938 13.299815526706777
0.05711405065333119 13.266663843349123
0.057138248104532996 13.233512492187447
0.0571624455557348 13.200361473253936
0.057186643006936606 13.167210786580766
0.057210840458138415 13.134060432200148
0.05723503790934022 13.100910410144305
0.057259235360542025 13.067760720445435
0.057283432811743834 13.034611363135777
0.05730763026294564 13.001462338247569
0.057331827714147444 12.968313645813064
0.05735602516534925 12.935165285864507
0.05738022261655106 12.902017258434167
0.05740442006775287 12.868869563554327
0.05742861751895467 12.83572220125726
0.05745281497015648 12.802575171575265
0.05747701242135829 12.769428474540625
0.05750120987256009 12.736282110185682
0.0575254073237619 12.703136078542732
0.05754960477496371 12.669990379644103
0.05757380222616552 12.636845013522139
0.05759799967736732 12.603699980209207
0.05762219712856913 12.570555279737624
0.057646394579770936 12.537410912139778
0.057670592030972745 12.504266877448046
0.05769478948217455 12.4711231756948
0.057718986933376355 12.43797980691244
0.057743184384578164 12.404836771133356
0.057767381835779966 12.371694068389987
0.057791579286981774 12.338551698714708
0.05781577673818358 12.305409662139992
0.057839974189385385 12.272267958698253
0.05786417164058719 12.239126588421943
0.057888369091789 12.205985551343524
0.05791256654299081 12.172844847495446
0.05793676399419262 12.1397044769102
0.05796096144539442 12.10656443962027
0.05798515889659623 12.07342473565814
0.05800935634779804 12.04028536505632
0.05803355379899984 12.007146327847323
0.05805775125020165 11.97400762406365
0.05808194870140346 11.94086925373786
0.05810614615260526 11.907731216902475
0.05813034360380707 11.874593513590044
0.058154541055008876 11.841456143833131
0.058178738506210685 11.808319107664293
0.058202935957412494 11.775182405116121
0.058227133408614296 11.742046036221197
0.058251330859816104 11.70891000101211
0.05827552831101791 11.67577429952146
0.058299725762219715 11.642638931781876
0.05832392321342152 11.609503897825967
0.05834812066462333 11.57636919768637
0.058372318115825134 11.583241867209729
0.05839651556702694 11.592215830960017
0.05842071301822875 11.601189698538576
0.05844491046943056 11.610163469935408
0.05846910792063237 11.619137145140492
0.05849330537183417 11.628110724143827
0.05851750282303598 11.637084206935393
0.05854170027423779 11.646057593505162
0.05856589772543959 11.655030883843127
0.0585900951766414 11.664004077939264
0.058614292627843206 11.672977175783528
0.05863849007904501 11.681950177365904
0.05866268753024682 11.690923082676353
0.058686884981448625 11.699895891704838
0.058711082432650434 11.708868604441314
0.05873527988385224 11.717841220875744
0.058759477335054044 11.726813740998079
0.05878367478625585 11.735786164798279
0.05880787223745766 11.744758492013924
0.058832069688659464 11.753730722363468
0.05885626713986127 11.762702856359885
0.05888046459106308 11.771674893993112
0.05890466204226488 11.780646835253096
0.05892885949346669 11.789618680129747
0.0589530569446685 11.798590428613018
0.05897725439587031 11.807562080692822
0.05900145184707211 11.816533636359088
0.05902564929827392 11.82550509560174
0.05904984674947573 11.83447645841068
0.059074044200677536 11.843447724775842
0.05909824165187934 11.852418894687112
0.05912243910308115 11.86138996813442
0.059146636554282955 11.87036094510767
0.05917083400548476 11.879331825596747
0.059195031456686566 11.88830260959156
0.059219228907888374 11.89727329770389
0.059243426359090176 11.906243889463143
0.059267623810291985 11.915214384698624
0.05929182126149379 11.9241847834002
0.0593160187126956 11.933155085557775
0.05934021616389741 11.9421252911612
0.05936441361509921 11.95109540020037
0.05938861106630102 11.960065412665156
0.05941280851750283 11.969035328545422
0.05943700596870463 11.978005147831025
0.05946120341990644 11.986974870511858
0.05948540087110825 11.99594449657776
0.05950959832231005 12.004914026018577
0.05953379577351186 12.013883458824184
0.05955799322471367 12.022852794984429
0.059582190675915477 12.031822034489151
0.059606388127117285 12.040791177328192
0.05963058557831909 12.049760223491402
0.059654783029520896 12.058729172968617
0.059678980480722704 12.067698025749664
0.059703177931924506 12.076666781824386
0.059727375383126315 12.085635441182607
0.05975157283432812 12.094604003814144
0.059775770285529925 12.10357246970884
0.059799967736731734 12.112540838856493
0.05982416518793354 12.12150911124693
0.05984836263913535 12.130477286869956
0.05987256009033716 12.139445365715389
0.05989675754153896 12.148413347773035
0.05992095499274077 12.157381233032684
0.05994515244394258 12.166349021484146
0.05996934989514438 12.175316713117216
0.05999354734634619 12.184284307921699
0.060017744797548 12.19325180588737
0.0600419422487498 12.202219207004015
0.06006613969995161 12.211186511261438
0.06009033715115342 12.220153718649398
0.060114534602355225 12.229120829157688
0.060138732053557034 12.23808784277607
0.060162929504758836 12.247054759494317
0.060187126955960644 12.256021579302207
0.06021132440716245 12.264988302189504
0.060235521858364255 12.273954928145955
0.060259719309566064 12.282921457161333
0.06028391676076787 12.291887889225393
0.060308114211969674 12.300854224327878
0.06033231166317148 12.309820462458546
0.06035650911437329 12.318786603607137
0.0603807065655751 12.327752647763397
0.0604049040167769 12.336738402947432
0.06042910146797871 12.345802085975794
0.06045329891918052 12.354865831479886
0.06047749637038233 12.363929639486553
0.06050169382158413 12.372993510022695
0.06052589127278594 12.38205744311517
0.06055008872398775 12.391121438790849
0.06057428617518955 12.400185497076604
0.06059848362639136 12.409249617999308
0.060622681077593166 12.41831380158583
0.06064687852879497 12.427378047863037
0.060671075979996776 12.436442356857816
0.060695273431198585 12.445506728597026
0.06071947088240039 12.454571163107547
0.0607436683336022 12.463635660416257
0.060767865784804004 12.47270022055002
0.06079206323600581 12.48176484353572
0.06081626068720762 12.490879762697594
0.06084045813840942 12.50001943580808
0.06086465558961123 12.509159378305588
0.06088885304081304 12.518299590467253
0.06091305049201484 12.527440072570355
0.06093724794321665 12.536580824892324
0.06096144539441846 12.54572184771075
0.06098564284562027 12.554863141303384
0.06100984029682208 12.564004705948104
0.06103403774802388 12.573146541922968
0.06105823519922569 12.582288649506175
0.061082432650427496 12.591431028976086
0.0611066301016293 12.600573680611193
0.061130827552831106 12.609716604690181
0.061155025004032915 12.61885980149185
0.061179222455234716 12.62800327129518
0.061203419906436525 12.637147014497955
0.061227617357638334 12.646291031983205
0.06125181480884014 12.655435323310671
0.06127601226004195 12.664579888759937
0.06130020971124375 12.673724728610765
0.06132440716244556 12.682869843076135
0.06134860461364737 12.692015232570752
0.06137280206484917 12.701160897307116
0.06139699951605098 12.710306837565588
0.06142119696725279 12.719453053626715
0.06144539441845459 12.728599545771178
0.0614695918696564 12.737746314279836
0.06149378932085821 12.746893359433669
0.06151798677206002 12.756040681513852
0.061542184223261825 12.765188280801706
0.06156638167446363 12.7743361575787
0.061590579125665436 12.783484312126467
0.061614776576867245 12.7926327442
0.061638974028069046 12.801781454269978
0.061663171479270855 12.810930442953818
0.061687368930472664 12.8200797105338
0.061711566381674465 12.829229257292338
0.061735763832876274 12.838379083512011
0.06175996128407808 12.847529189475564
0.06178415873527989 12.856679575465893
0.06180835618648169 12.865830241766057
0.0618325536376835 12.874981188659266
0.06185675108888531 12.884132416428912
0.06188094854008712 12.89328392535853
0.06190514599128892 12.902435715731809
0.06192934344249073 12.91158778783262
0.06195354089369254 12.92074014194498
0.06197773834489434 12.929892778353064
0.06200193579609615 12.93904569741201
0.06202613324729796 12.94819890015107
0.06205033069849976 12.957352386042157
0.06207452814970157 12.966506155370109
0.062098725600903376 12.975660208419919
0.062122923052105185 12.984814545476748
0.06214712050330699 12.993969166825899
0.062171317954508795 13.003124072752874
0.062195515405710604 13.012279263543302
0.06221971285691241 13.021434739482986
0.062243910308114214 13.030590500857897
0.06226810775931602 13.03974654795418
0.06229230521051783 13.048902881058119
0.06231650266171963 13.058059500456167
0.06234070011292144 13.067216406434971
0.06236489756412325 13.076373599281297
0.06238909501532506 13.085531079282102
0.06241329246652687 13.094688846225315
0.06243748991772867 13.103846900485678
0.06246168736893048 13.11300524275953
0.06248588482013229 13.122163873334472
0.06251008227133409 13.131322792498278
0.06253427972253589 13.14048200053889
0.0625584771737377 13.149641497744403
0.06258267462493951 13.158801284403099
0.06260687207614132 13.167961360803414
0.06263106952734313 13.177121727233931
0.06265526697854493 13.18628238398344
0.06267946442974674 13.195443331340874
0.06270366188094854 13.204604569595327
0.06272785933215036 13.213766099036079
0.06275205678335216 13.222927919952555
0.06277625423455396 13.232090032634366
0.06280045168575576 13.24125243738868
0.06282464913695758 13.250415135403722
0.06284884658815938 13.2595781260568
0.0628730440393612 13.268741409638205
0.062897241490563 13.277904986438386
0.0629214389417648 13.28706885674797
0.06294563639296662 13.296233020857729
0.06296983384416842 13.305397479058632
0.06299403129537022 13.314562231641798
0.06301822874657204 13.32372727889853
0.06304242619777384 13.332892621120294
0.06306662364897564 13.342058258598719
0.06309082110017745 13.351224191625619
0.06311501855137926 13.360390420492967
0.06313921600258107 13.369556945492915
0.06316341345378287 13.378723766917775
0.06318761090498468 13.387890885060036
0.06321180835618649 13.397058299745705
0.06323600580738829 13.406226011242465
0.0632602032585901 13.415394020332188
0.06328440070979191 13.424562327308061
0.06330859816099371 13.433730932463412
0.06333279561219551 13.44289983609176
0.06335699306339733 13.452069038486798
0.06338119051459913 13.461238539942384
0.06340538796580095 13.470408340752556
0.06342958541700275 13.479578441211514
0.06345378286820455 13.488748841613647
0.06347798031940637 13.497919542253502
0.06350217777060817 13.507090543425816
0.06352637522180997 13.516261845425479
0.06355057267301178 13.525433448547583
0.06357477012421359 13.534605353087366
0.06359896757541539 13.543777559340256
0.0636231650266172 13.55295006854138
0.063647362477819 13.562122880091776
0.06367155992902082 13.571295994245585
0.06369575738022262 13.580469411298939
0.06371995483142442 13.589643131548154
0.06374415228262624 13.58576966998823
0.06376834973382804 13.579575804685721
0.06379254718502984 13.573381939545559
0.06381674463623166 13.567188074439462
0.06384094208743346 13.56099420923916
0.06386513953863526 13.554800343816307
0.06388933698983708 13.548606478042549
0.06391353444103888 13.542412611789475
0.0639377318922407 13.536218744928648
0.0639619293434425 13.5300248773316
0.0639861267946443 13.523831008869816
0.06401032424584611 13.517637138991496
0.06403452169704792 13.511443267422012
0.06405871914824972 13.505249394601318
0.06408291659945153 13.499055520400741
0.06410711405065334 13.492861644691615
0.06413131150185514 13.486667767345201
0.06415550895305695 13.480473888232735
0.06417970640425875 13.47428000722543
0.06420390385546057 13.468086124194445
0.06422810130666237 13.461892239010906
0.06425229875786417 13.45569835154592
0.06427649620906599 13.449504461670509
0.06430069366026779 13.443310569255724
0.06432489111146959 13.437116674172529
0.06434908856267141 13.430922776291872
0.06437328601387321 13.42472887548466
0.06439748346507501 13.418534971621767
0.06442168091627683 13.412341065468492
0.06444587836747863 13.406147156105668
0.06447007581868044 13.399953243300267
0.06449427326988225 13.393759326923009
0.06451847072108405 13.387565406844574
0.06454266817228586 13.381371482935597
0.06456686562348767 13.375177555066692
0.06459106307468947 13.368983623108418
0.06461526052589128 13.362789686931297
0.06463945797709308 13.356595746405835
0.06466365542829489 13.350401801402478
0.0646878528794967 13.344207851791626
0.0647120503306985 13.33801389744368
0.06473624778190032 13.331819938228954
0.06476044523310212 13.325625974017752
0.06478464268430392 13.319432004680337
0.06480884013550574 13.313238029720104
0.06483303758670754 13.307044048736316
0.06485723503790934 13.300850062236139
0.06488143248911116 13.294656070089685
0.06490562994031296 13.288462072167023
0.06492982739151476 13.282268068338176
0.06495402484271658 13.276074058473123
0.06497822229391838 13.269880042441832
0.0650024197451202 13.263686020114191
0.065026617196322 13.257491991360087
0.0650508146475238 13.251297956049338
0.06507501209872561 13.245103914051741
0.06509920954992741 13.23890986523705
0.06512340700112922 13.232715809474966
0.06514760445233103 13.226521746635166
0.06517180190353283 13.220327676587276
0.06519599935473464 13.214133599200897
0.06522019680593645 13.20793951518866
0.06524439425713825 13.20174542374463
0.06526859170834007 13.195551324571328
0.06529278915954187 13.189357217538197
0.06531698661074367 13.183163102514618
0.06534118406194547 13.17696897936993
0.06536538151314729 13.17077484797344
0.06538957896434909 13.164580708194428
0.0654137764155509 13.158386559902114
0.06543797386675271 13.152192402965676
0.06546217131795451 13.145998237254258
0.06548636876915633 13.139804062636962
0.06551056622035813 13.133609878982853
0.06553476367155994 13.127415686160948
0.06555896112276174 13.121221484040232
0.06558315857396355 13.115027272489634
0.06560735602516535 13.108763758573218
0.06563155347636716 13.102341654780332
0.06565575092756896 13.09591963921929
0.06567994837877078 13.08949771188496
0.06570414582997258 13.083075872772255
0.06572834328117438 13.076654121876073
0.0657525407323762 13.070232459191299
0.065776738183578 13.06381088471285
0.06580093563477982 13.057389398435628
0.06582513308598162 13.05096800035455
0.06584933053718342 13.044546690464534
0.06587352798838522 13.038125468760505
0.06589772543958704 13.031704335237377
0.06592192289078884 13.025283289890083
0.06594612034199065 13.018862332713553
0.06597031779319246 13.012441463702736
0.06599451524439426 13.00602068285256
0.06601871269559607 12.999530421906737
0.06604291014679788 12.993020016697063
0.06606710759799969 12.986509877983693
0.0660913050492015 12.980000005588145
0.0661155025004033 12.973490399332091
0.0661396999516051 12.966981059037279
0.06616389740280691 12.96047198452559
0.06618809485400871 12.953963175619027
0.06621229230521053 12.947454632139694
0.06623648975641233 12.940946353909824
0.06626068720761413 12.934438340751752
0.06628488465881595 12.927930592487913
0.06630908211001775 12.921423108940903
0.06633327956121957 12.914915889933372
0.06635747701242137 12.908408935288136
0.06638167446362317 12.9019022448281
0.06640587191482497 12.895395818376276
0.06643006936602679 12.888889655755802
0.06645426681722859 12.882383756789928
0.0664784642684304 12.875878121302009
0.0665026617196322 12.869372749115538
0.06652685917083401 12.862867640054088
0.06655105662203582 12.856362793941349
0.06657525407323762 12.849858210601155
0.06659945152443943 12.843353889857429
0.06662364897564124 12.8368498315342
0.06664784642684304 12.830346035455626
0.06667204387804485 12.823842501445975
0.06669624132924666 12.817339229329617
0.06672043878044846 12.810836218931046
0.06674463623165028 12.804333470074852
0.06676883368285208 12.797830982585767
0.06679303113405388 12.791328756288602
0.0668172285852557 12.784826791008292
0.0668414260364575 12.778325086569902
0.0668656234876593 12.771823642798577
0.06688982093886112 12.765322459519592
0.06691401839006292 12.758821536558338
0.06693821584126472 12.752320873740304
0.06696241329246654 12.745820470891092
0.06698661074366834 12.739320327836431
0.06701080819487015 12.73282044440214
0.06703500564607195 12.726320820414161
0.06705920309727376 12.719821455698549
0.06708340054847556 12.713322350081473
0.06710759799967737 12.706823503389176
0.06713179545087918 12.70032491544807
0.06715599290208099 12.693826586084633
0.06718019035328279 12.687328515125474
0.0672043878044846 12.68083070239731
0.06722858525568641 12.674333147726953
0.06725278270688821 12.66783585094135
0.06727698015809003 12.661338811867536
0.06730117760929183 12.654842030332683
0.06732537506049363 12.648345506164032
0.06734957251169543 12.641849239188977
0.06737376996289725 12.635353229234974
0.06739796741409905 12.62885747612965
0.06742216486530087 12.62236197970068
0.06744636231650267 12.615866739775887
0.06747055976770447 12.609371756183197
0.06749475721890628 12.602877028750635
0.06751895467010809 12.596382557306336
0.0675431521213099 12.589888341678558
0.0675673495725117 12.583394381695651
0.0675915470237135 12.576900677186082
0.0676157444749153 12.570407227978423
0.06763994192611712 12.56391403390136
0.06766413937731892 12.557421094783688
0.06768833682852074 12.550928410454292
0.06771253427972254 12.544435980742207
0.06773673173092434 12.53794380547653
0.06776092918212616 12.531451884486483
0.06778512663332796 12.524960217601413
0.06780932408452978 12.518468804650745
0.06783352153573158 12.51197764546404
0.06785771898693338 12.50548673987095
0.06788191643813518 12.498996087701228
0.067906113889337 12.492505688784764
0.0679303113405388 12.486015542951522
0.06795450879174061 12.479525650031588
0.06797870624294242 12.473036009855164
0.06800290369414422 12.46654662225255
0.06802710114534603 12.460057487054138
0.06805129859654784 12.453568604090462
0.06807549604774965 12.447079973192135
0.06809969349895145 12.440591594189875
0.06812389095015325 12.434103466914532
0.06814808840135506 12.427615591197046
0.06817228585255687 12.42112796686845
0.06819648330375867 12.414640593759911
0.06822068075496049 12.40815347170268
0.06824487820616229 12.401666600528138
0.06826907565736409 12.395179980067738
0.06829327310856591 12.388693610153071
0.06831747055976771 12.382207490615826
0.06834166801096953 12.375721621287783
0.06836586546217133 12.36923600200084
0.06839006291337313 12.362750632587002
0.06841426036457493 12.356265512356103
0.06843845781577675 12.349780641300462
0.06846265526697855 12.343296019616796
0.06848685271818036 12.336811647137523
0.06851105016938216 12.330327523695187
0.06853524762058397 12.323843649122393
0.06855944507178578 12.317360023251887
0.06858364252298758 12.310876645916515
0.0686078399741894 12.30439351694922
0.0686320374253912 12.297910636183046
0.068656234876593 12.291428003451156
0.0686804323277948 12.284945618586805
0.06870462977899662 12.278463481423353
0.06872882723019842 12.271981591794274
0.06875302468140024 12.26549994953314
0.06877722213260204 12.259018554473629
0.06880141958380384 12.25253740650046
0.06882561703500566 12.246056506212884
0.06884981448620746 12.239575852626379
0.06887401193740927 12.233095445575032
0.06889820938861108 12.226615284893054
0.06892240683981288 12.220135370414736
0.06894660429101468 12.213655701974488
0.0689708017422165 12.207176279406815
0.0689949991934183 12.200697102546345
0.06901919664462011 12.19421817122777
0.06904339409582191 12.187739485285922
0.06906759154702372 12.181261044555729
0.06909178899822553 12.17478284887221
0.06911598644942733 12.168304898070494
0.06914018390062915 12.1618271919858
0.06916438135183095 12.15534973045348
0.06918857880303275 12.148872513308962
0.06921277625423455 12.142395540387785
0.06923697370543637 12.135918811525574
0.06926117115663817 12.129442326558111
0.06928536860783999 12.122966085321199
0.06930956605904179 12.11649008765081
0.06933376351024359 12.110014333382999
0.0693579609614454 12.103538822353897
0.06938215841264721 12.097063554399778
0.06940635586384901 12.09058852935698
0.06943055331505082 12.084113747061975
0.06945475076625263 12.077639207351305
0.06947894821745443 12.071164910061649
0.06950314566865624 12.064690855029756
0.06952734311985805 12.058217042092497
0.06955154057105986 12.051743471086827
0.06957573802226166 12.04527014184982
0.06959993547346346 12.038797054218643
0.06962413292466528 12.032324208030557
0.06964833037586708 12.025851603122943
0.06967252782706888 12.019379239333253
0.0696967252782707 12.01290711649907
0.0697209227294725 12.006435234458062
0.0697451201806743 11.999963593048
0.06976931763187612 11.993492192106753
0.06979351508307792 11.9870210314723
0.06981771253427974 11.980550110982705
0.06984190998548154 11.974079430476149
0.06986610743668334 11.9676089897909
0.06989030488788514 11.961138788765334
0.06991450233908696 11.954668827237908
0.06993869979028876 11.948199105047225
0.06996289724149057 11.941729622031932
0.06998709469269238 11.935260378030819
0.07001129214389418 11.928791372882742
0.07003548959509599 11.92232260642668
0.0700596870462978 11.915854078501706
0.07008388449749961 11.909385788946986
0.07010808194870141 11.902917737601792
0.07013227939990321 11.896449924305488
0.07015647685110502 11.889982348897549
0.07018067430230683 11.88351501121753
0.07020487175350863 11.877047911105107
0.07022906920471045 11.870581048400037
0.07025326665591225 11.86411442294219
0.07027746410711405 11.857648034571527
0.07030166155831587 11.8511818831281
0.07032585900951767 11.844715968452075
0.07035005646071948 11.838250290383701
0.07037425391192129 11.831784848763343
0.07039845136312309 11.825319643431454
0.07042264881432489 11.818854674228579
0.0704468462655267 11.812389940995372
0.07047104371672851 11.805925443572574
0.07049524116793032 11.799461181801036
0.07051943861913212 11.792997155521707
0.07054363607033393 11.786533364575618
0.07056783352153574 11.780069808803912
0.07059203097273754 11.773606488047829
0.07061622842393936 11.767143402148688
0.07064042587514116 11.760680550947939
0.07066462332634296 11.754217934287098
0.07068882077754476 11.747755552007789
0.07071301822874658 11.741293403951733
0.07073721567994838 11.734831489960769
0.0707614131311502 11.72836980987679
0.070785610582352 11.721908363541825
0.0708098080335538 11.715447150797967
0.07083400548475562 11.708986171487439
0.07085820293595742 11.702525425452544
0.07088240038715923 11.696064912535663
0.07090659783836104 11.689604632579314
0.07093079528956284 11.683144585426081
0.07095499274076464 11.676684770918648
0.07097919019196645 11.670225188899801
0.07100338764316826 11.66376583921243
0.07102758509437007 11.657306721699502
0.07105178254557187 11.650847836204093
0.07107597999677367 11.644389182569371
0.07110017744797549 11.637930760638604
0.07112437489917729 11.631472570255152
0.07114857235037911 11.62501461126246
0.07117276980158091 11.618556883504102
0.07119696725278271 11.612099386823704
0.07122116470398451 11.605642120398024
0.07124536215518633 11.599185084644214
0.07126955960638813 11.592728279501902
0.07129375705758995 11.586271704815118
0.07131795450879175 11.579815360427983
0.07134215195999355 11.573359246184715
0.07136634941119537 11.56690336192961
0.07139054686239717 11.560447707507079
0.07141474431359898 11.561904259392422
0.07143894176480078 11.569533555161588
0.07146313921600259 11.577162735751646
0.07148733666720439 11.584791801281124
0.0715115341184062 11.592420751868495
0.071535731569608 11.60004958763215
0.07155992902080982 11.607678308690435
0.07158412647201162 11.615306915161618
0.07160832392321342 11.622935407423387
0.07163252137441524 11.6305637858291
0.07165671882561704 11.638192050001969
0.07168091627681886 11.645820200060014
0.07170511372802066 11.653448236121184
0.07172931117922246 11.66107615830338
0.07175350863042426 11.668703966724417
0.07177770608162608 11.676331661502074
0.07180190353282788 11.683959242754042
0.0718261009840297 11.691586710597967
0.0718502984352315 11.69921406515141
0.0718744958864333 11.706841306531896
0.07189869333763511 11.714468434856872
0.07192289078883692 11.72209545024372
0.07194708824003873 11.729722352809768
0.07197128569124053 11.737349142672269
0.07199548314244233 11.744975819948417
0.07201968059364414 11.752688976864523
0.07204387804484595 11.760421942582703
0.07206807549604775 11.768154848382174
0.07209227294724957 11.775887694236644
0.07211647039845137 11.78362048011982
0.07214066784965317 11.791353206005418
0.07216486530085499 11.799085871867133
0.07218906275205679 11.806818477678663
0.07221326020325859 11.81455102341371
0.07223745765446041 11.82228350904597
0.07226165510566221 11.83001593454913
0.07228585255686401 11.837748299896887
0.07231005000806583 11.84548060506293
0.07233424745926763 11.853212850020936
0.07235844491046944 11.860945034744594
0.07238264236167125 11.86867715920759
0.07240683981287305 11.876409223383586
0.07243103726407486 11.884141227246273
0.07245523471527666 11.891873170769314
0.07247943216647847 11.899605053926388
0.07250362961768028 11.907336876691158
0.07252782706888208 11.91506863903729
0.07255202452008389 11.922800340938446
0.0725762219712857 11.93053198236829
0.0726004194224875 11.93826356330047
0.07262461687368932 11.945995083708654
0.07264881432489112 11.953726543566495
0.07267301177609292 11.961457942847632
0.07269720922729472 11.969189281525718
0.07272140667849654 11.976920559574415
0.07274560412969834 11.984651776967334
0.07276980158090016 11.99238293367815
0.07279399903210196 12.000114029680466
0.07281819648330376 12.00784506494794
0.07284239393450558 12.015576039454208
0.07286659138570738 12.023306953172892
0.07289078883690919 12.031037806077617
0.072914986288111 12.038768598142015
0.0729391837393128 12.046499329339705
0.0729633811905146 12.054229999644306
0.07298757864171641 12.061960609029445
0.07301177609291822 12.069691157468725
0.07303597354412003 12.077421644935773
0.07306017099532183 12.085152071404186
0.07308436844652363 12.09288243684758
0.07310856589772545 12.100612741239564
0.07313276334892725 12.108342984553724
0.07315696080012907 12.116073166763679
0.07318115825133087 12.123803287843016
0.07320535570253267 12.131533347765332
0.07322955315373447 12.139263346504226
0.07325375060493629 12.146993284033286
0.07327794805613809 12.154723160326094
0.0733021455073399 12.16245297535624
0.07332634295854171 12.170182729097306
0.07335054040974351 12.177912421522864
0.07337473786094532 12.185642052606516
0.07339893531214713 12.19337162232181
0.07342313276334894 12.201101130642337
0.07344733021455074 12.208830577541654
0.07347152766575255 12.216559962993333
0.07349572511695435 12.224289286970942
0.07351992256815616 12.232018549448052
0.07354412001935796 12.2397477503982
0.07356831747055978 12.24747688979497
0.07359251492176158 12.255205967611895
0.07361671237296338 12.262934983822536
0.0736409098241652 12.27066393840045
0.073665107275367 12.278392831319174
0.07368930472656882 12.286121662552263
0.07371350217777062 12.29385043207325
0.07373769962897242 12.30157913985567
0.07376189708017422 12.309307785873074
0.07378609453137604 12.317036370098997
0.07381029198257784 12.324764892506959
0.07383448943377965 12.332493353070507
0.07385868688498146 12.34022175176315
0.07388288433618326 12.347950088558415
0.07390708178738507 12.355678363429837
0.07393127923858688 12.363406576350929
0.07395547668978869 12.371134727295207
0.07397967414099049 12.37886281623618
0.0740038715921923 12.386590843147367
0.0740280690433941 12.394318808002279
0.07405226649459591 12.402046710774417
0.07407646394579771 12.409774551437295
0.07410066139699953 12.417502329964409
0.07412485884820133 12.42523004632925
0.07414905629940313 12.432957700505325
0.07417325375060495 12.440685292466128
0.07419745120180675 12.448412822185142
0.07422164865300857 12.45614028963587
0.07424584610421037 12.463867694791784
0.07427004355541217 12.47159503762638
0.07429424100661397 12.479322318113132
0.07431843845781579 12.487049536225523
0.07434263590901759 12.494776691937027
0.0743668333602194 12.502503785221124
0.0743910308114212 12.510230816051273
0.074415228262623 12.517957784400949
0.07443942571382482 12.525684690243628
0.07446362316502662 12.533411533552751
0.07448782061622844 12.5411383143018
0.07451201806743024 12.548865032464228
0.07453621551863204 12.556591688013487
0.07456041296983384 12.564318280923032
0.07458461042103566 12.572044811166323
0.07460880787223746 12.579771278716786
0.07463300532343928 12.587497683547891
0.07465720277464108 12.595224025633069
0.07468140022584288 12.60295030494576
0.0747055976770447 12.610676521459407
0.0747297951282465 12.618402675147442
0.07475399257944831 12.626128765983298
0.07477819003065012 12.63385479394041
0.07480238748185192 12.641580758992196
0.07482658493305372 12.649306661112092
0.07485078238425553 12.65703250027352
0.07487497983545734 12.664758276449895
0.07489917728665915 12.672483989614635
0.07492337473786095 12.680209639741152
0.07494757218906276 12.687935226802873
0.07497176964026457 12.695660750773188
0.07499596709146637 12.703386211625519
0.07502016454266817 12.711111609333265
0.07504436199386999 12.71883694386983
0.07506855944507179 12.726562215208613
0.0750927568962736 12.734287423323009
0.07511695434747541 12.742012568186418
0.07514115179867721 12.749737649772227
0.07516534924987903 12.757462668053828
0.07518954670108083 12.765187623004607
0.07521374415228263 12.772912514597941
0.07523794160348445 12.780637342807228
0.07526213905468625 12.788362107605831
0.07528633650588805 12.79608680896714
0.07531053395708986 12.80381144686452
0.07533473140829167 12.811536021271342
0.07535892885949347 12.819260532160976
0.07538312631069528 12.826984979506795
0.07540732376189709 12.834709363282155
0.0754315212130989 12.842433683460424
0.0754557186643007 12.850157940014947
0.0754799161155025 12.857882132919094
0.0755041135667043 12.865606262146208
0.07552831101790612 12.873330327669649
0.07555250846910792 12.88105432946276
0.07557670592030974 12.8887782674989
0.07560090337151154 12.896502141751382
0.07562510082271334 12.904225952193569
0.07564929827391516 12.911949698798798
0.07567349572511696 12.919673381540399
0.07569769317631878 12.927397000391704
0.07572189062752058 12.935120555326046
0.07574608807872238 12.942844046316752
0.07577028552992418 12.950567473337143
0.075794482981126 12.958290836360552
0.0758186804323278 12.966014135360286
0.07584287788352961 12.973737370309667
0.07586707533473142 12.981460541182008
0.07589127278593322 12.989183647950625
0.07591547023713503 12.996906690588832
0.07593966768833683 13.004629669069924
0.07596386513953865 13.01235258336721
0.07598806259074045 13.020075433453991
0.07601226004194225 13.02779821930357
0.07603645749314406 13.035520940889242
0.07606065494434587 13.043243598184302
0.07608485239554767 13.05096619116203
0.07610904984674949 13.058688719795727
0.07613324729795129 13.06641118405868
0.07615744474915309 13.074133583924157
0.07618164220035491 13.081855919365458
0.07620583965155671 13.089578190355853
0.07623003710275852 13.097300396868622
0.07625423455396033 13.105022538877025
0.07627843200516213 13.11274461635434
0.07630262945636393 13.120466629273837
0.07632682690756575 13.128188577608784
0.07635102435876755 13.135910461332442
0.07637522180996936 13.143632280418066
0.07639941926117116 13.151354034838908
0.07642361671237297 13.15907572456824
0.07644781416357478 13.166797349579308
0.07647201161477658 13.174518909845354
0.0764962090659784 13.182240405339632
0.0765204065171802 13.189961836035382
0.076544603968382 13.197683201905845
0.0765688014195838 13.205404502924265
0.07659299887078562 13.213125739063878
0.07661719632198742 13.220846910297919
0.07664139377318924 13.228568016599617
0.07666559122439104 13.236289057942198
0.07668978867559284 13.24401003429889
0.07671398612679466 13.251730945642922
0.07673818357799646 13.259451791947503
0.07676238102919827 13.267172573185873
0.07678657848040008 13.274893289331226
0.07681077593160188 13.282594507222639
0.07683497338280368 13.290271429969653
0.0768591708340055 13.297948251787233
0.0768833682852073 13.305624972674012
0.07690756573640911 13.313301592628616
0.07693176318761091 13.320978111649655
0.07695596063881271 13.32865452973575
0.07698015809001453 13.336330846885517
0.07700435554121633 13.344007063097536
0.07702855299241815 13.351683178370434
0.07705275044361995 13.359359192702767
0.07707694789482175 13.367035106093146
0.07710114534602355 13.374710918540151
0.07712534279722537 13.382386630042348
0.07714954024842717 13.390062240598303
0.07717373769962899 13.3977377502066
0.07719793515083079 13.40541315886576
0.07722213260203259 13.412848091442942
0.0772463300532344 13.420260786252552
0.0772705275044362 13.42767368231152
0.07729472495563802 13.435086780108755
0.07731892240683982 13.442500080133106
0.07734311985804163 13.449913582873345
0.07736731730924343 13.457327288818194
0.07739151476044524 13.464741198456291
0.07741571221164704 13.47215531227623
0.07743990966284886 13.479569630766521
0.07746410711405066 13.486984154415625
0.07748830456525246 13.494398883711957
0.07751250201645428 13.501813819143843
0.07753669946765608 13.509228961199577
0.0775608969188579 13.516644310367399
0.0775850943700597 13.524059867135467
0.0776092918212615 13.531475631991919
0.0776334892724633 13.538891605424816
0.07765768672366512 13.5463077879222
0.07768188417486692 13.553724179972034
0.07770608162606873 13.561140782062244
0.07773027907727054 13.568557594680705
0.07775447652847234 13.575974618315266
0.07777867397967415 13.583391853453712
0.07780287143087596 13.590809300583796
0.07782706888207776 13.598226960193216
0.07785126633327957 13.605644832769668
0.07787546378448137 13.613062918800756
0.07789966123568318 13.620481218774092
0.07792385868688499 13.627899733177227
0.0779480561380868 13.635318462497699
0.07797225358928861 13.642737407222985
0.07799645104049041 13.650156567840545
0.07802064849169221 13.657575944837829
0.07804484594289403 13.66499553870222
0.07806904339409583 13.672415349921096
0.07809324084529763 13.679835378981812
0.07811743829649945 13.687255626371682
0.07814163574770125 13.694676092578007
0.07816583319890305 13.702096778088064
0.07819003065010487 13.709517683389114
0.07821422810130667 13.716938808968381
0.07823842555250848 13.724360155313093
0.07826262300371029 13.731781722910432
0.07828682045491209 13.73920351224761
0.07831101790611389 13.746625523811758
0.0783352153573157 13.754047758090074
0.0783594128085175 13.761470215569666
0.07838361025971932 13.768892896737691
0.07840780771092112 13.776315802081255
0.07843200516212293 13.783738932087472
0.07845620261332474 13.791162287243472
0.07848040006452654 13.798585868036328
0.07850459751572836 13.806009674953161
0.07852879496693016 13.813433708481053
0.07855299241813196 13.820857969107097
0.07857718986933376 13.828282457318402
0.07860138732053558 13.83570717360204
0.07862558477173738 13.84313211844511
0.0786497822229392 13.850557292334727
0.078673979674141 13.857982695757972
0.0786981771253428 13.865408329201964
0.07872237457654462 13.872834193153832
0.07874657202774642 13.880260288100677
0.07877076947894823 13.887686614529652
0.07879496693015003 13.895113172927887
0.07881916438135184 13.902539963174053
0.07884336183255364 13.90996698620621
0.07886755928375545 13.917394242671612
0.07889175673495726 13.924821733056243
0.07891595418615907 13.932249457847549
0.07894015163736087 13.939677417533789
0.07896434908856267 13.947105612602202
0.07898854653976449 13.954534043540098
0.07901274399096629 13.961962710834745
0.07903694144216811 13.969391614973508
0.07906113889336991 13.976820756443708
0.07908533634457171 13.986554013843854
0.07910953379577351 14.00237723750896
0.07913373124697533 14.018200318574406
0.07915792869817713 14.034023258590748
0.07918212614937895 14.049846059107491
0.07920632360058075 14.065668721869127
0.07923052105178255 14.081491248780287
0.07925471850298436 14.097313640831707
0.07927891595418617 14.113135899568254
0.07930311340538798 14.128958026533692
0.07932731085658978 14.144780023270632
0.07935150830779159 14.160601891320594
0.07937570575899339 14.176423632223951
0.0793999032101952 14.192245247520015
0.079424100661397 14.208066738746936
0.07944829811259882 14.223888107441804
0.07947249556380062 14.23970935514057
0.07949669301500242 14.255530483378134
0.07952089046620424 14.271351493688309
0.07954508791740604 14.287172387603768
0.07956928536860786 14.302993166656183
0.07959348281980966 14.31881383237609
0.07961768027101146 14.334634386292976
0.07964187772221326 14.35045482993528
0.07966607517341508 14.366275164830377
0.07969027262461688 14.382095392504544
0.0797144700758187 14.39791551448305
0.0797386675270205 14.413735532290096
0.0797628649782223 14.429555447448843
0.07978706242942411 14.445375261481436
0.07981125988062591 14.46119497590895
0.07983545733182773 14.477014592251455
0.07985965478302953 14.492834112027976
0.07988385223423133 14.508653536756539
0.07990804968543314 14.524472867954138
0.07993224713663495 14.540292107136768
0.07995644458783675 14.55611125581939
0.07998064203903857 14.571930315516003
0.08000483949024037 14.587749287739554
0.08002903694144217 14.603568174002053
0.08005323439264399 14.619386975814487
0.08007743184384579 14.635205694686848
0.0801016292950476 14.651024332128184
0.0801258267462494 14.666842889646512
0.08015002419745121 14.682661368748937
0.08017422164865301 14.698479770941537
0.08019841909985483 14.71429809772949
0.08022261655105663 14.730116350616948
0.08024681400225844 14.745934531107158
0.08027101145346024 14.761752640702387
0.08029520890466205 14.77757068090396
0.08031940635586386 14.793388653212281
0.08034360380706566 14.809206559126775
0.08036780125826748 14.82502440014598
0.08039199870946928 14.840842177767469
0.08041619616067108 14.856659893487894
0.08044039361187288 14.872477548803007
0.0804645910630747 14.888295145207636
0.0804887885142765 14.90411268419568
0.08051298596547832 14.919930167486092
0.08053718341668012 14.935747596119187
0.08056138086788192 14.951564971812005
0.08058557831908374 14.967382296054833
0.08060977577028554 14.983199570337085
0.08063397322148734 14.999016796147286
0.08065817067268916 15.014833974973067
0.08068236812389096 15.030651108301202
0.08070656557509276 15.046468197617562
0.08073076302629457 15.062285244407184
0.08075496047749638 15.078102250154199
0.08077915792869819 15.093919216341924
0.0808033553799 15.109736144452741
0.0808275528311018 15.125553035968265
0.08085175028230361 15.141369892369235
0.08087594773350541 15.157186715135483
0.08090014518470721 15.173003505746083
0.08092434263590903 15.188820265679254
0.08094854008711083 15.20463699641233
0.08097273753831263 15.220453699421867
0.08099693498951445 15.236270376183601
0.08102113244071625 15.25208702817241
0.08104532989191807 15.26790365686239
0.08106952734311987 15.283720263726789
0.08109372479432167 15.299536850238077
0.08111792224552347 15.315353417867916
0.08114211969672529 15.331169968087172
0.08116631714792709 15.34698650236588
0.0811905145991289 15.362803022173336
0.0812147120503307 15.378619528977998
0.08123890950153251 15.394436024247575
0.08126310695273432 15.410252509449
0.08128730440393613 15.426068986048396
0.08131150185513794 15.441885455511143
0.08133569930633974 15.457701919301844
0.08135989675754154 15.473518378884336
0.08138409420874335 15.4893348357217
0.08140829165994516 15.505151291276285
0.08143248911114698 15.520967747009651
0.08145668656234878 15.536784204382613
0.08148088401355058 15.552600664855273
0.08150508146475238 15.568417129886969
0.0815292789159542 15.584233600936335
0.081553476367156 15.600050079461226
0.08157767381835782 15.615866566918813
0.08160187126955962 15.631684656968874
0.08162606872076142 15.64752172316116
0.08165026617196322 15.663358742473033
0.08167446362316504 15.679195716141397
0.08169866107436685 15.695032645402506
0.08172285852556865 15.710869531491966
0.08174705597677046 15.726706375644799
0.08177125342797226 15.742543179095398
0.08179545087917406 15.75837994307753
0.08181964833037587 15.774216668824357
0.08184384578157769 15.790053357568402
0.08186804323277949 15.805890010541615
0.0818922406839813 15.821726628975313
0.0819164381351831 15.837563214100223
0.08194063558638491 15.853399767146493
0.08196483303758673 15.86923628934363
0.08198903048878853 15.885072781920552
0.08201322793999033 15.900913643276668
0.08203742539119213 15.91675810656858
0.08206162284239393 15.932602521437351
0.08208582029359575 15.948446889026304
0.08211001774479756 15.964291210478198
0.08213421519599937 15.980135486935207
0.08215841264720117 15.995979719538997
0.08218261009840297 16.011823909430706
0.08220680754960479 16.02766805775091
0.0822310050008066 16.043512165639626
0.0822552024520084 16.05935623423637
0.0822793999032102 16.0752002646801
0.082303597354412 16.091044258109257
0.08232779480561381 16.10688821566176
0.08235199225681562 16.122732138475
0.08237618970801744 16.13857602768581
0.08240038715921924 16.15441988442046
0.08242458461042104 16.170263709205074
0.08244878206162284 16.186107503796535
0.08247297951282466 16.201951269329662
0.08249717696402646 16.217795006938715
0.08252137441522828 16.23363871775748
0.08254557186643008 16.24948240291921
0.08256976931763188 16.265326063556685
0.08259396676883368 16.28116970080214
0.0826181642200355 16.297013315787364
0.08264236167123731 16.3128569096436
0.08266655912243911 16.328700483501603
0.08269075657364092 16.344544038491666
0.08271495402484272 16.360387575743555
0.08273915147604453 16.376231096386594
0.08276334892724634 16.392074601549545
0.08278754637844815 16.407918092360777
0.08281174382964995 16.423761570246633
0.08283594128085175 16.43960503635113
0.08286013873205356 16.455448491484095
0.08288433618325537 16.47129193677194
0.08290853363445719 16.487135373340607
0.08293273108565899 16.50297880231552
0.08295692853686079 16.51882222482172
0.08298112598806259 16.53466564198372
0.08300532343926441 16.5505090549256
0.08302952089046621 16.566352464770958
0.08305371834166803 16.58219587264297
0.08307791579286983 16.598039279664295
0.08310211324407163 16.613882686957197
0.08312631069527343 16.62972609564347
0.08315050814647525 16.645569506844453
0.08317470559767706 16.661412921681055
0.08319890304887886 16.6772563412737
0.08322310050008067 16.693099766742414
0.08324729795128247 16.708943199206775
0.08327149540248428 16.724786639785915
0.08329569285368608 16.740630089598522
0.0833198903048879 16.75647354976288
0.0833440877560897 16.772317021396795
0.0833682852072915 16.788160505617704
0.0833924826584933 16.804004003542566
0.08341668010969512 16.819847516287957
0.08344087756089694 16.835691044970016
0.08346507501209874 16.851534590704436
0.08348927246330054 16.86737815460653
0.08351346991450234 16.883221737791192
0.08353766736570416 16.8990653413729
0.08356186481690596 16.9149089664657
0.08358606226810777 16.930752614183273
0.08361025971930958 16.9465962853917
0.08363445717051138 16.962439981116678
0.08365865462171318 16.978283702807
0.083682852072915 16.994127451574716
0.08370704952411681 17.07381945861601
0.08373124697531861 17.160437795655447
0.08375544442652041 17.247054159103367
0.08377964187772222 17.333668556135965
0.08380383932892403 17.42028099392466
0.08382803678012583 17.506891479635865
0.08385223423132765 17.593500020431424
0.08387643168252945 17.680106623468152
0.08390062913373125 17.76671129589825
0.08392482658493305 17.853314044869116
0.08394902403613487 17.93991487752341
0.08397322148733669 18.026513800999012
0.08399741893853849 18.113110822429032
0.08402161638974029 18.19970594947594
0.08404581384094209 18.286299188795578
0.0840700112921439 18.372890547443436
0.08409420874334571 18.459480032533833
0.08411840619454752 18.546067651176628
0.08414260364574933 18.63265341047686
0.08416680109695113 18.719237317535114
0.08419099854815293 18.805819379447307
0.08421519599935474 18.89239960330484
0.08423939345055656 18.978977996194423
0.08426359090175836 19.065554565198234
0.08428778835296016 19.152129317394014
0.08431198580416197 19.238702259854897
0.08433618325536378 19.325273399649586
0.08436038070656558 19.41184274384213
0.0843845781577674 19.498410299492306
0.0844087756089692 19.584976073655216
0.084432973060171 19.671540073381667
0.0844571705113728 19.743971066595794
0.08448136796257462 19.749030500212903
0.08450556541377643 19.754090347631735
0.08452976286497824 19.759150609011737
0.08455396031618004 19.76421128451277
0.08457815776738184 19.769272374295067
0.08460235521858364 19.77433387851927
0.08462655266978546 19.779395797346403
0.08465075012098727 19.784458130937878
0.08467494757218907 19.7895208794555
0.08469914502339088 19.79458404306147
0.08472334247459268 19.799647621918368
0.0847475399257945 19.80471161618919
0.08477173737699631 19.8097760260373
0.08479593482819811 19.814840851626453
0.08482013227939991 19.81990609262853
0.08484432973060171 19.824971749603947
0.08486852718180352 19.830037822817307
0.08489272463300533 19.835104312433977
0.08491692208420715 19.840171218619663
0.08494111953540895 19.845238541540493
0.08496531698661075 19.85030628136298
0.08498951443781255 19.85537443825402
0.08501371188901437 19.860443012380937
0.08503790934021618 19.86551200391142
0.08506210679141799 19.870581413013554
0.08508630424261979 19.875651239855838
0.08511050169382159 19.880721484607125
0.08513469914502339 19.885792147436703
0.0851588965962252 19.890863228514252
0.08518309404742702 19.895934728009845
0.08520729149862882 19.90100664626435
0.08523148894983062 19.90607898367125
0.08525568640103243 19.911151740005494
0.08527988385223424 19.91622491543871
0.08530408130343604 19.92129851014295
0.08532827875463786 19.926372524290663
0.08535247620583966 19.93144695805467
0.08537667365704146 19.936521811608227
0.08540087110824326 19.941597085124958
0.08542506855944508 19.946672778778886
0.0854492660106469 19.95174889274444
0.0854734634618487 19.956825427196446
0.0854976609130505 19.96190238231014
0.0855218583642523 19.966979758261107
0.08554605581545412 19.972057555225415
0.08557025326665592 19.977135773379455
0.08559445071785773 19.982214412900046
0.08561864816905954 19.98738755004805
0.08564284562026134 19.992588699414814
0.08566704307146314 19.997789813681
0.08569124052266495 20.002990892858882
0.08571543797386677 20.00819193696066
0.08573963542506857 20.01339294599861
0.08576383287627037 20.01859391998494
0.08578803032747218 20.023794858931886
0.08581222777867399 20.028995762851654
0.08583642522987579 20.034196631756434
0.08586062268107761 20.039397465658446
0.08588482013227941 20.044598264569846
0.08590901758348121 20.04979902850284
0.08593321503468301 20.054999757469574
0.08595741248588483 20.060200451482228
0.08598160993708664 20.065401110552944
0.08600580738828845 20.0706133325422
0.08603000483949025 20.07586223134203
0.08605420229069205 20.081111071355885
0.08607839974189387 20.08635985256492
0.08610259719309567 20.09160857495026
0.08612679464429748 20.096857238493058
0.08615099209549928 20.102105843174424
0.08617518954670109 20.107354388975523
0.08619938699790289 20.11260287587746
0.0862235844491047 20.117851303861382
0.08624778190030652 20.12309967290841
0.08627197935150832 20.128347982999664
0.08629617680271012 20.133596234116272
0.08632037425391192 20.138844426239356
0.08634457170511374 20.14409255935004
0.08636876915631554 20.14934063342944
0.08639296660751736 20.15458864845867
0.08641716405871916 20.159836604418846
0.08644136150992096 20.165084501291066
0.08646555896112276 20.170332339056444
0.08648975641232458 20.175580117696096
0.0865139538635264 20.18082783719113
0.0865381513147282 20.186075497522634
0.08656234876593 20.191323098671717
0.0865865462171318 20.196570640619477
0.08661074366833361 20.201818123347028
0.08663494111953542 20.207065546835437
0.08665913857073723 20.21231291106582
0.08668333602193903 20.217560216019244
0.08670753347314084 20.222807461676812
0.08673173092434264 20.22805464801961
0.08675592837554445 20.233301775028732
0.08678012582674627 20.238548842685255
0.08680432327794807 20.243795850970244
0.08682852072914987 20.249042799864796
0.08685271818035167 20.25428968934999
0.08687691563155349 20.25953651940688
0.08690111308275529 20.264783290016556
0.0869253105339571 20.27003000116009
0.08694950798515891 20.275276652818537
0.08697370543636071 20.280523244972976
0.08699790288756251 20.28576977760446
0.08702210033876433 20.291016250694064
0.08704629778996614 20.29626266422284
0.08707049524116794 20.30150901817186
0.08709469269236975 20.30675531252216
0.08711889014357155 20.312001547254802
0.08714308759477336 20.31724772235084
0.08716728504597517 20.32249383779133
0.08719148249717698 20.327739893557315
0.08721567994837878 20.332985889629846
0.08723987739958058 20.33823182598995
0.08726407485078239 20.343477702618692
0.0872882723019842 20.348723519497085
0.08731246975318602 20.353969276606193
0.08733666720438782 20.35921497392705
0.08736086465558962 20.364460611440673
0.08738506210679142 20.369706189128106
0.08740925955799322 20.37495170697038
0.08743345700919504 20.380197164948516
0.08745765446039686 20.385442563043533
0.08748185191159866 20.39068790123647
0.08750604936280046 20.39593317950834
0.08753024681400226 20.40117839784017
0.08755444426520408 20.406423556212978
0.08757864171640589 20.41166865460777
0.0876028391676077 20.416913693005565
0.0876270366188095 20.422158671387365
0.0876512340700113 20.427403589734194
0.0876754315212131 20.432648448027056
0.08769962897241491 20.43789324624695
0.08772382642361673 20.443137984374896
0.08774802387481853 20.44838266239187
0.08777222132602033 20.453627280278894
0.08779641877722213 20.458871838016943
0.08782061622842395 20.464116335587036
0.08784481367962577 20.469360772970152
0.08786901113082757 20.47460515014727
0.08789320858202937 20.479849467099406
0.08791740603323117 20.485093723807534
0.08794160348443297 20.490337920252642
0.08796580093563479 20.4955820564157
0.0879899983868366 20.50082613227771
0.0880141958380384 20.506070147819628
0.08803839328924021 20.511314103022453
0.08806259074044201 20.516557997867146
0.08808678819164383 20.521801832334678
0.08811098564284563 20.527045606406027
0.08813518309404744 20.532289320062162
0.08815938054524924 20.53753297328404
0.08818357799645105 20.54277656605264
0.08820777544765285 20.548020098348914
0.08823197289885466 20.553263570153824
0.08825617035005648 20.558506981448335
0.08828036780125828 20.56375033221338
0.08830456525246008 20.56899362242995
0.08832876270366188 20.574236852078965
0.0883529601548637 20.579480021141396
0.0883771576060655 20.584723129598174
0.08840135505726732 20.589966177430263
0.08842555250846912 20.595209164618595
0.08844974995967092 20.600452091144117
0.08847394741087272 20.605694956987758
0.08849814486207454 20.61093776213047
0.08852234231327635 20.616180506553192
0.08854653976447815 20.62142319023683
0.08857073721567996 20.626665813162354
0.08859493466688176 20.631908375310665
0.08861913211808357 20.6371508766627
0.08864332956928538 20.64239331719938
0.08866752702048719 20.64763569690165
0.08869172447168899 20.652878015750403
0.0887159219228908 20.658120273726563
0.0887401193740926 20.663362470811062
0.08876431682529441 20.66860460698541
0.08878851427649623 20.673846682231574
0.08881271172769803 20.679088696528794
0.08883690917889983 20.684330649857962
0.08886110663010163 20.689572542200004
0.08888530408130345 20.69481437353581
0.08890950153250525 20.700056143846304
0.08893369898370707 20.705297853112366
0.08895789643490887 20.7105395013149
0.08898209388611067 20.715781088434813
0.08900629133731247 20.721022614452988
0.08903048878851429 20.72626407935033
0.0890546862397161 20.73150548310771
0.0890788836909179 20.736746825706042
0.0891030811421197 20.741988107126204
0.08912727859332151 20.747229327349057
0.08915147604452332 20.752470486355524
0.08917567349572512 20.757711584126454
0.08919987094692694 20.762952620642743
0.08922406839812874 20.768193595885254
0.08924826584933054 20.773434509834885
0.08927246330053235 20.778675362472466
0.08929666075173416 20.783916153778915
0.08932085820293598 20.789156883735068
0.08934505565413778 20.7943975523218
0.08936925310533958 20.799638159519983
0.08939345055654138 20.80487870531046
0.0894176480077432 20.810119189674115
0.089441845458945 20.815359612591788
0.08946604291014681 20.82059997404434
0.08949024036134862 20.82584027401263
0.08951443781255042 20.8310805124775
0.08953863526375222 20.836320689419814
0.08956283271495404 20.841560804820404
0.08958703016615585 20.84680085866012
0.08961122761735765 20.852040850919813
0.08963542506855945 20.85728078158031
0.08965962251976126 20.86252065062247
0.08968381997096307 20.867760458027117
0.08970801742216487 20.873000203775085
0.08973221487336669 20.878239887847215
0.08975641232456849 20.883479510224333
0.08978060977577029 20.888719070887266
0.0898048072269721 20.893958569816846
0.08982900467817391 20.899198006993906
0.08985320212937573 20.904437382399248
0.08987739958057753 20.909676696013697
0.08990159703177933 20.914915947818088
0.08992579448298113 20.920155137793227
0.08994999193418295 20.925394265919937
0.08997418938538475 20.930633332179013
0.08999838683658656 20.935872336551274
0.09002258428778837 20.9410458363445
0.09004678173899017 20.946214660650586
0.09007097919019197 20.951383486079155
0.09009517664139378 20.956552312663824
0.0901193740925956 20.96172114043821
0.0901435715437974 20.966889969435897
0.0901677689949992 20.97205879969048
0.090191966446201 20.977227631235536
0.0902161638974028 20.982396464104625
0.09024036134860462 20.987565298331315
0.09026455879980644 20.992734133949146
0.09028875625100824 20.997902970991635
0.09031295370221004 21.003071809492315
0.09033715115341184 21.008240649484723
0.09036134860461366 21.013409491002328
0.09038554605581547 21.018578334078644
0.09040974350701728 21.023677942155718
0.09043394095821908 21.028675524684374
0.09045813840942088 21.033674080581356
0.09048233586062268 21.03867361002455
0.0905065333118245 21.043674113193894
0.09053073076302631 21.048675590271362
0.09055492821422811 21.053678041440957
0.09057912566542992 21.058681466642202
0.09060332311663172 21.06368586655625
0.09062752056783353 21.068691241126647
0.09065171801903535 21.073697590545535
0.09067591547023715 21.07870491500709
0.09070011292143895 21.083713214707515
0.09072431037264075 21.08872248984506
0.09074850782384256 21.093732740620016
0.09077270527504437 21.09874396723469
0.09079690272624619 21.10375616989341
0.09082110017744799 21.108769349238344
0.09084529762864979 21.113783505101537
0.09086949507985159 21.11879863762916
0.09089369253105341 21.123814747033702
0.09091788998225521 21.12883183352967
0.09094208743345703 21.13384989733365
0.09096628488465883 21.138868938664213
0.09099048233586063 21.143888957741996
0.09101467978706243 21.148909954789662
0.09103887723826425 21.153931930031916
0.09106307468946606 21.15895488369549
0.09108727214066786 21.163978816009163
0.09111146959186966 21.16900372720373
0.09113566704307147 21.17402961751206
0.09115986449427328 21.17905648716903
0.09118406194547508 21.184084336411562
0.0912082593966769 21.189113165478606
0.0912324568478787 21.194142974611175
0.0912566542990805 21.199173764052297
0.0912808517502823 21.204205534047045
0.09130504920148412 21.20923828484254
0.09132924665268594 21.21427201668794
0.09135344410388774 21.21930672983443
0.09137764155508954 21.224342424535223
0.09140183900629134 21.229379101045613
0.09142603645749316 21.234416759622935
0.09145023390869496 21.2394554005265
0.09147443135989677 21.244495024017727
0.09149862881109858 21.24953563036006
0.09152282626230038 21.25457721981896
0.09154702371350218 21.25961979266196
0.091571221164704 21.264663349158635
0.09159541861590581 21.269707889580577
0.09161961606710761 21.274753413861664
0.09164381351830941 21.27979992254243
0.09166801096951122 21.284847415980455
0.09169220842071303 21.28989589445552
0.09171640587191483 21.294945358249453
0.09174060332311665 21.299995807646148
0.09176480077431845 21.305047242931515
0.09178899822552025 21.31009966439353
0.09181319567672205 21.31515307232223
0.09183739312792387 21.320207467009674
0.09186159057912568 21.325262848749972
0.09188578803032749 21.330319217839307
0.09190998548152929 21.335376574575882
0.09193418293273109 21.34043491925999
0.0919583803839329 21.345494252193934
0.09198257783513471 21.350554573682075
0.09200677528633652 21.35561588413726
0.09203097273753832 21.36067818403205
0.09205517018874013 21.3657414734016
0.09207936763994193 21.370805752558464
0.09210356509114374 21.375871021817314
0.09212776254234556 21.38093728149482
0.09215195999354736 21.38600453190973
0.09217615744474916 21.39107277338287
0.09220035489595096 21.396142006237092
0.09222455234715278 21.401212230797324
0.09224874979835458 21.406283447390532
0.0922729472495564 21.411355656345783
0.0922971447007582 21.41642885799416
0.09232134215196 21.42150305266882
0.0923455396031618 21.426578240705005
0.09236973705436362 21.431654422439983
0.09239393450556543 21.43673159821312
0.09241813195676724 21.441809768112222
0.09244232940796904 21.44688893265382
0.09246652685917084 21.45196909226889
0.09249072431037265 21.457050247305084
0.09251492176157446 21.462132398112043
0.09253911921277627 21.467215545041533
0.09256331666397807 21.47229968844734
0.09258751411517988 21.477384828685395
0.09261171156638168 21.482470966113624
0.09263590901758349 21.487558101092052
0.09266010646878531 21.49264623398279
0.09268430391998711 21.497735365150014
0.09270850137118891 21.502825494959954
0.09273269882239071 21.507916623780947
0.09275689627359253 21.513008751983385
0.09278109372479433 21.51810187993975
0.09280529117599615 21.523190470426254
0.09282948862719795 21.52826055260906
0.09285368607839975 21.53333209193387
0.09287788352960155 21.538405088867375
0.09290208098080337 21.54347954388061
0.09292627843200518 21.548555457449012
0.09295047588320698 21.55363283005239
0.09297467333440879 21.558711662174982
0.09299887078561059 21.56379195430537
0.09302306823681239 21.568873706936575
0.0930472656880142 21.573956920565983
0.09307146313921602 21.57904159569539
0.09309566059041782 21.584127732830993
0.09311985804161962 21.58921533248334
0.09314405549282143 21.59430439516748
0.09316825294402324 21.59939492140279
0.09319245039522506 21.604486911713064
0.09321664784642686 21.6094936354832
0.09324084529762866 21.614466243836485
0.09326504274883046 21.619444762256347
0.09328924020003226 21.624429191419594
0.09331343765123408 21.629419532073868
0.0933376351024359 21.634415785037667
0.0933618325536377 21.63941795120032
0.0933860300048395 21.64442603152202
0.0934102274560413 21.649440027033798
0.09343442490724312 21.654459938837494
0.09345862235844493 21.659485768105824
0.09348281980964673 21.66451751608232
0.09350701726084854 21.669555184081347
0.09353121471205034 21.67459877348816
0.09355541216325214 21.679648285758848
0.09357960961445395 21.68470372242039
0.09360380706565577 21.689765085070622
0.09362800451685757 21.694832375378308
0.09365220196805937 21.699905595083116
0.09367639941926117 21.704984745995628
0.09370059687046299 21.710069829997423
0.09372479432166479 21.715160849041023
0.09374899177286661 21.720257805149952
0.09377318922406841 21.725360700418797
0.09379738667527021 21.73046953701315
0.09382158412647201 21.735584317169717
0.09384578157767383 21.740705043196318
0.09386997902887564 21.74583171747193
0.09389417648007745 21.750964342446714
0.09391837393127925 21.756102920642036
0.09394257138248105 21.76124745465056
0.09396676883368286 21.76639794713623
0.09399096628488467 21.771554400834358
0.09401516373608648 21.77671681855166
0.09403936118728828 21.78188520316625
0.09406355863849009 21.787059557627796
0.09408775608969189 21.79223988495748
0.0941119535408937 21.79742618824807
0.09413615099209552 21.80261847066401
0.09416034844329732 21.80781673544146
0.09418454589449912 21.813020985888333
0.09420874334570092 21.818231225384377
0.09423294079690274 21.823447457381246
0.09425713824810454 21.828669685402524
0.09428133569930636 21.83389791304389
0.09430553315050816 21.839132143973043
0.09432973060170996 21.8443723819299
0.09435392805291176 21.849618630726592
0.09437812550411358 21.85487089424759
0.0944023229553154 21.860129176449732
0.0944265204065172 21.865393481362354
0.094450717857719 21.870663813087322
0.0944749153089208 21.87594017579917
0.09449911276012261 21.881222573745134
0.09452331021132442 21.886511011245254
0.09454750766252623 21.891805492692463
0.09457170511372803 21.897106022552713
0.09459590256492983 21.902412605365
0.09462010001613164 21.907725245741553
0.09464429746733345 21.91304394836781
0.09466849491853527 21.918368718002622
0.09469269236973707 21.923699559478308
0.09471688982093887 21.929036477700755
0.09474108727214067 21.934379477649543
0.09476528472334249 21.939728564378054
0.09478948217454429 21.94508374301354
0.0948136796257461 21.95043511219449
0.09483787707694791 21.95578386160279
0.09486207452814971 21.961137305290105
0.09488627197935151 21.966495447240426
0.09491046943055333 21.97185829148178
0.09493466688175514 21.977225842086256
0.09495886433295694 21.982598103170204
0.09498306178415875 21.987975078894145
0.09500725923536055 21.993356773462967
0.09503145668656236 21.99874319112594
0.09505565413776416 22.004134336176758
0.09507985158896598 22.009530212953727
0.09510404904016778 22.014930825839688
0.09512824649136958 22.020336179262177
0.09515244394257139 22.025746277693546
0.0951766413937732 22.031161125650936
0.09520083884497502 22.036580565245764
0.09522503629617682 22.04200012606868
0.09524923374737862 22.047424230009973
0.09527343119858042 22.052852881504858
0.09529762864978224 22.05828608502972
0.09532182610098404 22.06372384510219
0.09534602355218585 22.06916616628117
0.09537022100338766 22.074613053167003
0.09539441845458946 22.080064510401435
0.09541861590579126 22.085520542667833
0.09544281335699308 22.09098115469112
0.09546701080819489 22.096446351237955
0.09549120825939669 22.101916137116756
0.0955154057105985 22.10739051717784
0.0955396031618003 22.112869496313436
0.09556380061300211 22.11835307945783
0.09558799806420391 22.125215317249932
0.09561219551540573 22.143568323499327
0.09563639296660753 22.161926171286403
0.09566059041780933 22.180288873612756
0.09568478786901113 22.198656443526836
0.09570898532021295 22.21702889412409
0.09573318277141477 22.235406238547238
0.09575738022261657 22.25378848998649
0.09578157767381837 22.272175661679718
0.09580577512502017 22.290567766912705
0.09582997257622197 22.30896481901931
0.09585417002742379 22.327366831381752
0.0958783674786256 22.34577381743073
0.0959025649298274 22.36418579064569
0.0959267623810292 22.382602764555084
0.09595095983223101 22.401024752736493
0.09597515728343282 22.419451768816952
0.09599935473463464 22.437883826473083
0.09602355218583644 22.456320939431304
0.09604774963703824 22.474763121468172
0.09607194708824005 22.49321038641049
0.09609614453944185 22.511662748135553
0.09612034199064366 22.53012022057144
0.09614453944184548 22.54858281769716
0.09616873689304728 22.567050553542874
0.09619293434424908 22.585523442190212
0.09621713179545088 22.604001497772447
0.0962413292466527 22.622484734474735
0.09626552669785451 22.640973166534284
0.09628972414905632 22.65946680824073
0.09631392160025812 22.677965673936217
0.09633811905145992 22.69646977801575
0.09636231650266172 22.714979134927393
0.09638651395386354 22.733493759172468
0.09641071140506535 22.752022916517372
0.09643490885626715 22.77056937898676
0.09645910630746896 22.78912165444922
0.09648330375867076 22.80767975928476
0.09650750120987257 22.82624370993869
0.09653169866107437 22.84481352292189
0.09655589611227619 22.863389214811182
0.09658009356347799 22.88197080224954
0.0966042910146798 22.90055830194651
0.0966284884658816 22.91915173067841
0.09665268591708341 22.937751105288744
0.09667688336828523 22.956356442688385
0.09670108081948703 22.974967759855993
0.09672527827068883 22.993585073838336
0.09674947572189063 23.012208401750534
0.09677367317309245 23.030837760776446
0.09679787062429425 23.04947316816892
0.09682206807549606 23.068131967915278
0.09684626552669787 23.086798909783575
0.09687046297789967 23.105472358569937
0.09689466042910147 23.124152333243813
0.09691885788030329 23.142838852855128
0.0969430553315051 23.161531936534555
0.0969672527827069 23.18023160349397
0.0969914502339087 23.198937873026885
0.0970156476851105 23.217650764508733
0.09703984513631232 23.236370297397386
0.09706404258751412 23.255096491233413
0.09708824003871594 23.27382936564059
0.09711243748991774 23.292568940326245
0.09713663494111954 23.311315235081693
0.09716083239232134 23.330068269782647
0.09718502984352316 23.348828064389593
0.09720922729472498 23.36759463894819
0.09723342474592678 23.386368013589728
0.09725762219712858 23.40514820853155
0.09728181964833038 23.423935244077423
0.0973060170995322 23.442729140618003
0.097330214550734 23.461529918631214
0.09735441200193581 23.480337598682727
0.09737860945313762 23.499152201426327
0.09740280690433942 23.517973747604398
0.09742700435554122 23.53680225804836
0.09745120180674303 23.555637753679058
0.09747539925794485 23.574480255507208
0.09749959670914665 23.59332978463387
0.09752379416034845 23.612186362250938
0.09754799161155026 23.631050009641417
0.09757218906275207 23.649920748180094
0.09759638651395387 23.668798599333776
0.09762058396515569 23.687683584661954
0.09764478141635749 23.70657572581709
0.09766897886755929 23.72547504454515
0.0976931763187611 23.744381562686083
0.09771737376996291 23.763295302174267
0.09774157122116472 23.78221628503897
0.09776576867236653 23.801144533404806
0.09778996612356833 23.820080069492256
0.09781416357477013 23.839022915618138
0.09783836102597195 23.857973094196083
0.09786255847717375 23.876930627736943
0.09788675592837556 23.89589553884942
0.09791095337957736 23.914867850240427
0.09793515083077917 23.93384758471565
0.09795934828198097 23.952834765180043
0.09798354573318278 23.971829414638286
0.0980077431843846 23.990863241489723
0.0980319406355864 24.00997299026053
0.0980561380867882 24.029091912248095
0.09808033553799 24.04822003771105
0.09810453298919182 24.0673573970601
0.09812873044039362 24.08650402085896
0.09815292789159544 24.105659939825184
0.09817712534279724 24.124825184830954
0.09820132279399904 24.143999786903954
0.09822552024520084 24.16318377722827
0.09824971769640266 24.182377187145182
0.09827391514760447 24.20158004815407
0.09829811259880628 24.220792391913275
0.09832231005000808 24.240014250240964
0.09834650750120988 24.259245655116086
0.0983707049524117 24.278486638679173
0.0983949024036135 24.297737233233264
0.09841909985481531 24.317222355751667
0.09844329730601711 24.336781641788107
0.09846749475721892 24.35635565311552
0.09849169220842072 24.375944447468765
0.09851588965962253 24.395548082971256
0.09854008711082435 24.415166618137647
0.09856428456202615 24.434800111876477
0.09858848201322795 24.45444862349277
0.09861267946442975 24.474112212690752
0.09863687691563156 24.49379093957649
0.09866107436683337 24.513484864660732
0.09868527181803519 24.53319404886152
0.09870946926923699 24.552918553507045
0.09873366672043879 24.572658440338422
0.09875786417164059 24.592413771512604
0.09878206162284241 24.61218460960506
0.09880625907404422 24.631971017935797
0.09883045652524602 24.651773060542713
0.09885465397644783 24.671590800357208
0.09887885142764963 24.691424301658447
0.09890304887885143 24.71127362915886
0.09892724633005325 24.73113884800722
0.09895144378125506 24.751020023791586
0.09897564123245686 24.770917222542433
0.09899983868365866 24.790830510735802
0.09902403613486047 24.810759955296316
0.09904823358606228 24.830354050755343
0.0990724310372641 24.84924265369761
0.0990966284884659 24.868147466832912
0.0991208259396677 24.88706855711496
0.0991450233908695 24.90600599195554
0.0991692208420713 24.924959839227668
0.09919341829327312 24.94393016726893
0.09921761574447494 24.962300042415322
0.09924181319567674 24.98044653544507
0.09926601064687854 24.998598704238752
0.09929020809808034 25.01675656450969
0.09931440554928216 25.034920132024315
0.09933860300048396 25.05308942260244
0.09936280045168577 25.07126445211748
0.09938699790288757 25.08944523649664
0.09941119535408938 25.10763179172121
0.09943539280529118 25.12582413382682
0.099459590256493 25.14402227890358
0.09948378770769481 25.162226243096388
0.09950798515889661 25.180436042605105
0.09953218261009841 25.198651693684905
0.09955638006130021 25.216873212646416
0.09958057751250203 25.235100615856002
0.09960477496370383 25.25309379174718
0.09962897241490565 25.27011245632305
0.09965316986610745 25.28713087600103
0.09967736731730925 25.304149050756756
0.09970156476851105 25.321166980565845
0.09972576221971287 25.33818466540396
0.09974995967091468 25.355202105246672
0.09977415712211649 25.3722193000696
0.09979835457331829 25.389236249848334
0.09982255202452009 25.406252954558475
0.0998467494757219 25.423269414175582
0.0998709469269237 25.44028562867522
0.09989514437812552 25.457301598032956
0.09991934182932732 25.474317322224326
0.09994353928052913 25.491332801224882
0.09996773673173093 25.50834803501015
0.09999193418293274 25.52536302355563
0.10001613163413456 25.542377766836875
0.10004032908533636 25.559392264829338
0.10006452653653816 25.576406517508534
0.10008872398773996 25.593420524849936
0.10011292143894178 25.610434286829037
0.10013711889014358 25.627447803421273
0.1001613163413454 25.644461074602123
0.1001855137925472 25.661474100347014
0.100209711243749 25.678486880631386
0.1002339086949508 25.69549941543066
0.10025810614615262 25.712511704720292
0.10028230359735443 25.72952374847564
0.10030650104855623 25.746535546672114
0.10033069849975804 25.763547099285105
0.10035489595095984 25.780558406289988
0.10037909340216165 25.797569467662164
0.10040329085336346 25.81458028337697
0.10042748830456527 25.831590853409743
0.10045168575576707 25.848601177735848
0.10047588320696887 25.8656112563306
0.10050008065817068 25.882621089169334
0.10052427810937249 25.899630676227375
0.10054847556057431 25.91664001748001
0.10057267301177611 25.933649112902526
0.10059687046297791 25.950657962470228
0.10062106791417971 25.96766656615839
0.10064526536538153 25.984674923942276
0.10066946281658333 26.001683035797132
0.10069366026778515 26.018690901698225
0.10071785771898695 26.035698521620777
0.10074205517018875 26.05270589554003
0.10076625262139055 26.069713023431202
0.10079045007259237 26.086719905269504
0.10081464752379418 26.10372654103014
0.10083884497499598 26.120732930688288
0.10086304242619779 26.137739074219134
0.10088723987739959 26.154744971597868
0.1009114373286014 26.171750622799657
0.1009356347798032 26.188756027799624
0.10095983223100502 26.20576118657295
0.10098402968220682 26.222766099094727
0.10100822713340862 26.23977076534012
0.10103242458461043 26.256775185284226
0.10105662203581224 26.273779358902182
0.10108081948701406 26.290783286169056
0.10110501693821586 26.307786967059936
0.10112921438941766 26.32479040154991
0.10115341184061946 26.34179358961405
0.10117760929182128 26.358796531227423
0.10120180674302308 26.37579922636506
0.1012260041942249 26.39280167500203
0.1012502016454267 26.40980387711334
0.1012743990966285 26.426805832674024
0.1012985965478303 26.443807541659098
0.10132279399903212 26.46080900404357
0.10134699145023393 26.477810219802425
0.10137118890143573 26.494811188910656
0.10139538635263753 26.5118119113432
0.10141958380383934 26.52881238707508
0.10144378125504114 26.54581261608124
0.10146797870624295 26.562812598336624
0.10149217615744477 26.57981233381616
0.10151637360864657 26.59681182249476
0.10154057105984837 26.61381106434739
0.10156476851105017 26.63081005934892
0.10158896596225199 26.647808807474288
0.1016131634134538 26.664807308698347
0.10163736086465561 26.681805562996
0.10166155831585741 26.698803570342104
0.10168575576705921 26.715801330711535
0.10170995321826101 26.73279884407914
0.10173415066946283 26.749796110419787
0.10175834812066464 26.76679312970829
0.10178254557186645 26.783789901919455
0.10180674302306825 26.80078642702811
0.10183094047427005 26.81778270500908
0.10185513792547186 26.83477873583717
0.10187933537667368 26.851774519487133
0.10190353282787548 26.868770055933762
0.10192773027907728 26.885765345151817
0.10195192773027908 26.90276038711607
0.10197612518148089 26.919755181801264
0.1020003226326827 26.936749729182136
0.10202452008388452 26.953744029233448
0.10204871753508632 26.97073808192988
0.10207291498628812 26.987731887246166
0.10209711243748992 27.00472544515697
0.10212130988869174 27.02171875563705
0.10214550733989354 27.038711818661056
0.10216970479109536 27.055704634203668
0.10219390224229716 27.07269720223951
0.10221809969349896 27.089689522743285
0.10224229714470076 27.106681595689647
0.10226649459590258 27.123673421053205
0.10229069204710439 27.14066499880858
0.1023148894983062 27.157656328930408
0.102339086949508 27.174647411393284
0.1023632844007098 27.191638246171813
0.10238748185191161 27.20862883324059
0.10241167930311341 27.225619172574177
0.10243587675431523 27.24260926414717
0.10246007420551703 27.259599107934104
0.10248427165671883 27.27658870390954
0.10250846910792064 27.290119811974886
0.10253266655912245 27.30080182744512
0.10255686401032427 27.311483681786637
0.10258106146152607 27.322165374981985
0.10260525891272787 27.332846907013735
0.10262945636392967 27.34352827786445
0.10265365381513149 27.35420948751665
0.10267785126633329 27.364890535952902
0.1027020487175351 27.375571423155733
0.1027262461687369 27.38625214910766
0.10275044361993871 27.396932713791227
0.10277464107114051 27.407613117188934
0.10279883852234233 27.418293359283286
0.10282303597354414 27.428973440056815
0.10284723342474594 27.439653359491984
0.10287143087594774 27.450333117571315
0.10289562832714955 27.461012714277278
0.10291982577835136 27.471692149592354
0.10294402322955316 27.482371423499004
0.10296822068075498 27.49305053597972
0.10299241813195678 27.503729487016944
0.10301661558315858 27.514408276593134
0.10304081303436038 27.525086904690735
0.1030650104855622 27.535765371292197
0.10308920793676402 27.546443676379955
0.10311340538796582 27.557121819936434
0.10313760283916762 27.56779980194406
0.10316180029036942 27.578477622385236
0.10318599774157124 27.589155281242412
0.10321019519277304 27.599832778497948
0.10323439264397485 27.610510114134264
0.10325859009517666 27.621187288133758
0.10328278754637846 27.631864300478803
0.10330698499758026 27.642541151151764
0.10333118244878207 27.653217840135078
0.10335537989998389 27.663894367411046
0.10337957735118569 27.674570732962035
0.1034037748023875 27.685246936770437
0.1034279722535893 27.695922978818572
0.10345216970479111 27.706598859088803
0.10347636715599291 27.717274577563437
0.10350056460719473 27.727950134224834
0.10352476205839653 27.738625529055298
0.10354895950959833 27.749300762037173
0.10357315696080013 27.75997583315274
0.10359735441200195 27.770650742384323
0.10362155186320376 27.781325489714213
0.10364574931440557 27.79200007512469
0.10366994676560737 27.802674498598066
0.10369414421680917 27.81334876011661
0.10371834166801099 27.82402285966261
0.10374253911921279 27.834696797218303
0.1037667365704146 27.84537057276598
0.1037909340216164 27.856044186287885
0.1038151314728182 27.866717637766264
0.10383932892402001 27.877390927183367
0.10386352637522182 27.888064054521426
0.10388772382642364 27.89873701976268
0.10391192127762544 27.909409822889337
0.10393611872882724 27.920082463883627
0.10396031618002904 27.930754942727756
0.10398451363123086 27.94142725940394
0.10400871108243266 27.952099413894373
0.10403290853363448 27.962771406181254
0.10405710598483628 27.97344323624676
0.10408130343603808 27.984114904073074
0.10410550088723988 27.994786409642366
0.1041296983384417 28.005457752936817
0.10415389578964351 28.016128933938585
0.10417809324084532 28.026799952629823
0.10420229069204712 28.037470808992676
0.10422648814324892 28.048141503009287
0.10425068559445072 28.058812034661816
0.10427488304565254 28.069482403932383
0.10429908049685435 28.080152610803097
0.10432327794805615 28.090822655256087
0.10434747539925796 28.101492537273458
0.10437167285045976 28.112162256837333
0.10439587030166157 28.1228318139298
0.10442006775286339 28.13350120853296
0.10444426520406519 28.14417044062888
0.10446846265526699 28.154839510199654
0.1044926601064688 28.16550841722737
0.1045168575576706 28.17617716169408
0.10454105500887241 28.186845743581866
0.10456525246007423 28.197514162872764
0.10458944991127603 28.20818241954882
0.10461364736247783 28.218850513592095
0.10463784481367963 28.22951844498461
0.10466204226488145 28.24018621370841
0.10468623971608326 28.25085381974553
0.10471043716728506 28.261521263077952
0.10473463461848687 28.272188543687715
0.10475883206968867 28.282855661556827
0.10478302952089047 28.293522616667268
0.10480722697209229 28.304189409001072
0.1048314244232941 28.314856038540185
0.1048556218744959 28.325522505266598
0.1048798193256977 28.336188809162284
0.1049040167768995 28.346854950209234
0.10492821422810132 28.357520928389384
0.10495241167930312 28.368186743684703
0.10497660913050494 28.37885239607715
0.10500080658170674 28.38951788554864
0.10502500403290854 28.40018321208113
0.10504920148411034 28.41084837565656
0.10507339893531216 28.42151337625684
0.10509759638651398 28.4321782138639
0.10512179383771578 28.442842888459634
0.10514599128891758 28.45350740002597
0.10517018874011938 28.464171748544775
0.1051943861913212 28.47483593399798
0.105218583642523 28.485499956367462
0.10524278109372481 28.496163815635096
0.10526697854492661 28.50682751178275
0.10529117599612842 28.517491044792305
0.10531537344733022 28.528154414645616
0.10533957089853203 28.538817621324547
0.10536376834973385 28.549480664810954
0.10538796580093565 28.560143545086657
0.10541216325213745 28.570806262133495
0.10543636070333925 28.581468815933327
0.10546055815454107 28.592131206467958
0.10548475560574287 28.602793433719203
0.10550895305694469 28.613455497668895
0.10553315050814649 28.624117398298814
0.10555734795934829 28.63477913559077
0.10558154541055009 28.64544070952655
0.10560574286175191 28.656107195283244
0.10562994031295372 28.666789830352194
0.10565413776415553 28.67747230790316
0.10567833521535733 28.6881546279076
0.10570253266655913 28.69883679033694
0.10572673011776094 28.709518795162662
0.10575092756896275 28.72020064235617
0.10577512502016456 28.73088233188891
0.10579932247136636 28.74156386373231
0.10582351992256817 28.75224523785781
0.10584771737376997 28.762926454236815
0.10587191482497178 28.77360751284076
0.1058961122761736 28.784288413641033
0.1059203097273754 28.79496915660908
0.1059445071785772 28.805649741716284
0.105968704629779 28.816330168934055
0.10599290208098082 28.827010438233806
0.10601709953218262 28.837696611158325
0.10604129698338444 28.84838514495004
0.10606549443458624 28.85907352392048
0.10608969188578804 28.869761748037543
0.10611388933698984 28.88044981726916
0.10613808678819166 28.89113773158329
0.10616228423939347 28.90182549094781
0.10618648169059527 28.912513095330652
0.10621067914179708 28.92320054469976
0.10623487659299888 28.93388783902302
0.1062590740442007 28.944574978268324
0.1062832714954025 28.955261962403608
0.10630746894660431 28.965948791396748
0.10633166639780611 28.97663546521566
0.10635586384900791 28.987321983828213
0.10638006130020972 28.998008347202315
0.10640425875141153 29.008694555597437
0.10642845620261335 29.01938061005541
0.10645265365381515 29.030066509179218
0.10647685110501695 29.040752252936738
0.10650104855621875 29.051437841295837
0.10652524600742057 29.062123274224394
0.10654944345862237 29.072808551690283
0.10657364090982419 29.083493673661327
0.10659783836102599 29.094178640105405
0.10662203581222779 29.104863450990365
0.10664623326342959 29.11554810628404
0.1066704307146314 29.12623260595431
0.10669462816583322 29.136916949968995
0.10671882561703502 29.147601138295922
0.10674302306823683 29.158285170902946
0.10676722051943863 29.168969047757873
0.10679141797064044 29.179652768828564
0.10681561542184224 29.190336334082794
0.10683981287304406 29.201019743488434
0.10686401032424586 29.21170299701327
0.10688820777544766 29.222386094625104
0.10691240522664947 29.23306903629177
0.10693660267785128 29.24375182198106
0.1069608001290531 29.254434451660767
0.1069849975802549 29.265116925298717
0.1070091950314567 29.275799242862675
0.1070333924826585 29.286481404320426
0.1070575899338603 29.29716340963979
0.10708178738506212 29.307845258788536
0.10710598483626393 29.31852695173443
0.10713018228746574 29.32920848844525
0.10715437973866754 29.339889868888783
0.10717857718986934 29.350571093032777
0.10720277464107116 29.361252160845027
0.10722697209227297 29.371933072293267
0.10725116954347477 29.38261382734526
0.10727536699467657 29.393294425968758
0.10729956444587838 29.403974868131513
0.10732376189708018 29.414655153801288
0.107347959348282 29.4253352829458
0.10737215679948381 29.436015255532812
0.10739635425068561 29.44669507153003
0.10742055170188741 29.457374730905208
0.10744474915308921 29.468054233626066
0.10746894660429103 29.478733579660354
0.10749314405549285 29.489412768975747
0.10751734150669465 29.50009180154001
0.10754153895789645 29.510770677320806
0.10756573640909825 29.521449396285874
0.10758993386030005 29.53212795840294
0.10761413131150187 29.54280636363967
0.10763832876270368 29.553484611963775
0.10766252621390549 29.56416270334296
0.10768672366510729 29.574840637744924
0.10771092111630909 29.58551841513733
0.1077351185675109 29.596196035487885
0.1077593160187127 29.60687349876436
0.10778351346991452 29.617550804937014
0.10780771092111632 29.628227953970814
0.10783190837231812 29.63890494583342
0.10785610582351993 29.64958178049254
0.10788030327472174 29.660258457915784
0.10790450072592356 29.670934978070846
0.10792869817712536 29.681611340925375
0.10795289562832716 29.692287546447005
0.10797709307952896 29.702963594603403
0.10800129053073078 29.71363948527272
0.10802548798193258 29.724315216923355
0.1080496854331344 29.73499079111106
0.1080738828843362 29.745666207803435
0.108098080335538 29.756341466968138
0.1081222777867398 29.767016568572792
0.10814647523794162 29.77769151258504
0.10817067268914343 29.788366298972484
0.10819487014034523 29.79904092770272
0.10821906759154704 29.809715398743396
0.10824326504274884 29.820389712062088
0.10826746249395065 29.831063867626433
0.10829165994515245 29.841737865404017
0.10831585739635427 29.852411705362424
0.10834005484755607 29.863085387469276
0.10836425229875787 29.873758911692157
0.10838844974995968 29.884432277998638
0.10841264720116149 29.895105487236066
0.1084368446523633 29.9057785392962
0.10846104210356511 29.916451433343287
0.10848523955476691 29.927124169344918
0.10850943700596871 29.937796747268653
0.10853363445717053 29.948469167082084
0.10855783190837233 29.959141428752723
0.10858202935957414 29.96981353224817
0.10860622681077595 29.980485477535943
0.10863042426197775 29.991157264583638
0.10865462171317955 29.988676320850946
0.10867881916438137 29.9810421293777
0.10870301661558318 29.973407999801804
0.10872721406678498 29.9657739321417
0.10875141151798678 29.958139926415775
0.10877560896918859 29.95050598264242
0.1087998064203904 29.942872100840063
0.1088240038715922 29.935238281027104
0.10884820132279402 29.92760452322197
0.10887239877399582 29.919970827443066
0.10889659622519762 29.912337193708797
0.10892079367639942 29.904703622037605
0.10894499112760124 29.89707011244789
0.10896918857880306 29.889436664958083
0.10899338603000486 29.881803279586624
0.10901758348120666 29.874169956351917
0.10904178093240846 29.86653669527241
0.10906597838361028 29.858903496366505
0.10909017583481208 29.851270359652666
0.1091143732860139 29.84363728514931
0.1091385707372157 29.836004272874895
0.1091627681884175 29.828371322847826
0.1091869656396193 29.820738435086586
0.10921116309082111 29.813105609609572
0.10923536054202293 29.805472846435247
0.10925955799322473 29.79784014558208
0.10928375544442653 29.79020750706851
0.10930795289562834 29.782574930912954
0.10933215034683015 29.774942417133893
0.10935634779803195 29.76730996574979
0.10938054524923377 29.75967757677909
0.10940474270043557 29.75204525024025
0.10942894015163737 29.744412986151747
0.10945313760283917 29.736780784532026
0.10947733505404099 29.729148645399555
0.1095015325052428 29.721516568772802
0.1095257299564446 29.713884554670237
0.10954992740764641 29.706252603110332
0.10957412485884821 29.69862071411157
0.10959832231005003 29.690988887692416
0.10962251976125183 29.683357122329358
0.10964671721245364 29.67572541946938
0.10967091466365544 29.66809377924588
0.10969511211485725 29.660462201677344
0.10971930956605905 29.65283068678224
0.10974350701726086 29.64519923457906
0.10976770446846268 29.63756784475842
0.10979190191966448 29.629936517994743
0.10981609937086628 29.622305253978475
0.10984029682206808 29.614674052728088
0.10986449427326989 29.60704291426212
0.1098886917244717 29.599411838599025
0.10991288917567352 29.591780825757336
0.10993708662687532 29.58414987575554
0.10996128407807712 29.57651898861215
0.10998548152927892 29.568888164345676
0.11000967898048074 29.561257403632798
0.11003387643168255 29.55362670682012
0.11005807388288436 29.545996072938465
0.11008227133408616 29.538365502006357
0.11010646878528796 29.530734994042295
0.11013066623648976 29.523104549064822
0.11015486368769158 29.51547416709243
0.11017906113889339 29.507843848143676
0.1102032585900952 29.50021359223708
0.110227456041297 29.49258339939115
0.1102516534924988 29.484953269624427
0.11027585094370061 29.477323202955436
0.11030004839490243 29.469693199402734
0.11032424584610423 29.462063258984834
0.11034844329730603 29.454433381720303
0.11037264074850783 29.446803567627644
0.11039683819970963 29.439173816725425
0.11042103565091145 29.431544129032183
0.11044523310211327 29.423914504566458
0.11046943055331507 29.416284943346817
0.11049362800451687 29.40865544539181
0.11051782545571867 29.40102601071996
0.11054202290692049 29.393396639349856
0.11056622035812229 29.385767331300052
0.1105904178093241 29.37813808658907
0.1106146152605259 29.370508905235514
0.11063881271172771 29.362879787257935
0.11066301016292951 29.3552507326749
0.11068720761413132 29.347621741504952
0.11071140506533314 29.339992813766685
0.11073560251653494 29.332363949478673
0.11075979996773674 29.324735148659485
0.11078399741893855 29.3171064113277
0.11080819487014036 29.30947773750186
0.11083239232134216 29.301849127200608
0.11085658977254398 29.29422058044248
0.11088078722374578 29.286592097246057
0.11090498467494758 29.278963677629967
0.11092918212614938 29.271335321612764
0.1109533795773512 29.263707029213027
0.11097757702855301 29.2560788004494
0.11100177447975482 29.24845063534042
0.11102597193095662 29.240822533904723
0.11105016938215842 29.23319449616089
0.11107436683336024 29.225566522127522
0.11109856428456204 29.217938611823218
0.11112276173576385 29.21031076526661
0.11114695918696565 29.202682982476258
0.11117115663816746 29.195055263470813
0.11119535408936926 29.187427608268866
0.11121955154057107 29.179757343005587
0.11124374899177289 29.172077051850152
0.11126794644297469 29.164396880497502
0.11129214389417649 29.15671682893909
0.1113163413453783 29.149036897166354
0.11134053879658011 29.141357085170746
0.11136473624778191 29.133677392943746
0.11138893369898373 29.125997820476808
0.11141313115018553 29.118318367761418
0.11143732860138733 29.110639034789077
0.11146152605258913 29.102959821551266
0.11148572350379095 29.095280728039466
0.11150992095499276 29.08760175424523
0.11153411840619457 29.07992290016004
0.11155831585739637 29.072244165775437
0.11158251330859817 29.064565551082943
0.11160671075979998 29.05686772358116
0.11163090821100179 29.049119706459088
0.1116551056622036 29.04137191341316
0.1116793031134054 29.033624344358724
0.1117035005646072 29.025876999211167
0.11172769801580901 29.01812987788589
0.11175189546701082 29.0103829802984
0.11177609291821264 29.002636306364174
0.11180029036941444 28.994889855998785
0.11182448782061624 28.987143629117828
0.11184868527181804 28.979397625636942
0.11187288272301986 28.9716518454718
0.11189708017422166 28.96390628853812
0.11192127762542348 28.956160954751677
0.11194547507662528 28.948415844028272
0.11196967252782708 28.940670956283753
0.11199386997902888 28.932926291433997
0.1120180674302307 28.92518184822257
0.11204226488143251 28.917437627342434
0.11206646233263431 28.909693629107764
0.11209065978383612 28.901949853434587
0.11211485723503792 28.894206300239
0.11213905468623973 28.886462969437147
0.11216325213744154 28.87871986094519
0.11218744958864335 28.870976974679376
0.11221164703984515 28.863234310555963
0.11223584449104695 28.85549186849123
0.11226004194224876 28.847749648401525
0.11228423939345057 28.84000765020327
0.11230843684465239 28.832265873812858
0.11233263429585419 28.824524319146782
0.11235683174705599 28.81678298612153
0.11238102919825779 28.80904187465367
0.11240522664945961 28.801300984994207
0.11242942410066141 28.793560317937477
0.11245362155186323 28.785819872185314
0.11247781900306503 28.778079647654433
0.11250201645426683 28.770339644261608
0.11252621390546864 28.762599861923622
0.11255041135667045 28.754860300557347
0.11257460880787225 28.747120960079652
0.11259880625907406 28.739381840407475
0.11262300371027587 28.73164294145778
0.11264720116147767 28.72390426314755
0.11267139861267948 28.71616580539389
0.11269559606388128 28.708427568113855
0.11271979351508309 28.70068955122459
0.1127439909662849 28.692951754643268
0.1127681884174867 28.685214178287115
0.11279238586868852 28.677476822073363
0.11281658331989032 28.669739685919346
0.11284078077109212 28.662002769742386
0.11286497822229394 28.654266073459855
0.11288917567349574 28.64652959698919
0.11291337312469754 28.638793340247858
0.11293757057589936 28.631057303153337
0.11296176802710116 28.623321485623208
0.11298596547830296 28.615585887575023
0.11301016292950478 28.60785050892643
0.11303436038070658 28.600115349595086
0.1130585578319084 28.592380409498706
0.1130827552831102 28.584645688555057
0.113106952734312 28.5769111866819
0.11313115018551381 28.56917690379707
0.11315534763671561 28.56144283981847
0.11317954508791742 28.553708994663975
0.11320374253911923 28.545975368019015
0.11322793999032103 28.53824195876475
0.11325213744152283 28.530508768091256
0.11327633489272465 28.52277579591663
0.11330053234392645 28.515043042158986
0.11332472979512827 28.50731050673647
0.11334892724633007 28.499578189567288
0.11337312469753187 28.49184609056968
0.11339732214873369 28.484114209661904
0.11342151959993549 28.476382546762313
0.11344571705113729 28.46865110178923
0.1134699145023391 28.460919874661062
0.11349411195354091 28.453188865296283
0.11351830940474271 28.44545807361333
0.11354250685594452 28.437727499530748
0.11356670430714633 28.429997142967093
0.11359090175834813 28.422267003840968
0.11361509920954994 28.414537082995018
0.11363929666075175 28.406807379978538
0.11366349411195356 28.399077894152985
0.11368769156315536 28.391348625437125
0.11371188901435716 28.383619573749773
0.11373608646555898 28.375890739009748
0.11376028391676078 28.368162121135963
0.11378448136796258 28.360433720047336
0.1138086788191644 28.352705535662842
0.1138328762703662 28.34497756790149
0.113857073721568 28.33724981668233
0.11388127117276982 28.32952228192443
0.11390546862397162 28.321794963546953
0.11392966607517344 28.314067861469027
0.11395386352637524 28.306340975609924
0.11397806097757704 28.298614305888833
0.11400225842877885 28.29088785208885
0.11402645587998066 28.283161612943584
0.11405065333118246 28.275435589696965
0.11407485078238427 28.26770978226842
0.11409904823358608 28.259984190577402
0.11412324568478788 28.25225881454339
0.11414744313598969 28.24453365408591
0.1141716405871915 28.236808709124528
0.11419583803839331 28.229083979578853
0.11422003548959511 28.221359465368558
0.11424423294079691 28.213635166413297
0.11426843039199873 28.20591108263281
0.11429262784320053 28.198187213946884
0.11431682529440233 28.190463560275308
0.11434102274560415 28.182740121537936
0.11436522019680595 28.175016897654668
0.11438941764800775 28.167293888545412
0.11441361509920957 28.159571094938876
0.11443781255041137 28.1518485165729
0.11446201000161318 28.144126152738345
0.11448620745281499 28.13640400335533
0.11451040490401679 28.12868206834398
0.1145346023552186 28.12096034762446
0.1145587998064204 28.113238841116956
0.11458299725762221 28.105517548741766
0.11460719470882402 28.097796470419127
0.11463139216002582 28.09007560606941
0.11465558961122763 28.08235495561295
0.11467978706242944 28.074634518970168
0.11470398451363124 28.06691429606152
0.11472818196483306 28.059194286807475
0.11475237941603486 28.051474491128587
0.11477657686723666 28.04375490894539
0.11480077431843848 28.036035540133167
0.11482497176964028 28.028316383288026
0.11484916922084208 28.02059743970313
0.1148733666720439 28.012878709299155
0.1148975641232457 28.005160191996893
0.1149217615744475 27.997441887717148
0.11494595902564932 27.989723796380726
0.11497015647685112 27.98200591790855
0.11499435392805292 27.974288252221523
0.11501855137925474 27.966570799240603
0.11504274883045654 27.958853558886766
0.11506694628165835 27.951136531081072
0.11509114373286015 27.9434197157446
0.11511534118406196 27.935703112798468
0.11513953863526377 27.927986722163812
0.11516373608646557 27.920270543761834
0.11518793353766738 27.912554577513774
0.11521213098886919 27.90483882404009
0.11523632844007099 27.89712328325648
0.1152605258912728 27.889407954388144
0.11528472334247461 27.881692837356493
0.11530892079367641 27.87397793208295
0.11533311824487823 27.866263238489005
0.11535731569608003 27.858548756496173
0.11538151314728183 27.850834486025967
0.11540571059848365 27.84312042699999
0.11542990804968545 27.835406579339892
0.11545410550088725 27.82769294296732
0.11547830295208907 27.819979517803965
0.11550250040329087 27.812266303771608
0.11552669785449267 27.804553300791994
0.11555089530569448 27.796840508786968
0.11557509275689629 27.789127927678393
0.1155992902080981 27.781415557388158
0.1156234876592999 27.773703397838208
0.1156476851105017 27.765991448950516
0.11567188256170352 27.758279710647102
0.11569608001290532 27.750568182850028
0.11572027746410712 27.74285686548138
0.11574447491530894 27.735145758463293
0.11576867236651074 27.727434861717942
0.11579286981771254 27.719724175167535
0.11581706726891436 27.712013698734317
0.11584126472011616 27.704303432340588
0.11586546217131798 27.69659337590867
0.11588965962251978 27.68888352936093
0.11591385707372158 27.681173892619775
0.1159380545249234 27.67346446560763
0.1159622519761252 27.66575524824699
0.115986449427327 27.658046240460386
0.11601064687852881 27.650337441575132
0.11603484432973062 27.642628851353304
0.11605904178093242 27.634920470475805
0.11608323923213423 27.627212298865306
0.11610743668333603 27.619504336444525
0.11613163413453785 27.611796583136194
0.11615583158573965 27.604089038863144
0.11618002903694145 27.596381703548147
0.11620422648814327 27.58867457711411
0.11622842393934507 27.580967659483925
0.11625262139054687 27.573260950580526
0.11627681884174869 27.565554450326914
0.11630101629295049 27.557848158646078
0.11632521374415229 27.550142075461107
0.11634941119535411 27.542436200695068
0.11637360864655591 27.534730534271137
0.11639780609775771 27.527025076112437
0.11642200354895953 27.518110246435917
0.11644620100016133 27.50908519483144
0.11647039845136314 27.50007097753959
0.11649459590256495 27.49106756371382
0.11651879335376675 27.48207492270026
0.11654299080496856 27.473093024036764
0.11656718825617036 27.464121837451916
0.11659138570737217 27.455161332864012
0.11661558315857398 27.44621148038011
0.11663978060977578 27.43727225029511
0.11666397806097759 27.428343613090707
0.1166881755121794 27.41942553943448
0.1167123729633812 27.410518000178982
0.11673657041458302 27.40162096636075
0.11676076786578482 27.39273440919941
0.11678496531698662 27.383858300096755
0.11680916276818844 27.374658105381112
0.11683336021939024 27.364931794945704
0.11685755767059204 27.35523371561405
0.11688175512179386 27.34556375388387
0.11690595257299566 27.335921797580678
0.11693015002419746 27.3263077358476
0.11695434747539928 27.316721459135294
0.11697854492660108 27.307162859192083
0.11700274237780289 27.297631829054108
0.1170269398290047 27.288128263035862
0.1170511372802065 27.27865205672052
0.11707533473140831 27.269203106950744
0.11709953218261011 27.248505809997205
0.11712372963381192 27.223062403711072
0.11714792708501373 27.197648237827558
0.11717212453621553 27.172263168566925
0.11719632198741733 27.146907053542627
0.11722051943861915 27.12157975174958
0.11724471688982095 27.096281123552423
0.11726891434102277 27.071011030673947
0.11729311179222457 27.04576933618378
0.11731730924342637 27.020555904486976
0.11734150669462819 26.995370601313045
0.11736570414582999 26.970213293704976
0.11738990159703179 26.94508385000835
0.1174140990482336 26.919982139860654
0.11743829649943541 26.894908034180858
0.11746249395063721 26.869861405158822
0.11748669140183902 26.84484212624517
0.11751088885304083 26.8198500721411
0.11753508630424264 26.794885118788336
0.11755928375544444 26.769947143359335
0.11758348120664625 26.745036024247476
0.11760767865784806 26.72015164105737
0.11763187610904986 26.695293874595592
0.11765607356025166 26.670462606861047
0.11768027101145348 26.64565772103585
0.11770446846265528 26.620879101476202
0.11772866591385708 26.59612663370335
0.1177528633650589 26.571400204394706
0.1177770608162607 26.54669970137509
0.1178012582674625 26.52202501360806
0.11782545571866432 26.49737603118734
0.11784965316986612 26.47275264532848
0.11787385062106794 26.44815474836043
0.11789804807226974 26.423582233717447
0.11792224552347154 26.399034995930897
0.11794644297467335 26.37451293062134
0.11797064042587516 26.35001593449065
0.11799483787707696 26.32554390531419
0.11801903532827877 26.30114044495644
0.11804323277948058 26.276771022377954
0.11806743023068238 26.25242339170418
0.11809162768188419 26.228097468547357
0.118115825133086 26.20379316932775
0.11814002258428781 26.17951041126805
0.11816422003548961 26.155249112388127
0.11818841748669141 26.131009191499817
0.11821261493789323 26.10679056820159
0.11823681238909503 26.08259316287358
0.11826100984029683 26.058416896672394
0.11828520729149865 26.034261691526154
0.11830940474270045 26.01012747012963
0.11833360219390225 25.986014155939234
0.11835779964510407 25.961921673168252
0.11838199709630587 25.937849946782233
0.11840619454750768 25.913820494265728
0.11843039199870949 25.889870553827876
0.11845458944991129 25.86593504063132
0.1184787869011131 25.842013906480975
0.1185029843523149 25.818107103540786
0.1185271818035167 25.79421458433168
0.11855137925471852 25.77033630172954
0.11857557670592032 25.7464722089633
0.11859977415712213 25.722622259612915
0.11862397160832394 25.698786407607415
0.11864816905952574 25.6749646072231
0.11867236651072756 25.651156813081442
0.11869656396192936 25.627362980147392
0.11872076141313116 25.603583063727392
0.11874495886433298 25.57981701946759
0.11876915631553478 25.556064803352
0.11879335376673658 25.532326371700677
0.1188175512179384 25.50860168126238
0.1188417486691402 25.4848906889494
0.118865946120342 25.461193352041047
0.11889014357154382 25.437509628183964
0.11891434102274562 25.413839475352084
0.11893853847394743 25.3901828518449
0.11896273592514924 25.366539716285907
0.11898693337635104 25.34291002762077
0.11901113082755285 25.31929374511578
0.11903532827875465 25.295690828356236
0.11905952572995646 25.272101237244765
0.11908372318115827 25.248524931999775
0.11910792063236007 25.2249618731539
0.11913211808356187 25.20141202155237
0.11915631553476369 25.17787533835154
0.11918051298596549 25.1543517850173
0.1192047104371673 25.130840161731815
0.11922890788836911 25.107333025787735
0.11925310533957091 25.083832623207854
0.11927730279077273 25.060338934807813
0.11930150024197453 25.036851941483707
0.11932569769317633 25.0133716242116
0.11934989514437815 24.98989796404725
0.11937409259557995 24.966430942125612
0.11939829004678175 24.94297053966061
0.11942248749798356 24.919516737944594
0.11944668494918537 24.896069518348206
0.11947088240038717 24.872628862319786
0.11949507985158898 24.849194751385102
0.11951927730279079 24.825767167147053
0.1195434747539926 24.802346091285184
0.1195676722051944 24.778931505555466
0.1195918696563962 24.75552339178979
0.11961606710759802 24.732078073021267
0.11964026455879982 24.70861299434186
0.11966446201000162 24.685149414058827
0.11968865946120344 24.661687328161648
0.11971285691240524 24.638226732643695
0.11973705436360704 24.614767623502196
0.11976125181480886 24.591309996738232
0.11978544926601066 24.567853848356762
0.11980964671721248 24.54439917436655
0.11983384416841428 24.520945970780165
0.11985804161961608 24.497494233613974
0.1198822390708179 24.474043958888103
0.1199064365220197 24.450595142626472
0.1199306339732215 24.427147780856718
0.11995483142442331 24.403701869610174
0.11997902887562512 24.380257404921974
0.12000322632682692 24.356814382809134
0.12002742377802873 24.33337279919176
0.12005162122923053 24.309932650254567
0.12007581868043235 24.286493932047296
0.12010001613163415 24.263056640623354
0.12012421358283595 24.239620772039704
0.12014841103403777 24.21618632235692
0.12017260848523957 24.192753287639185
0.12019680593644137 24.169321663954193
0.12022100338764319 24.145891447373188
0.12024520083884499 24.122462633970976
0.12026939829004679 24.099035219825826
0.12029359574124861 24.07560920101952
0.12031779319245041 24.052184573637316
0.12034199064365222 24.028761333767935
0.12036618809485403 24.00533947750353
0.12039038554605583 23.98191900093971
0.12041458299725764 23.95849990030089
0.12043878044845945 23.935082171650954
0.12046297789966125 23.911665811013997
0.12048717535086306 23.888250814499106
0.12051137280206486 23.864837178218757
0.12053557025326667 23.841424898288754
0.12055976770446848 23.804268177634395
0.12058396515567028 23.765969719603852
0.12060816260687209 23.727672619823924
0.1206323600580739 23.689376871943804
0.1206565575092757 23.651082469615925
0.12068075496047752 23.61278940649578
0.12070495241167932 23.574497676242075
0.12072914986288112 23.536207272516535
0.12075334731408294 23.497918188983952
0.12077754476528474 23.459630419312244
0.12080174221648654 23.42134395715439
0.12082593966768836 23.383058795969532
0.12085013711889016 23.344774929662375
0.12087433457009196 23.30649235191267
0.12089853202129378 23.268211056403082
0.12092272947249558 23.229931036819238
0.12094692692369739 23.191652286849497
0.1209711243748992 23.153374800185166
0.120995321826101 23.115098570520264
0.12101951927730281 23.076823591551598
0.12104371672850461 23.03854985697879
0.12106791417970642 23.0002773605041
0.12109211163090823 22.96200609583252
0.12111630908211003 22.923736056671725
0.12114050653331183 22.885467236732026
0.12116470398451365 22.847199629726305
0.12118890143571545 22.808933229368915
0.12121309888691727 22.770668029534168
0.12123729633811907 22.732404023922644
0.12126149378932087 22.694141206126858
0.12128569124052269 22.655879569872383
0.12130988869172449 22.617619108887297
0.12133408614292629 22.57935981690202
0.1213582835941281 22.541101687649437
0.1213824810453299 22.50284471486483
0.12140667849653171 22.464588892285796
0.12143087594773352 22.426334213652236
0.12145507339893533 22.388080672706426
0.12147927085013714 22.349828263192837
0.12150346830133894 22.311576978858273
0.12152766575254074 22.273326813451682
0.12155186320374256 22.23507776072422
0.12157606065494436 22.19682981442927
0.12160025810614616 22.158582968318864
0.12162445555734798 22.120337215834027
0.12164865300854978 22.082092551050334
0.12167285045975158 22.043848967729566
0.1216970479109534 22.005606459635505
0.1217212453621552 21.967365020534036
0.12174544281335702 21.92912464419293
0.12176964026455882 21.890885324382015
0.12179383771576062 21.852647054872982
0.12181803516696244 21.814409829439413
0.12184223261816424 21.776173641856875
0.12186643006936604 21.73793848590268
0.12189062752056785 21.699704355355994
0.12191482497176966 21.661471243997873
0.12193902242297146 21.623239145611027
0.12196321987417327 21.58500805397996
0.12198741732537507 21.546777962890964
0.12201161477657688 21.508548866302576
0.12203581222777869 21.47032075802147
0.1220600096789805 21.43209363165507
0.12208420713018231 21.393867480996185
0.12210840458138411 21.355642299839296
0.12213260203258591 21.317418081980396
0.12215679948378773 21.279194821217022
0.12218099693498953 21.240972511348282
0.12220519438619133 21.20275114617471
0.12222939183739315 21.164530719498302
0.12225358928859495 21.126311225122564
0.12227778673979675 21.088092656852353
0.12230198419099857 21.049875008493892
0.12232618164220037 21.011658273854835
0.12235037909340218 20.973442446744098
0.12237457654460399 20.93522752097197
0.12239877399580579 20.89701349034997
0.1224229714470076 20.8588003483233
0.1224471688982094 20.82058808905048
0.1224713663494112 20.809722809205116
0.12249556380061302 20.81698274716096
0.12251976125181482 20.82424390736521
0.12254395870301663 20.8315062912816
0.12256815615421844 20.83876990037726
0.12259235360542024 20.846034736122654
0.12261655105662206 20.853300799991676
0.12264074850782386 20.860568093461605
0.12266494595902566 20.867836618013104
0.12268914341022748 20.87510637513026
0.12271334086142928 20.882377366300556
0.12273753831263108 20.889649593014905
0.1227617357638329 20.89692305676765
0.1227859332150347 20.904197759056565
0.1228101306662365 20.911422498137618
0.12283432811743832 20.918576606075465
0.12285852556864012 20.925730863142768
0.12288272301984193 20.932885269503632
0.12290692047104373 20.940039825322224
0.12293111792224554 20.947194530762744
0.12295531537344735 20.954349385989456
0.12297951282464915 20.96150439116668
0.12300371027585096 20.96865954645877
0.12302790772705277 20.975814852030158
0.12305210517825457 20.98297030804532
0.12307630262945637 20.99012591466876
0.12310050008065819 20.9972816720651
0.12312469753185999 21.00443758039893
0.12314889498306181 21.01159363983497
0.12317309243426361 21.01874985053793
0.12319728988546541 21.02590621267263
0.12322148733666723 21.033043808774664
0.12324568478786903 21.04017907698829
0.12326988223907083 21.047314397843504
0.12329407969027265 21.054449771414646
0.12331827714147445 21.061585197776076
0.12334247459267625 21.06872067700217
0.12336667204387806 21.0758562091673
0.12339086949507987 21.08299179452255
0.12341506694628167 21.09012743278887
0.12343926439748348 21.097263124217317
0.12346346184868529 21.104398868882285
0.1234876592998871 21.111534666858127
0.1235118567510889 21.118670518219222
0.1235360542022907 21.125806423039958
0.12356025165349252 21.13294238139469
0.12358444910469432 21.14007839335781
0.12360864655589612 21.147214459168776
0.12363284400709794 21.154350579035032
0.12365704145829974 21.16148675273465
0.12368123890950154 21.168622980342015
0.12370543636070336 21.17575926193154
0.12372963381190516 21.18289559757759
0.12375383126310698 21.190031987354555
0.12377802871430878 21.197168431336845
0.12380222616551058 21.20430492959883
0.1238264236167124 21.211441482214912
0.1238506210679142 21.218578089259488
0.123874818519116 21.225714750806937
0.12389901597031781 21.232851466931685
0.12392321342151962 21.239988237708115
0.12394741087272142 21.24712506321062
0.12397160832392323 21.254261943513626
0.12399580577512503 21.261398878691516
0.12402000322632685 21.26853586842379
0.12404420067752865 21.275672913095267
0.12406839812873045 21.282810012862992
0.12409259557993227 21.289947167801376
0.12411679303113407 21.29708437798483
0.12414099048233587 21.304221643487764
0.12416518793353769 21.31135896438461
0.12418938538473949 21.31849634074975
0.12421358283594129 21.32563377265764
0.12423778028714311 21.332771260182675
0.12426197773834491 21.33990880339929
0.12428617518954672 21.347046402381906
0.12431037264074853 21.354184057204954
0.12433457009195033 21.36132176794284
0.12435876754315214 21.36845953467003
0.12438296499435395 21.375597357460926
0.12440716244555575 21.38273523638997
0.12443135989675756 21.389873171531598
0.12445555734795936 21.397011162960254
0.12447975479916117 21.404149210750376
0.12450395225036298 21.41128731497641
0.12452814970156478 21.418425475712784
0.1245523471527666 21.42556369303397
0.1245765446039684 21.432701967014385
0.1246007420551702 21.439840297728512
0.12462493950637202 21.44697868525078
0.12464913695757382 21.45411712965566
0.12467333440877562 21.461255631017597
0.12469753185997744 21.46839418941107
0.12472172931117924 21.475532804910518
0.12474592676238104 21.48267147759041
0.12477012421358286 21.489810207525235
0.12479432166478466 21.496948994789435
0.12481851911598646 21.504087839457494
0.12484271656718827 21.51122674160389
0.12486691401839008 21.51836570130308
0.12489111146959189 21.525504718629566
0.1249153089207937 21.532643793657833
0.1249395063719955 21.539782926462333
0.12496370382319731 21.54692211711759
0.12498790127439911 21.554061365698043
0.12501209872560093 21.561200672278236
0.12503629617680273 21.568340036932643
0.12506049362800453 21.575479459735764
0.12508469107920633 21.582618940762078
0.12510888853040814 21.589758480086115
0.12513308598160994 21.59689807778236
0.12515728343281177 21.604037733925338
0.12518148088401357 21.61117744858954
0.12520567833521537 21.61831722184949
0.1252298757864172 21.625457053779712
0.125254073237619 21.632596944454704
0.1252782706888208 21.639736893948992
0.1253024681400226 21.646876902337105
0.1253266655912244 21.654016969693576
0.1253508630424262 21.661157096092918
0.125375060493628 21.668297281609682
0.1253992579448298 21.675437526318387
0.12542345539603164 21.682577830293603
0.12544765284723344 21.68971819360982
0.12547185029843524 21.696858616341615
0.12549604774963707 21.703999098563546
0.12552024520083888 21.71113964035014
0.12554444265204068 21.718280241775954
0.12556864010324248 21.725420902915552
0.12559283755444428 21.732561623843473
0.12561703500564608 21.73970240463431
0.12564123245684788 21.746843245362623
0.1256654299080497 21.753984146102958
0.12568962735925152 21.761125106929928
0.12571382481045332 21.76826612791807
0.12573802226165512 21.775407209141964
0.12576221971285695 21.782548350676223
0.12578641716405875 21.789689552595398
0.12581061461526055 21.79683081497409
0.12583481206646235 21.8039721378869
0.12585900951766416 21.81111352140841
0.12588320696886596 21.818254965613225
0.12590740442006776 21.825396470575942
0.12593160187126956 21.83253803637117
0.1259557993224714 21.839679663073525
0.1259799967736732 21.84682135075761
0.126004194224875 21.853963099498042
0.12602839167607682 21.861104909369434
0.12605258912727862 21.868246780446416
0.12607678657848043 21.875388712803588
0.12610098402968223 21.882530706515627
0.12612518148088403 21.88967276165714
0.12614937893208583 21.896814878302763
0.12617357638328763 21.903957056527137
0.12619777383448944 21.911099296404906
0.12622197128569124 21.91824159801071
0.12624616873689307 21.925383961419225
0.12627036618809487 21.932526386705085
0.1262945636392967 21.939668873942964
0.1263187610904985 21.946811423207496
0.1263429585417003 21.953954034573368
0.1263671559929021 21.961096708115257
0.1263913534441039 21.968239443907805
0.1264155508953057 21.975382242393707
0.1264397483465075 21.982525103485838
0.1264639457977093 21.98966802705469
0.1264881432489111 21.99681101317491
0.12651234070011294 22.00395406192123
0.12653653815131474 22.011097173368324
0.12656073560251657 22.0182403475909
0.12658493305371837 22.02538358466366
0.12660913050492018 22.032526884661326
0.12663332795612198 22.03967024765861
0.12665752540732378 22.046813673730217
0.12668172285852558 22.053957162950883
0.12670592030972738 22.061100715395337
0.12673011776092918 22.068244331138303
0.12675431521213099 22.07538801025452
0.12677851266333282 22.082531752818724
0.12680271011453462 22.089675558839765
0.12682690756573645 22.096819427934687
0.12685110501693825 22.103963360699844
0.12687530246814005 22.111107357210003
0.12689949991934185 22.118251417539913
0.12692369737054365 22.12539554176435
0.12694789482174546 22.132539729958072
0.12697209227294726 22.139683982195848
0.12699628972414906 22.14682829855246
0.12702048717535086 22.15397267910268
0.1270446846265527 22.16111712392131
0.1270688820777545 22.161989970336684
0.12709307952895632 22.14175300515606
0.12711727698015812 22.121516186034185
0.12714147443135992 22.101279512727622
0.12716567188256173 22.081042984993026
0.12718986933376353 22.0608066025871
0.12721406678496533 22.040570365266582
0.12723826423616713 22.020334272788283
0.12726246168736893 22.000098324909025
0.12728665913857073 21.979862521385705
0.12731085658977256 21.95962686197523
0.12733505404097437 21.939391346434622
0.1273592514921762 21.919155974520862
0.127383448943378 21.898920745991067
0.1274076463945798 21.87868566060234
0.1274318438457816 21.85845071811184
0.1274560412969834 21.838215918276777
0.1274802387481852 21.817981260854406
0.127504436199387 21.797746745602037
0.1275286336505888 21.777512372277
0.1275528311017906 21.7572781406367
0.12757702855299244 21.737044050438573
0.12760122600419424 21.716810101440103
0.12762542345539604 21.69657629339885
0.12764962090659787 21.676342626072334
0.12767381835779967 21.656109099218234
0.12769801580900147 21.6358757125942
0.12772221326020328 21.615642465957926
0.12774641071140508 21.59540935906718
0.12777060816260688 21.575176391679765
0.12779480561380868 21.554943563553532
0.12781900306501048 21.534710874446375
0.1278432005162123 21.514478324116194
0.12786739796741411 21.494245912321023
0.12789159541861592 21.47401363881887
0.12791579286981775 21.45378150336778
0.12793999032101955 21.433549505725928
0.12796418777222135 21.41331764565143
0.12798838522342315 21.393085922902507
0.12801258267462495 21.372885580345407
0.12803678012582675 21.352714285698255
0.12806097757702856 21.332543220971186
0.12808517502823036 21.312372385369734
0.1281093724794322 21.29220177809951
0.128133569930634 21.272031398366263
0.1281577673818358 21.25186124537576
0.12818196483303762 21.231691318333848
0.12820616228423942 21.211521616446515
0.12823035973544122 21.191352138919743
0.12825455718664303 21.17118288495962
0.12827875463784483 21.151013853772316
0.12830295208904663 21.13084504456408
0.12832714954024843 21.1106764565412
0.12835134699145023 21.090508088910074
0.12837554444265206 21.070339940877126
0.12839974189385386 21.050172011648915
0.12842393934505567 21.030004299817765
0.1284481367962575 21.009836805196528
0.1284723342474593 20.989669526998586
0.1284965316986611 20.969502464430736
0.1285207291498629 20.949335616699827
0.1285449266010647 20.92916898301278
0.1285691240522665 20.909002562576607
0.1285933215034683 20.88883635459834
0.1286175189546701 20.868670358285108
0.12864171640587194 20.848504572844075
0.12866591385707374 20.828338997482515
0.12869011130827554 20.8081736314077
0.12871430875947737 20.788008473826974
0.12873850621067917 20.767843523947796
0.12876270366188097 20.747678780977605
0.12878690111308277 20.727514244123952
0.12881109856428458 20.707349912884247
0.12883529601548638 20.687185786519365
0.12885949346668818 20.66702186389526
0.12888369091788998 20.64685814421967
0.1289078883690918 20.626694626700377
0.1289320858202936 20.606531310545243
0.12895628327149541 20.586368194962162
0.12898048072269724 20.566205279159053
0.12900467817389905 20.54604256234393
0.12902887562510085 20.52588004372483
0.12905307307630265 20.505717722509825
0.12907727052750445 20.48555559790706
0.12910146797870625 20.465393669124712
0.12912566542990805 20.445231935370995
0.12914986288110986 20.425070395854167
0.12917406033231169 20.404909049782542
0.1291982577835135 20.3847478963645
0.1292224552347153 20.364586934211644
0.12924665268591712 20.344426163081636
0.12927085013711892 20.324265582229245
0.12929504758832072 20.304105190862963
0.12931924503952252 20.283944988191365
0.12934344249072433 20.263784973423043
0.12936763994192613 20.243625145766604
0.12939183739312793 20.22346550443073
0.12941603484432973 20.20330604862411
0.12944023229553156 20.183146777555475
0.12946442974673336 20.162987690433614
0.12948862719793516 20.14282878646731
0.129512824649137 20.122670064865382
0.1295370221003388 20.102511524836718
0.1295612195515406 20.08235316559019
0.1295854170027424 20.062194986334728
0.1296096144539442 20.042036986538694
0.129633811905146 20.021879165545975
0.1296580093563478 20.001721522172424
0.1296822068075496 19.98156405562707
0.12970640425875143 19.961406765118905
0.12973060170995324 19.941249649857046
0.12975479916115504 19.921092709050573
0.12977899661235687 19.90093594190858
0.12980319406355867 19.880779347640225
0.12982739151476047 19.86062292545465
0.12985158896596227 19.840466674561014
0.12987578641716407 19.82031059416853
0.12989998386836588 19.80015468348638
0.12992418131956768 19.779998941723818
0.12994837877076948 19.759843368090063
0.1299725762219713 19.739687961794367
0.1299967736731731 19.719532722046033
0.1300209711243749 19.699377647479903
0.13004516857557674 19.67922273779028
0.13006936602677854 19.659067992274792
0.13009356347798035 19.638913410142752
0.13011776092918215 19.618758990603517
0.13014195838038395 19.598604732866406
0.13016615583158575 19.5784506361408
0.13019035328278755 19.558296699636067
0.13021455073398935 19.538142922561548
0.13023874818519118 19.51798930412661
0.13026294563639298 19.497835843540695
0.1302871430875948 19.47768254001315
0.13031134053879662 19.45752939275335
0.13033553798999842 19.437376400970734
0.13035973544120022 19.41722356387468
0.13038393289240202 19.39707088067455
0.13040813034360382 19.376918350805408
0.13043232779480562 19.35676597369754
0.13045652524600743 19.336613748114853
0.13048072269720923 19.31646167326674
0.13050492014841106 19.29630974836252
0.13052911759961286 19.27567961502382
0.13055331505081466 19.254464437069498
0.1305775125020165 19.233249400493158
0.1306017099532183 19.21203450446032
0.1306259074044201 19.1908197481364
0.1306501048556219 19.169605130686833
0.1306743023068237 19.148390651277033
0.1306984997580255 19.127176309072393
0.1307226972092273 19.105962103238262
0.1307468946604291 19.08474803294003
0.13077109211163093 19.063534097342973
0.13079528956283273 19.042320295612466
0.13081948701403454 19.02110662691375
0.13084368446523637 18.999893090412066
0.13086788191643817 18.978679685272677
0.13089207936763997 18.95746641066078
0.13091627681884177 18.93625326574155
0.13094047427004357 18.91504024968011
0.13096467172124537 18.893827361641605
0.13098886917244718 18.87261460079111
0.13101306662364898 18.851401966293682
0.1310372640748508 18.83018945731433
0.1310614615260526 18.808977073018077
0.1310856589772544 18.787764812569858
0.13110985642845624 18.76655267513458
0.13113405387965804 18.74534065987717
0.13115825133085984 18.724128765962448
0.13118244878206164 18.702916992555245
0.13120664623326345 18.681705338631776
0.13123084368446525 18.66049380304692
0.13125504113566705 18.639282385462955
0.13127923858686885 18.61807108504456
0.13130343603807068 18.5968599009563
0.13132763348927248 18.575648832362816
0.13135183094047428 18.554437878428615
0.13137602839167611 18.53322703831815
0.13140022584287792 18.512016311195914
0.13142442329407972 18.490805696226275
0.13144862074528152 18.46959519257358
0.13147281819648332 18.44838479940212
0.13149701564768512 18.42717451587614
0.13152121309888692 18.405964341159862
0.13154541055008873 18.384754274417414
0.13156960800129056 18.36354431481287
0.13159380545249236 18.342334461510312
0.13161800290369416 18.32112471418932
0.131642200354896 18.299915071676242
0.1316663978060978 18.278705532957673
0.1316905952572996 18.25749609719743
0.1317147927085014 18.23628676355925
0.1317389901597032 18.21507753120684
0.131763187610905 18.193868399303817
0.1317873850621068 18.172659367013793
0.1318115825133086 18.151450433500266
0.1318357799645104 18.13024159792669
0.13185997741571223 18.109032859456452
0.13188417486691403 18.087824217252923
0.13190837231811586 18.066615670479308
0.13193256976931766 18.04540721829887
0.13195676722051947 18.02419885987471
0.13198096467172127 18.0029905943699
0.13200516212292307 17.98178242079839
0.13202935957412487 17.960574337922218
0.13205355702532667 17.939366345453525
0.13207775447652848 17.918158442555107
0.13210195192773028 17.896950628389686
0.1321261493789321 17.875742902119892
0.1321503468301339 17.85453526290834
0.13217454428133574 17.833327709917487
0.13219874173253754 17.81212024230981
0.13222293918373934 17.79091285924764
0.13224713663494114 17.76970555989323
0.13227133408614294 17.748498343408798
0.13229553153734475 17.727291208956434
0.13231972898854655 17.70608415569819
0.13234392643974835 17.684877182796022
0.13236812389095015 17.663670289411787
0.13239232134215198 17.642463474707263
0.13241651879335378 17.621256738324647
0.1324407162445556 17.600050079168902
0.1324649136957574 17.57884349617834
0.13248911114695922 17.55763698851437
0.13251330859816102 17.536430555338352
0.13253750604936282 17.515224195811545
0.13256170350056462 17.494017909095128
0.13258590095176642 17.472811694350195
0.13261009840296822 17.451605550737728
0.13263429585417003 17.43039947741865
0.13265849330537186 17.40919347355372
0.13268269075657366 17.387987538303722
0.1327068882077755 17.36678167082922
0.1327310856589773 17.3455758702908
0.1327552831101791 17.324370135848856
0.1327794805613809 17.303164466663723
0.1328036780125827 17.281951648699664
0.1328278754637845 17.26069864542719
0.1328520729149863 17.239445693317272
0.1328762703661881 17.218192791960615
0.1329004678173899 17.196939940947914
0.13292466526859173 17.17568713986986
0.13294886271979353 17.15443438831716
0.13297306017099536 17.133181685880476
0.13299725762219716 17.111929032150528
0.13302145507339896 17.09067642671796
0.13304565252460077 17.069423869173434
0.13306984997580257 17.048171359107616
0.13309404742700437 17.02691889611115
0.13311824487820617 17.005666479774685
0.13314244232940797 16.984414109688856
0.13316663978060977 16.96316178544429
0.1331908372318116 16.941909506631582
0.1332150346830134 16.920480873299933
0.1332392321342152 16.89894545525766
0.13326342958541704 16.877410914749564
0.13328762703661884 16.855877250769925
0.13331182448782064 16.834344462313783
0.13333602193902244 16.812812548377057
0.13336021939022424 16.7912815079565
0.13338441684142605 16.769751340049723
0.13340861429262785 16.74822204365515
0.13343281174382965 16.72669361777208
0.13345700919503148 16.705166061400593
0.13348120664623328 16.6836393735417
0.13350540409743508 16.662113553197173
0.1335296015486369 16.640588599369607
0.1335537989998387 16.61906451106251
0.13357799645104051 16.59754128728017
0.13360219390224232 16.576018927027693
0.13362639135344412 16.554497429311034
0.13365058880464592 16.532976793136996
0.13367478625584772 16.511457017513173
0.13369898370704952 16.48993810144802
0.13372318115825135 16.468420043950744
0.13374737860945315 16.44690284403152
0.13377157606065496 16.425386500701226
0.13379577351185679 16.403871012971567
0.1338199709630586 16.382356379855132
0.1338441684142604 16.360842600365313
0.1338683658654622 16.33932967351626
0.133892563316664 16.317817598323
0.1339167607678658 16.296306373801375
0.1339409582190676 16.27479599896801
0.1339651556702694 16.253286472840372
0.13398935312147123 16.25849501944051
0.13401355057267303 16.276832598686788
0.13403774802387483 16.29516984624788
0.13406194547507666 16.31350676302719
0.13408614292627846 16.331843349643833
0.13411034037748026 16.350179606716534
0.13413453782868207 16.36851553486361
0.13415873527988387 16.386851134702937
0.13418293273108567 16.405186406851968
0.13420713018228747 16.42352135192772
0.13423132763348927 16.441855970546822
0.1342555250846911 16.460190263325472
0.1342797225358929 16.47852423087942
0.1343039199870947 16.496857873824016
0.13432811743829653 16.51519119277424
0.13435231488949834 16.533524188344536
0.13437651234070014 16.551856861149048
0.13440070979190194 16.570189211820214
0.13442490724310374 16.588521241573265
0.13444910469430554 16.60685295039967
0.13447330214550735 16.625184338911875
0.13449749959670915 16.643515407721885
0.13452169704791098 16.661846157441346
0.13454589449911278 16.680176588681405
0.13457009195031458 16.698506702052864
0.1345942894015164 16.716836498166114
0.1346184868527182 16.735165977631077
0.13464268430392 16.75349514105732
0.13466688175512181 16.771823989054006
0.13469107920632362 16.790152522229853
0.13471527665752542 16.808480741193197
0.13473947410872722 16.826808646551957
0.13476367155992902 16.845136238913653
0.13478786901113085 16.86346351888543
0.13481206646233265 16.881790487073918
0.13483626391353445 16.900117144085456
0.13486046136473628 16.918443490525977
0.13488465881593809 16.93676952700092
0.1349088562671399 16.955095254115403
0.1349330537183417 16.973420672474116
0.1349572511695435 16.991745782681352
0.1349814486207453 17.010070585341005
0.1350056460719471 17.02839508105656
0.1350298435231489 17.046719270431122
0.13505404097435073 17.065043154067403
0.13507823842555253 17.083366732567654
0.13510243587675433 17.101690006533808
0.13512663332795616 17.120012976567374
0.13515083077915796 17.138335643269436
0.13517502823035976 17.15665800724072
0.13519922568156156 17.174980069081553
0.13522342313276337 17.19330182939187
0.13524762058396517 17.211623288771182
0.13527181803516697 17.229944447818653
0.13529601548636877 17.24826530713302
0.1353202129375706 17.266585867312692
0.1353444103887724 17.284906128955562
0.1353686078399742 17.303226092659248
0.13539280529117603 17.321545759020967
0.13541700274237783 17.33986512863748
0.13544120019357964 17.358184202105214
0.13546539764478144 17.376502980020202
0.13548959509598324 17.394821462978097
0.13551379254718504 17.413139651574152
0.13553798999838684 17.43145754640324
0.13556218744958864 17.44977514805984
0.13558638490079047 17.468092457138077
0.13561058235199228 17.486409474231657
0.13563477980319408 17.50472619993391
0.1356589772543959 17.52304263483783
0.1356831747055977 17.541358779535944
0.1357073721567995 17.559674634620475
0.1357315696080013 17.577990200683235
0.13575576705920311 17.59630547831567
0.13577996451040492 17.61462046810883
0.13580416196160672 17.63293517065339
0.13582835941280852 17.651249586539667
0.13585255686401035 17.669563716357608
0.13587675431521215 17.68787756069671
0.13590095176641395 17.70619112014618
0.13592514921761578 17.724504395294833
0.13594934666881758 17.74281738673106
0.13597354412001939 17.761130095042937
0.1359977415712212 17.779442520818144
0.136021939022423 17.797754664087087
0.1360461364736248 17.81606652593712
0.1360703339248266 17.834378107012178
0.1360945313760284 17.852689407898463
0.13611872882723022 17.871000429181848
0.13614292627843202 17.88931117144772
0.13616712372963383 17.907621635281217
0.13619132118083566 17.92593182126708
0.13621551863203746 17.944241729989628
0.13623971608323926 17.962551362032873
0.13626391353444106 17.980860717980438
0.13628811098564286 17.999169798415597
0.13631230843684466 18.017478603921223
0.13633650588804647 18.035787135079882
0.13636070333924827 18.054095392473727
0.1363849007904501 18.072403376684573
0.1364090982416519 18.09071108852205
0.1364332956928537 18.109018528717122
0.13645749314405553 18.12732569747152
0.13648169059525733 18.145632595365544
0.13650588804645913 18.163939222979234
0.13653008549766094 18.1822455808922
0.13655428294886274 18.200551669683747
0.13657848040006454 18.218857489932773
0.13660267785126634 18.237163042217865
0.13662687530246814 18.255468327117235
0.13665107275366997 18.273773345208728
0.13667527020487177 18.292078097069822
0.13669946765607358 18.310382583277672
0.1367236651072754 18.328686804409095
0.1367478625584772 18.34699076104047
0.136772060009679 18.365294453747904
0.1367962574608808 18.383597883107136
0.1368204549120826 18.40190104969354
0.1368446523632844 18.42020395408213
0.13686884981448622 18.438506596847606
0.13689304726568802 18.456808978564275
0.13691724471688985 18.475111099806135
0.13694144216809165 18.493412961146788
0.13696563961929345 18.51171456315953
0.13698983707049528 18.53001590641731
0.13701403452169708 18.54831699149265
0.13703823197289888 18.566617818957862
0.13706242942410068 18.58491838938481
0.1370866268753025 18.60321870334504
0.1371108243265043 18.621518761409764
0.1371350217777061 18.63981856414985
0.1371592192289079 18.6581181121358
0.13718341668010972 18.67641740593782
0.13720761413131152 18.6947164461257
0.13723181158251332 18.713015233268948
0.13725600903371515 18.73131376793676
0.13728020648491696 18.749612050697877
0.13730440393611876 18.767910082120792
0.13732860138732056 18.78620786277365
0.13735279883852236 18.804505393224243
0.13737699628972416 18.822802674040027
0.13740119374092596 18.841099705788107
0.13742539119212777 18.859396489035284
0.13744958864332957 18.877693024347987
0.1374737860945314 18.895989312292368
0.1374979835457332 18.91428535343414
0.13752218099693503 18.9325811483388
0.13754637844813683 18.950876697571402
0.13757057589933863 18.969172001696755
0.13759477335054043 18.987467061279286
0.13761897080174224 19.005769914508857
0.13764316825294404 19.02407472260081
0.13766736570414584 19.04237926963158
0.13769156315534764 19.06068355607677
0.13771576060654944 19.078987582411713
0.13773995805775127 19.09729134911149
0.13776415550895307 19.115594856650816
0.1377883529601549 19.13389810550425
0.1378125504113567 19.152201096145955
0.1378367478625585 19.17050382904988
0.1378609453137603 19.188806304689713
0.1378851427649621 19.20710852353881
0.1379093402161639 19.2254104860703
0.1379335376673657 19.24371219275699
0.13795773511856751 19.26201364407146
0.13798193256976932 19.280314840485968
0.13800613002097115 19.298616807691356
0.13803032747217295 19.31692153839973
0.13805452492337478 19.33522600883515
0.13807872237457658 19.35353021943554
0.13810291982577838 19.371834170638607
0.13812711727698018 19.390137862881826
0.13815131472818198 19.408441296602376
0.13817551217938379 19.426744472237203
0.1381997096305856 19.445047390222996
0.1382239070817874 19.46335005099619
0.1382481045329892 19.48165245499297
0.13827230198419102 19.499954602649286
0.13829649943539282 19.518256494400777
0.13832069688659465 19.5365581306829
0.13834489433779645 19.554859511930797
0.13836909178899826 19.573160638579413
0.13839328924020006 19.59146151106342
0.13841748669140186 19.60976212981725
0.13844168414260366 19.628062495275053
0.13846588159380546 19.64636260787077
0.13849007904500726 19.66466246803808
0.13851427649620907 19.682962076210387
0.1385384739474109 19.701261432820917
0.1385626713986127 19.71956053830254
0.13858686884981453 19.737859393087987
0.13861106630101633 19.756157997609638
0.13863526375221813 19.774456352299712
0.13865946120341993 19.792754457590142
0.13868365865462173 19.811052313912622
0.13870785610582353 19.8293499216986
0.13873205355702534 19.847647281379285
0.13875625100822714 19.86594439338562
0.13878044845942894 19.88424125814833
0.13880464591063077 19.902537876204946
0.13882884336183257 19.920834248328507
0.13885304081303437 19.93913037449806
0.1388772382642362 19.957426255143382
0.138901435715438 19.975721890693915
0.1389256331666398 19.99401728157891
0.1389498306178416 20.01231242822738
0.1389740280690434 20.03060733106808
0.1389982255202452 20.04890199052953
0.139022422971447 20.06719640703999
0.13904662042264881 20.085490581027518
0.13907081787385064 20.103784512919926
0.13909501532505245 20.12207820314471
0.13911921277625425 20.140371652129215
0.13914341022745608 20.15866486030055
0.13916760767865788 20.17695782808547
0.13919180512985968 20.195250555910633
0.13921600258106148 20.21354304383953
0.13924020003226328 20.231835292476212
0.13926439748346509 20.250127302432553
0.1392885949346669 20.26841907413422
0.1393127923858687 20.286710608006572
0.13933698983707052 20.30500190447486
0.13936118728827232 20.323292963963937
0.13938538473947412 20.34158378689854
0.13940958219067595 20.35987437370316
0.13943377964187775 20.37816472480196
0.13945797709307955 20.39645484061897
0.13948217454428136 20.414744721577954
0.13950637199548316 20.433034368102412
0.13953056944668496 20.451323780615656
0.13955476689788676 20.469612959540733
0.13957896434908856 20.48790190530046
0.1396031618002904 20.506190618317444
0.1396273592514922 20.524479099014
0.139651556702694 20.54276734781227
0.13967575415389583 20.561055365134173
0.13969995160509763 20.579343151401307
0.13972414905629943 20.59763070703514
0.13974834650750123 20.615918032456847
0.13977254395870303 20.634205128087423
0.13979674140990483 20.652491994347567
0.13982093886110664 20.6707786316578
0.13984513631230844 20.689065040438383
0.13986933376351027 20.707351221109395
0.13989353121471207 20.72563717409059
0.13991772866591387 20.743922899801603
0.1399419261171157 20.76220839866179
0.1399661235683175 20.780493671090237
0.1399903210195193 20.79877871750587
0.1400145184707211 20.81706353832736
0.1400387159219229 20.835348133973167
0.1400629133731247 20.8536325048615
0.1400871108243265 20.871916651410334
0.1401113082755283 20.890200574037465
0.14013550572673014 20.90848427316043
0.14015970317793194 20.92676774919652
0.14018390062913375 20.945051002562828
0.14020809808033557 20.96333403367625
0.14023229553153738 20.98161684295339
0.14025649298273918 20.999899430810665
0.14028069043394098 21.018181797664276
0.14030488788514278 21.036463943930183
0.14032908533634458 21.05474587002416
0.14035328278754639 21.073027576361703
0.1403774802387482 21.091309063358096
0.14040167768995002 21.109590331428464
0.14042587514115182 21.127871380987614
0.14045007259235362 21.14615221245019
0.14047427004355545 21.164432826230634
0.14049846749475725 21.18271322274309
0.14052266494595905 21.199213217602278
0.14054686239716085 21.21566987269941
0.14057105984836266 21.23212635194018
0.14059525729956446 21.248582655688388
0.14061945475076626 21.26503878430761
0.14064365220196806 21.281494738161303
0.1406678496531699 21.2979505176127
0.1406920471043717 21.314406123024806
0.1407162445555735 21.330861554760506
0.14074044200677532 21.34731681318248
0.14076463945797713 21.363771898653173
0.14078883690917893 21.380226811534904
0.14081303436038073 21.3966815521898
0.14083723181158253 21.413136120979736
0.14086142926278433 21.42959051826651
0.14088562671398613 21.446044744411637
0.14090982416518794 21.46249879977648
0.14093402161638977 21.47895268472226
0.14095821906759157 21.49540639960993
0.14098241651879337 21.511859944800317
0.1410066139699952 21.52831332065407
0.141030811421197 21.544766527531607
0.1410550088723988 21.561219565793195
0.1410792063236006 21.577672435798917
0.1411034037748024 21.594125137908662
0.1411276012260042 21.610577672482158
0.141151798677206 21.627030039878925
0.1411759961284078 21.643482240458304
0.14120019357960964 21.65993427457949
0.14122439103081144 21.67638614260144
0.14124858848201324 21.69283784488294
0.14127278593321507 21.70928938178267
0.14129698338441687 21.725740753659007
0.14132118083561868 21.742191960870247
0.14134537828682048 21.758643003774473
0.14136957573802228 21.77509388272956
0.14139377318922408 21.791544598093257
0.14141797064042588 21.807995150223093
0.14144216809162768 21.824445539476425
0.14146636554282951 21.840895766210465
0.14149056299403132 21.857345830782165
0.14151476044523312 21.8737957335484
0.14153895789643495 21.89024547486581
0.14156315534763675 21.906695055090843
0.14158735279883855 21.9231444745798
0.14161155025004035 21.939593733920873
0.14163574770124215 21.956042833490972
0.14165994515244396 21.972491773391365
0.14168414260364576 21.98894055397765
0.14170834005484756 22.005389175605213
0.1417325375060494 22.02183763862931
0.1417567349572512 22.038285943404976
0.141780932408453 22.054734090287084
0.14180512985965482 22.071182079630372
0.14182932731085662 22.087629911789314
0.14185352476205842 22.104077587118315
0.14187772221326023 22.120525105971527
0.14190191966446203 22.13697246870298
0.14192611711566383 22.15341967566648
0.14195031456686563 22.169866727215716
0.14197451201806743 22.18631362370417
0.14199870946926926 22.202760365485144
0.14202290692047106 22.219206952463328
0.14204710437167287 22.235653385416335
0.1420713018228747 22.25209966472226
0.1420954992740765 22.268545790733747
0.1421196967252783 22.284991763803237
0.1421438941764801 22.301437584283015
0.1421680916276819 22.31788325252522
0.1421922890788837 22.334328768881775
0.1422164865300855 22.350774133704462
0.1422406839812873 22.36721934734489
0.14226488143248914 22.3836644101545
0.14228907888369094 22.400109322484525
0.14231327633489274 22.41655408468608
0.14233747378609457 22.432998697110122
0.14236167123729637 22.449443160107336
0.14238586868849817 22.465887474028374
0.14241006613969998 22.48233163922362
0.14243426359090178 22.498775656043343
0.14245846104210358 22.515219524837626
0.14248265849330538 22.531663245956377
0.14250685594450718 22.548106819749368
0.142531053395709 22.56455024656616
0.1425552508469108 22.580993526756178
0.14257944829811262 22.59743666066866
0.14260364574931444 22.61387964865273
0.14262784320051625 22.63032249105724
0.14265204065171805 22.646765188230976
0.14267623810291985 22.663207740522527
0.14270043555412165 22.67965014828031
0.14272463300532345 22.69609241185258
0.14274883045652526 22.712534531587437
0.14277302790772706 22.72897650783279
0.1427972253589289 22.745418340936446
0.1428214228101307 22.761600453127784
0.1428456202613325 22.777751992731957
0.14286981771253432 22.793906778439467
0.14289401516373612 22.810064815063054
0.14291821261493792 22.826226107438025
0.14294241006613972 22.84239066042225
0.14296660751734153 22.858558478896203
0.14299080496854333 22.874729567763087
0.14301500241974513 22.890903931948774
0.14303919987094693 22.907081576401975
0.14306339732214873 22.923262506094233
0.14308759477335056 22.93944672602
0.14311179222455236 22.95563424119664
0.1431359896757542 22.971825056664617
0.143160187126956 22.988019177487363
0.1431843845781578 23.004216608751506
0.1432085820293596 23.020402814254677
0.1432327794805614 23.036566579913156
0.1432569769317632 23.052734702849545
0.143281174382965 23.068907189249963
0.1433053718341668 23.08508404534069
0.1433295692853686 23.1012652773883
0.14335376673657044 23.117450891699725
0.14337796418777224 23.13364089462225
0.14340216163897407 23.149835292543788
0.14342635909017587 23.166034091892787
0.14345055654137767 23.182237299138453
0.14347475399257947 23.198444920790774
0.14349895144378128 23.214656963400618
0.14352314889498308 23.230873433559843
0.14354734634618488 23.247094337901423
0.14357154379738668 23.26331968309942
0.14359574124858848 23.279549475869256
0.1436199386997903 23.295783722967695
0.1436441361509921 23.312022431192894
0.14366833360219394 23.3282656073847
0.14369253105339574 23.344513258424502
0.14371672850459755 23.360765391235525
0.14374092595579935 23.377022012782867
0.14376512340700115 23.39328313007355
0.14378932085820295 23.4095487501567
0.14381351830940475 23.425818880123586
0.14383771576060655 23.442093527107822
0.14386191321180836 23.458372698285327
0.14388611066301019 23.4746564008746
0.143910308114212 23.490944642136636
0.14393450556541382 23.507237429375262
0.14395870301661562 23.523534769937005
0.14398290046781742 23.539836671211425
0.14400709791901922 23.55614314063106
0.14403129537022102 23.572454185671646
0.14405549282142283 23.588769813852156
0.14407969027262463 23.60509003273495
0.14410388772382643 23.621414849925916
0.14412808517502823 23.63774427307451
0.14415228262623006 23.654078309873977
0.14417648007743186 23.670416968061343
0.1442006775286337 23.686760255417667
0.1442248749798355 23.70310817976803
0.1442490724310373 23.719460748981806
0.1442732698822391 23.735817970972604
0.1442974673334409 23.752179853698586
0.1443216647846427 23.76854640516244
0.1443458622358445 23.78491763341153
0.1443700596870463 23.801293546538133
0.1443942571382481 23.817674152679405
0.14441845458944993 23.83404020836736
0.14444265204065174 23.850407146306704
0.14446684949185354 23.86678126041742
0.14449104694305537 23.88316256278221
0.14451524439425717 23.89955106558872
0.14453944184545897 23.91594678112975
0.14456363929666077 23.93234972180364
0.14458783674786257 23.948759900114492
0.14461203419906438 23.965177328672468
0.14463623165026618 23.98160202019411
0.14466042910146798 23.99803398750265
0.1446846265526698 24.01447324352832
0.1447088240038716 24.030919801308585
0.1447330214550734 24.04737367398857
0.14475721890627524 24.06383487482131
0.14478141635747704 24.080303417168068
0.14480561380867885 24.096778732209497
0.14482981125988065 24.1132608440072
0.14485400871108245 24.12975254192908
0.14487820616228425 24.146253843792014
0.14490240361348605 24.162764767597633
0.14492660106468785 24.179285331532924
0.14495079851588968 24.195815553970817
0.14497499596709149 24.21235545347072
0.1449991934182933 24.22890504877918
0.14502339086949512 24.245464358830485
0.14504758832069692 24.262033402747196
0.14507178577189872 24.278612199840854
0.14509598322310052 24.295200769612602
0.14512018067430232 24.311799131753776
0.14514437812550413 24.328407306146605
0.14516857557670593 24.345025312864802
0.14519277302790773 24.361653172174293
0.14521697047910956 24.378290904533877
0.14524116793031136 24.394938530595827
0.14526536538151316 24.41159607120671
0.145289562832715 24.42826354740799
0.1453137602839168 24.44494098043676
0.1453379577351186 24.461628391726435
0.1453621551863204 24.478325802907563
0.1453863526375222 24.495033235808457
0.145410550088724 24.511750712455974
0.1454347475399258 24.52847825507625
0.1454589449911276 24.545215886095534
0.14548314244232943 24.561963628140866
0.14550733989353123 24.578721504040846
0.14553153734473304 24.595489536826534
0.14555573479593487 24.612267749732148
0.14557993224713667 24.629056166195863
0.14560412969833847 24.645846396526114
0.14562832714954027 24.66260422606606
0.14565252460074207 24.679369304069823
0.14567672205194387 24.696141646921845
0.14570091950314568 24.71292127111052
0.14572511695434748 24.729708193228582
0.1457493144055493 24.746502429973567
0.1457735118567511 24.763303998148107
0.1457977093079529 24.78011291466049
0.14582190675915474 24.79692919652504
0.14584610421035654 24.813752860862394
0.14587030166155834 24.830583924900168
0.14589449911276015 24.847422405973216
0.14591869656396195 24.864268321524115
0.14594289401516375 24.881121689103594
0.14596709146636555 24.89798252637098
0.14599128891756735 24.914850851094652
0.14601548636876918 24.931707973557554
0.14603968381997098 24.948561195994802
0.14606388127117279 24.96542085924523
0.14608807872237461 24.982286978480385
0.14611227617357642 24.99915956895308
0.14613647362477822 25.01603864599785
0.14616067107598002 25.03292422503123
0.14618486852718182 25.049816321552036
0.14620906597838362 25.066714951141787
0.14623326342958543 25.083620129465007
0.14625746088078723 25.100531872269563
0.14628165833198906 25.117450195387015
0.14630585578319086 25.1343751147329
0.14633005323439266 25.151306646307212
0.1463542506855945 25.168244806194664
0.1463784481367963 25.185189610565022
0.1464026455879981 25.20214107567351
0.1464268430391999 25.219099217861167
0.1464510404904017 25.236064053555182
0.1464752379416035 25.25303559926926
0.1464994353928053 25.270013871604036
0.1465236328440071 25.286998887247346
0.14654783029520893 25.30399066297471
0.14657202774641073 25.320989215649565
0.14659622519761253 25.337994562223844
0.14662042264881436 25.35500671973818
0.14664462010001617 25.36707478096651
0.14666881755121797 25.350308370130815
0.14669301500241977 25.33354782418733
0.14671721245362157 25.316793135058166
0.14674140990482337 25.300044294729854
0.14676560735602517 25.283301295253292
0.14678980480722698 25.26656412874362
0.1468140022584288 25.249832787380036
0.1468381997096306 25.23310726340582
0.1468623971608324 25.216387549128033
0.14688659461203424 25.199673636917513
0.14691079206323604 25.18296551920878
0.14693498951443784 25.166263188499855
0.14695918696563964 25.14956663735215
0.14698338441684144 25.132875858390413
0.14700758186804325 25.116190844302587
0.14703177931924505 25.099511587839704
0.14705597677044685 25.082838081815794
0.14708017422164868 25.066170319107744
0.14710437167285048 25.049508292655258
0.14712856912405228 25.03285199546074
0.1471527665752541 25.016201420589088
0.14717696402645591 24.999556561167825
0.14720116147765772 24.982914460667413
0.14722535892885952 24.96621900857357
0.14724955638006132 24.949528201088203
0.14727375383126312 24.93284203214609
0.14729795128246492 24.916160495722973
0.14732214873366672 24.899483585835537
0.14734634618486855 24.882811296541288
0.14737054363607036 24.866143621938576
0.14739474108727216 24.84948055616643
0.147418938538474 24.832822093404506
0.1474431359896758 24.816168227873096
0.1474673334408776 24.799518953832937
0.1474915308920794 24.782874265585246
0.1475157283432812 24.766234157471587
0.147539925794483 24.749598623873847
0.1475641232456848 24.73296765921415
0.1475883206968866 24.716341257954813
0.14761251814808843 24.699671219149707
0.14763671559929023 24.682959840702797
0.14766091305049203 24.666251788997133
0.14768511050169386 24.649547059329365
0.14770930795289566 24.632845647017252
0.14773350540409746 24.616147547399475
0.14775770285529927 24.599452755835685
0.14778190030650107 24.582761267706463
0.14780609775770287 24.566073078413243
0.14783029520890467 24.549388183378255
0.14785449266010647 24.532706578044568
0.1478786901113083 24.5160282578759
0.1479028875625101 24.499353218356774
0.1479270850137119 24.48268145499224
0.14795128246491374 24.466012963308017
0.14797547991611554 24.449347738850435
0.14799967736731734 24.432685777186272
0.14802387481851914 24.416027074700313
0.14804807226972094 24.39937162622228
0.14807226972092274 24.382719427369597
0.14809646717212455 24.366070473790742
0.14812066462332635 24.34942476115454
0.14814486207452818 24.332782285150046
0.14816905952572998 24.316143041486665
0.14819325697693178 24.299507025893906
0.1482174544281336 24.282874234121454
0.1482416518793354 24.266244661939186
0.1482658493305372 24.24961830513701
0.14829004678173902 24.23299515952491
0.14831424423294082 24.216375220932854
0.14833844168414262 24.199758485210797
0.14836263913534442 24.183144948228648
0.14838683658654622 24.166534605876215
0.14841103403774805 24.149927454063153
0.14843523148894985 24.133323488718972
0.14845942894015166 24.11672270579297
0.14848362639135348 24.100125101254154
0.1485078238425553 24.08353067109135
0.1485320212937571 24.066939411312973
0.1485562187449589 24.050351317947143
0.1485804161961607 24.0337663870416
0.1486046136473625 24.017184614663634
0.1486288110985643 24.000605996900113
0.1486530085497661 23.984030529857424
0.1486772060009679 23.967458209661416
0.14870140345216973 23.950889032457376
0.14872560090337153 23.934322994410085
0.14874979835457336 23.91776009170359
0.14877399580577516 23.901200320541427
0.14879819325697696 23.884643677146325
0.14882239070817876 23.868118134730672
0.14884658815938057 23.85159824185182
0.14887078561058237 23.83508174776765
0.14889498306178417 23.818568648726128
0.14891918051298597 23.80205894099817
0.14894337796418777 23.785552620877652
0.1489675754153896 23.769049684681278
0.1489917728665914 23.752550128748698
0.14901597031779323 23.736053949442315
0.14904016776899504 23.719561143147427
0.14906436522019684 23.703071706272038
0.14908856267139864 23.68658563524691
0.14911276012260044 23.670102926525544
0.14913695757380224 23.65362357658413
0.14916115502500404 23.637147581921504
0.14918535247620585 23.620674939059175
0.14920954992740765 23.604282729795386
0.14923374737860948 23.588013465198433
0.14925794482981128 23.571749503895127
0.1492821422810131 23.555490843211988
0.1493063397322149 23.539237480534144
0.1493305371834167 23.52298941330517
0.1493547346346185 23.506746639027202
0.14937893208582032 23.49050915526089
0.14940312953702212 23.47427695962546
0.14942732698822392 23.45805004979873
0.14945152443942572 23.441828423517133
0.14947572189062752 23.425612078575725
0.14949991934182935 23.409401012828184
0.14952411679303115 23.393195224186975
0.14954831424423298 23.37699471062315
0.14957251169543478 23.36079947016661
0.1495967091466366 23.34460950090601
0.1496209065978384 23.328424800988742
0.1496451040490402 23.31224536862114
0.149669301500242 23.296071202068372
0.1496934989514438 23.27990229965455
0.1497176964026456 23.263738659762755
0.1497418938538474 23.24758028083505
0.14976609130504923 23.231427161372547
0.14979028875625103 23.215279299935496
0.14981448620745283 23.199136695143263
0.14983868365865466 23.182999345674375
0.14986288110985646 23.166867250266673
0.14988707856105826 23.150740407717244
0.14991127601226006 23.134618816882515
0.14993547346346187 23.11850247667835
0.14995967091466367 23.102391386080075
0.14998386836586547 23.08628554412249
0.15000806581706727 23.070184949900028
0.1500322632682691 23.054089602566734
0.1500564607194709 23.037999501336415
0.1500806581706727 23.021914645482603
0.15010485562187453 23.00583503433864
0.15012905307307634 22.9897606672979
0.15015325052427814 22.973691543813626
0.15017744797547994 22.95762766339916
0.15020164542668174 22.94156902562797
0.15022584287788354 22.92551563013376
0.15025004032908534 22.90946747661048
0.15027423778028715 22.893424564812463
0.15029843523148897 22.877386894554473
0.15032263268269078 22.861354465711877
0.15034683013389258 22.84532727822057
0.1503710275850944 22.82930533207719
0.1503952250362962 22.813288627339208
0.150419422487498 22.797277164124903
0.1504436199386998 22.78127094261361
0.15046781738990161 22.765269963045675
0.15049201484110342 22.749274225722658
0.15051621229230522 22.73328373100737
0.15054040974350702 22.717298479323976
0.15056460719470885 22.701318471158135
0.15058880464591065 22.685343707057104
0.15061300209711245 22.66937418762978
0.15063719954831428 22.653409913546838
0.15066139699951608 22.637450885540932
0.15068559445071789 22.621497104406647
0.1507097919019197 22.605548571000725
0.1507339893531215 22.58960528624214
0.1507581868043233 22.573667251112248
0.1507823842555251 22.55773446665486
0.1508065817067269 22.54194125344275
0.15083077915792872 22.526516032853152
0.15085497660913053 22.511101166655898
0.15087917406033233 22.495696669090965
0.15090337151153416 22.480302554648773
0.15092756896273596 22.464918838071473
0.15095176641393776 22.449545534353827
0.15097596386513956 22.434182658744515
0.15100016131634136 22.418830226747296
0.15102435876754317 22.4034882541221
0.15104855621874497 22.388156756886325
0.15107275366994677 22.372835751315993
0.1510969511211486 22.357525253947006
0.1511211485723504 22.342225281576372
0.1511453460235522 22.326935851263517
0.15116954347475403 22.311656980331474
0.15119374092595583 22.29638868636832
0.15121793837715763 22.28119838263225
0.15124213582835944 22.266043126505817
0.15126633327956124 22.250899560917063
0.15129053073076304 22.23576770861437
0.15131472818196484 22.220647592674872
0.15133892563316664 22.20553923650625
0.15136312308436847 22.190442663848618
0.15138732053557027 22.175357898776372
0.15141151798677208 22.160284965700143
0.1514357154379739 22.145223889368594
0.1514599128891757 22.130174694870576
0.1514841103403775 22.115137407636936
0.1515083077915793 22.100112053442604
0.1515325052427811 22.085098658408597
0.15155670269398291 22.07009724900411
0.15158090014518472 22.055107852048568
0.15160509759638652 22.040130494352727
0.15162929504758835 22.02516520243943
0.15165349249879015 22.01021200553669
0.15167768994999195 21.995270931886232
0.15170188740119378 21.98034201009091
0.15172608485239558 21.965425269116977
0.15175028230359738 21.950520738296287
0.15177447975479919 21.935628447328675
0.151798677206001 21.920748426284266
0.1518228746572028 21.905880705605885
0.1518470721084046 21.891025316111442
0.1518712695596064 21.876182288996382
0.15189546701080822 21.861351655836152
0.15191966446201002 21.846533448588726
0.15194386191321183 21.83172769959706
0.15196805936441365 21.816934441591723
0.15199225681561546 21.802153707693552
0.15201645426681726 21.786769505171158
0.15204065171801906 21.771101329977768
0.15206484916922086 21.755437813429594
0.15208904662042266 21.739778959340203
0.15211324407162446 21.724124771577483
0.15213744152282627 21.70847525406395
0.1521616389740281 21.692830410776832
0.1521858364252299 21.677190245748342
0.1522100338764317 21.661554763065762
0.15223423132763353 21.645923966871706
0.15225842877883533 21.630297861364333
0.15228262623003713 21.61467645079745
0.15230682368123893 21.599059739480783
0.15233102113244074 21.58344773178017
0.15235521858364254 21.567840432117716
0.15237941603484434 21.55223784497205
0.15240361348604614 21.536872444206885
0.15242781093724797 21.52256333906174
0.15245200838844977 21.508259168794233
0.15247620583965157 21.493959939464066
0.1525004032908534 21.479665657193987
0.1525246007420552 21.465376328170112
0.152548798193257 21.451091958642035
0.1525729956444588 21.436812554923204
0.1525971930956606 21.42253812339112
0.1526213905468624 21.40826867048767
0.1526455879980642 21.39400420271929
0.15266978544926602 21.37974472665733
0.15269398290046785 21.36549024893825
0.15271818035166965 21.35124077626398
0.15274237780287145 21.33699631540209
0.15276657525407328 21.322756873186137
0.15279077270527508 21.30852245651594
0.15281497015647688 21.294293072357846
0.15283916760767868 21.280068727745007
0.15286336505888048 21.265849429777703
0.1528875625100823 21.251635185623616
0.1529117599612841 21.23742600251809
0.1529359574124859 21.2232218877645
0.15296015486368772 21.209022848734442
0.15298435231488952 21.194828892868216
0.15300854976609132 21.180640027674894
0.15303274721729315 21.166456260732808
0.15305694466849495 21.152277599689807
0.15308114211969676 21.13810405226356
0.15310533957089856 21.123935626241845
0.15312953702210036 21.109772329482908
0.15315373447330216 21.095614169915795
0.15317793192450396 21.081461155540655
0.15320212937570576 21.067313294429006
0.1532263268269076 21.053170594724193
0.1532505242781094 21.03903306464164
0.1532747217293112 21.02490071246917
0.15329891918051303 21.010773546567364
0.15332311663171483 20.99665157536999
0.15334731408291663 20.982534807384187
0.15337151153411843 20.9684232511909
0.15339570898532023 20.954316915445258
0.15341990643652204 20.940215808876882
0.15344410388772384 20.92611994029024
0.15346830133892564 20.91202931856505
0.15349249879012747 20.897943952656565
0.15351669624132927 20.883863851596082
0.15354089369253107 20.86978902449113
0.1535650911437329 20.855719480525956
0.1535892885949347 20.84165522896193
0.1536134860461365 20.827527681058612
0.1536376834973383 20.813350379785103
0.1536618809485401 20.799177652224344
0.1536860783997419 20.785009505388093
0.1537102758509437 20.770845946346515
0.1537344733021455 20.75668698222841
0.15375867075334734 20.742532620221507
0.15378286820454914 20.728382867572776
0.15380706565575095 20.714237731588558
0.15383126310695278 20.700097219635026
0.15385546055815458 20.685961339138363
0.15387965800935638 20.671830097585023
0.15390385546055818 20.657703502522097
0.15392805291175998 20.64358156155747
0.15395225036296178 20.629464282360292
0.1539764478141636 20.615351672661085
0.1540006452653654 20.60124236519254
0.1540248427165672 20.587087402821243
0.15404904016776902 20.572936839911524
0.15407323761897082 20.558790683447423
0.15409743507017265 20.544648940468218
0.15412163252137445 20.530511618068857
0.15414582997257625 20.51637872340002
0.15417002742377806 20.502250263668554
0.15419422487497986 20.48812624613759
0.15421842232618166 20.474006678126955
0.15424261977738346 20.45989156701334
0.15426681722858526 20.445780920230597
0.15429101467978706 20.431674745270023
0.1543152121309889 20.417573049680616
0.1543394095821907 20.4034758410694
0.15436360703339252 20.389383127101627
0.15438780448459433 20.375294915501147
0.15441200193579613 20.361211214050623
0.15443619938699793 20.347132030591837
0.15446039683819973 20.333057373025994
0.15448459428940153 20.31898724931404
0.15450879174060334 20.30492166747687
0.15453298919180514 20.290860635595703
0.15455718664300694 20.276804161812368
0.15458138409420877 20.262752254329577
0.15460558154541057 20.248704921411264
0.1546297789966124 20.234662171382837
0.1546539764478142 20.220624012631596
0.154678173899016 20.2065904536069
0.1547023713502178 20.192561502820585
0.1547265688014196 20.178537168847257
0.1547507662526214 20.164517460324582
0.1547749637038232 20.150502385953676
0.154799161155025 20.136491954499323
0.1548233586062268 20.122486174790414
0.15484755605742864 20.108485055720216
0.15487175350863044 20.09448860624674
0.15489595095983227 20.08049683539298
0.15492014841103408 20.06650975224743
0.15494434586223588 20.052527365964245
0.15496854331343768 20.038549685763698
0.15499274076463948 20.02457672093247
0.15501693821584128 20.01060848082403
0.15504113566704308 19.996644974858995
0.15506533311824489 19.982686212525426
0.1550895305694467 19.968732203379293
0.15511372802064852 19.95478295704471
0.15513792547185032 19.940838483214428
0.15516212292305215 19.92689879165007
0.15518632037425395 19.912963892182646
0.15521051782545575 19.89897589707182
0.15523471527665755 19.88491690561234
0.15525891272785936 19.870862028831077
0.15528311017906116 19.856811274197973
0.15530730763026296 19.842764649235093
0.15533150508146476 19.828722161516808
0.15535570253266656 19.814683818670098
0.1553798999838684 19.800649628374853
0.1554040974350702 19.78661959836412
0.155428294886272 19.772593736424316
0.15545249233747382 19.758572050395582
0.15547668978867563 19.74455454817201
0.15550088723987743 19.730541237701967
0.15552508469107923 19.71653212698832
0.15554928214228103 19.7025272240887
0.15557347959348283 19.6885265371159
0.15559767704468463 19.674530074238056
0.15562187449588644 19.66037022492701
0.15564607194708827 19.64619596424921
0.15567026939829007 19.632025054781714
0.15569446684949187 19.617857501760522
0.1557186643006937 19.60369331045713
0.1557428617518955 19.589532486178722
0.1557670592030973 19.575375034268205
0.1557912566542991 19.561220960104432
0.1558154541055009 19.54707026910241
0.1558396515567027 19.532922966713436
0.1558638490079045 19.51877905842527
0.1558880464591063 19.504638549762294
0.15591224391030814 19.49050144628569
0.15593644136150994 19.476367753593706
0.15596063881271174 19.462237477321658
0.15598483626391357 19.448110623142227
0.15600903371511537 19.433987197896233
0.15603323116631718 19.419867208108236
0.15605742861751898 19.40575065767063
0.15608162606872078 19.391637552407325
0.15610582351992258 19.377527898180443
0.15613002097112438 19.363421700890623
0.15615421842232619 19.349318966477036
0.15617841587352801 19.335219700917722
0.15620261332472982 19.321123910229716
0.15622681077593162 19.30703160046921
0.15625100822713345 19.29294277773181
0.15627520567833525 19.27885744815271
0.15629940312953705 19.264775617906885
0.15632360058073885 19.250697293209246
0.15634779803194065 19.23662248031491
0.15637199548314246 19.222551185519347
0.15639619293434426 19.208483415158636
0.15642039038554606 19.19290491617429
0.1564445878367479 19.177043609213346
0.1564687852879497 19.161181910560746
0.1564929827391515 19.145319819523202
0.15651718019035332 19.129457335406727
0.15654137764155512 19.11359445751675
0.15656557509275693 19.097731185157997
0.15658977254395873 19.081867517634535
0.15661396999516053 19.066003454249763
0.15663816744636233 19.050138994306444
0.15666236489756413 19.034274137106635
0.15668656234876593 19.018408881951775
0.15671075979996776 19.002543228142578
0.15673495725116957 18.986677174979143
0.15675915470237137 18.970810721760888
0.1567833521535732 18.954943867786515
0.156807549604775 18.938657324174464
0.1568317470559768 18.921447549184283
0.1568559445071786 18.904240044998666
0.1568801419583804 18.887034808846625
0.1569043394095822 18.869831837961225
0.156928536860784 18.852631129579674
0.1569527343119858 18.835432680943256
0.15697693176318764 18.81823648929732
0.15700112921438944 18.801042551891378
0.15702532666559124 18.783850865978916
0.15704952411679307 18.76666142881752
0.15707372156799487 18.74947423766886
0.15709791901919667 18.73228928979863
0.15712211647039848 18.715106582476558
0.15714631392160028 18.697926112976415
0.15717051137280208 18.680747878576003
0.15719470882400388 18.663571876557143
0.15721890627520568 18.64639810420566
0.1572431037264075 18.629226558811393
0.15726730117760931 18.61205723766818
0.15729149862881112 18.59489013807388
0.15731569608001295 18.577725257330247
0.15733989353121475 18.5605625927431
0.15736409098241655 18.54340214162219
0.15738828843361835 18.526243901281234
0.15741248588482015 18.509087869037888
0.15743668333602195 18.491934042213785
0.15746088078722376 18.474782418134474
0.15748507823842556 18.45763299412945
0.1575092756896274 18.440485767532117
0.1575334731408292 18.423340735679822
0.157557670592031 18.406197895913827
0.15758186804323282 18.389057245579234
0.15760606549443462 18.37191878202514
0.15763026294563642 18.354782502604476
0.15765446039683823 18.337648404674038
0.15767865784804003 18.320516485594545
0.15770285529924183 18.303386742730556
0.15772705275044363 18.286259173450496
0.15775125020164543 18.269133775126665
0.15777544765284726 18.252010545135146
0.15779964510404906 18.23488948085597
0.15782384255525087 18.21777057967292
0.1578480400064527 18.200653838973604
0.1578722374576545 18.18353925614954
0.1578964349088563 18.166426828595945
0.1579206323600581 18.149316553711913
0.1579448298112599 18.1322084289003
0.1579690272624617 18.115102451567793
0.1579932247136635 18.097998619124837
0.1580174221648653 18.080896928985663
0.15804161961606714 18.063797378568243
0.15806581706726894 18.046699965294398
0.15809001451847074 18.02960468658964
0.15811421196967257 18.01251153988321
0.15813840942087437 17.9954205226082
0.15816260687207617 17.97833163220133
0.15818680432327797 17.961244866103105
0.15821100177447978 17.94416022175773
0.15823519922568158 17.927077696613175
0.15825939667688338 17.909997288121065
0.15828359412808518 17.89291899373676
0.158307791579287 17.875842810919284
0.1583319890304888 17.85876873713143
0.15835618648169061 17.84169676983961
0.15838038393289244 17.824626906513913
0.15840458138409425 17.80755914410488
0.15842877883529605 17.79049347837912
0.15845297628649785 17.77342990906249
0.15847717373769965 17.7563684336397
0.15850137118890145 17.739309049599143
0.15852556864010325 17.722251754432833
0.15854976609130506 17.70519654563642
0.15857396354250688 17.68814342070914
0.1585981609937087 17.671092377153933
0.1586223584449105 17.654043412477293
0.15864655589611232 17.636996524189303
0.15867075334731412 17.619951709803715
0.15869495079851592 17.602908966837823
0.15871914824971772 17.585868292812524
0.15874334570091952 17.568829685252254
0.15876754315212133 17.551793141685096
0.15879174060332313 17.53475865964265
0.15881593805452493 17.51772623842141
0.15884013550572676 17.50069587470287
0.15886433295692856 17.48366756511487
0.15888853040813036 17.466641307203247
0.1589127278593322 17.44961709851736
0.158936925310534 17.432594936610165
0.1589611227617358 17.41557481903809
0.1589853202129376 17.398556743361045
0.1590095176641394 17.38154070714255
0.1590337151153412 17.364526707949548
0.159057912566543 17.34751474335251
0.1590821100177448 17.3305048109254
0.15910630746894663 17.313496908245646
0.15913050492014844 17.29649103289422
0.15915470237135024 17.279487182455497
0.15917889982255207 17.26248535451734
0.15920309727375387 17.245529294420244
0.15922729472495567 17.228872632916048
0.15925149217615747 17.21221683454327
0.15927568962735927 17.195561898951404
0.15929988707856108 17.178907825790162
0.15932408452976288 17.155027594871715
0.15934828198096468 17.126766401607277
0.1593724794321665 17.098506610330542
0.1593966768833683 17.070248220480362
0.1594208743345701 17.041991231495828
0.15944507178577194 17.013735642816425
0.15946926923697374 16.985481453882084
0.15949346668817554 16.95722866413305
0.15951766413937735 16.928977273009924
0.15954186159057915 16.90072727995372
0.15956605904178095 16.87247868440578
0.15959025649298275 16.84423148580787
0.15961445394418455 16.816249149470757
0.15963865139538636 16.78844456698578
0.15966284884658818 16.760639819884755
0.15968704629779 16.732834908148
0.15971124374899182 16.70502983175574
0.15973544120019362 16.677224590688354
0.15975963865139542 16.649419184926206
0.15978383610259722 16.621613614449704
0.15980803355379902 16.593807879239332
0.15983223100500082 16.566001979275597
0.15985642845620263 16.538195914539056
0.15988062590740443 16.510389685010317
0.15990482335860623 16.48258329067005
0.15992902080980806 16.454776731498903
0.15995321826100986 16.4269700074777
0.1599774157122117 16.399163118587165
0.1600016131634135 16.37135606480819
0.1600258106146153 16.343548846121635
0.1600500080658171 16.315741462508438
0.1600742055170189 16.287933913949562
0.1600984029682207 16.26012620042604
0.1601226004194225 16.23231832191893
0.1601467978706243 16.204510278409366
0.1601709953218261 16.176702069878488
0.16019519277302793 16.14889369630748
0.16021939022422974 16.121085157677662
0.16024358767543156 16.09327645397027
0.16026778512663337 16.06546758516672
0.16029198257783517 16.037658551248363
0.16031618002903697 16.00984935219664
0.16034037748023877 15.982039987993055
0.16036457493144057 15.954230458619124
0.16038877238264238 15.926420764056436
0.16041296983384418 15.898610904286604
0.16043716728504598 15.870800879291307
0.1604613647362478 15.842990689052247
0.1604855621874496 15.815180333551243
0.16050975963865144 15.787369812770033
0.16053395708985324 15.759559126690549
0.16055815454105504 15.731748275294674
0.16058235199225684 15.703937258564357
0.16060654944345865 15.67612607648159
0.16063074689466045 15.64831472902843
0.16065494434586225 15.620503216186965
0.16067914179706405 15.592691537939336
0.16070333924826585 15.564879694267736
0.16072753669946768 15.537067685154355
0.16075173415066948 15.50925551058155
0.1607759316018713 15.481443170531575
0.16080012905307312 15.453630664986882
0.16082432650427492 15.425817993929858
0.16084852395547672 15.398005157342965
0.16087272140667852 15.370192155208727
0.16089691885788032 15.342378987509699
0.16092111630908212 15.314565654228504
0.16094531376028393 15.286752155347795
0.16096951121148573 15.258938490850278
0.16099370866268756 15.231124660718663
0.16101790611388936 15.203310664935831
0.16104210356509116 15.175496503484588
0.161066301016293 15.147682176347795
0.1610904984674948 15.119867683508469
0.1611146959186966 15.09205302494955
0.1611388933698984 15.064238200654087
0.1611630908211002 15.036423210605154
0.161187288272302 15.008608054785903
0.1612114857235038 14.980792733179486
0.1612356831747056 14.952977245769143
0.16125988062590743 14.92516159253813
0.16128407807710923 14.897345773469805
0.16130827552831103 14.869529788547514
0.16133247297951286 14.841713637754658
0.16135667043071467 14.813897321074753
0.16138086788191647 14.78608083849128
0.16140506533311827 14.7582641899878
0.16142926278432007 14.730447375547906
0.16145346023552187 14.702630395155278
0.16147765768672367 14.674813248793608
0.16150185513792548 14.64699593644664
0.1615260525891273 14.619178458098151
0.1615502500403291 14.59136081373205
0.1615744474915309 14.563543003332207
0.16159864494273274 14.53572502688251
0.16162284239393454 14.507906884367037
0.16164703984513634 14.480088575769779
0.16167123729633814 14.452270101074829
0.16169543474753995 14.424451460266319
0.16171963219874175 14.396632653328432
0.16174382964994355 14.368813680245399
0.16176802710114535 14.34099454100151
0.16179222455234718 14.313175235581042
0.16181642200354898 14.28535576396844
0.16184061945475078 14.257536126148102
0.1618648169059526 14.229716322104457
0.16188901435715441 14.201896351822096
0.16191321180835622 14.174076215285561
0.16193740925955802 14.14625591247945
0.16196160671075982 14.118435443388448
0.16198580416196162 14.090614807997246
0.16201000161316342 14.070762569506131
0.16203419906436523 14.056873283560511
0.16205839651556705 14.04298391516736
0.16208259396676886 14.02909446431593
0.16210679141797066 14.015204930995424
0.1621309888691725 14.001315315195086
0.1621551863203743 13.987425616904213
0.1621793837715761 13.973535836112095
0.1622035812227779 13.959645972808053
0.1622277786739797 13.945756026981423
0.1622519761251815 13.931865998621584
0.1622761735763833 13.91797588771792
0.1623003710275851 13.904085694259837
0.16232456847878693 13.890195418236766
0.16234876592998873 13.876305059638185
0.16237296338119053 13.862414618453576
0.16239716083239236 13.84852409467241
0.16242135828359416 13.834633486409713
0.16244555573479597 13.82074279528341
0.16246975318599777 13.806852021532467
0.16249395063719957 13.792961165146478
0.16251814808840137 13.779070226115055
0.16254234553960317 13.765179204427852
0.16256654299080497 13.751288100074547
0.1625907404420068 13.737396913044792
0.1626149378932086 13.723505643328355
0.1626391353444104 13.70961429091495
0.16266333279561224 13.69572285579432
0.16268753024681404 13.681831337956273
0.16271172769801584 13.667939737390626
0.16273592514921764 13.654048054087184
0.16276012260041944 13.640156288035811
0.16278432005162125 13.626264439226386
0.16280851750282305 13.612372507648802
0.16283271495402485 13.59848049329299
0.16285691240522668 13.584588396148872
0.16288110985642848 13.57069621620646
0.16290530730763028 13.556803953455725
0.1629295047588321 13.542911607886657
0.1629537022100339 13.52901917948934
0.16297789966123571 13.51512666825383
0.16300209711243752 13.501234074170018
0.16302629456363932 13.487341397227475
0.16305049201484112 13.473448637417066
0.16307468946604292 13.459555794728946
0.16309888691724472 13.445662869153288
0.16312308436844655 13.431769860680292
0.16314728181964835 13.417876769300205
0.16317147927085016 13.403983595003265
0.16319567672205199 13.390090337779728
0.1632198741732538 13.376196997619928
0.1632440716244556 13.362303574514158
0.1632682690756574 13.348410068452763
0.1632924665268592 13.334516479426119
0.163316663978061 13.320622807424613
0.1633408614292628 13.306729052438655
0.1633650588804646 13.292835214458696
0.16338925633166643 13.278941293475155
0.16341345378286823 13.265047289478577
0.16343765123407003 13.251153202459426
0.16346184868527186 13.237259032408234
0.16348604613647366 13.22336477931559
0.16351024358767546 13.209470443172055
0.16353444103887727 13.195576023968231
0.16355863849007907 13.181681521694738
0.16358283594128087 13.167786936342237
0.16360703339248267 13.153892267901384
0.16363123084368447 13.139997516362898
0.1636554282948863 13.126102681717473
0.1636796257460881 13.11220776395588
0.1637038231972899 13.098312763068883
0.16372802064849173 13.084417679047244
0.16375221809969354 13.070522511881826
0.16377641555089534 13.056627261563436
0.16380061300209714 13.042731928082954
0.16382481045329894 13.028836511431253
0.16384900790450074 13.014941011599253
0.16387320535570254 13.001045428577884
0.16389740280690435 12.987149762358106
0.16392160025810618 12.973254012930878
0.16394579770930798 12.95935818028725
0.16396999516050978 12.94546226441823
0.1639941926117116 12.931566265314862
0.1640183900629134 12.91767018296824
0.1640425875141152 12.90377401736947
0.16406678496531701 12.889877768509665
0.16409098241651882 12.875981436379975
0.16411517986772062 12.862085020971586
0.16413937731892242 12.848188522275668
0.16416357477012422 12.834291940283466
0.16418777222132605 12.820395274986206
0.16421196967252785 12.806498526375186
0.16423616712372965 12.79260169444168
0.16426036457493148 12.778704779176996
0.16428456202613329 12.7648077805725
0.1643087594773351 12.750910698619549
0.1643329569285369 12.73701353330953
0.1643571543797387 12.723116284633855
0.1643813518309405 12.709218952583967
0.1644055492821423 12.695321537151322
0.1644297467333441 12.681424038327403
0.16445394418454592 12.667526456103719
0.16447814163574773 12.653628790471819
0.16450233908694953 12.639731041423262
0.16452653653815136 12.625833208949595
0.16455073398935316 12.611935293042476
0.16457493144055496 12.598037293693512
0.16459912889175676 12.584139210894358
0.16462332634295856 12.57024104463669
0.16464752379416037 12.556342794912215
0.16467172124536217 12.542444461712668
0.16469591869656397 12.528546045029794
0.1647201161477658 12.514647544855354
0.1647443135989676 12.50074896118118
0.1647685110501694 12.486850293999085
0.16479270850137123 12.472951543300907
0.16481690595257303 12.45905270907854
0.16484110340377484 12.445153791323875
0.16486530085497664 12.431254790028825
0.16488949830617844 12.417355705185356
0.16491369575738024 12.403456536785423
0.16493789320858204 12.389557284821025
0.16496209065978384 12.37565794928419
0.16498628811098567 12.361758530166941
0.16501048556218748 12.347859027461379
0.16503468301338928 12.333959441159587
0.1650588804645911 12.320059771253659
0.1650830779157929 12.306160017735774
0.1651072753669947 12.292260180598083
0.1651314728181965 12.27836025983278
0.1651556702693983 12.264460255432082
0.16517986772060012 12.250560167388224
0.16520406517180192 12.236659995693477
0.16522826262300372 12.222759740340138
0.16525246007420552 12.208859401431138
0.16527665752540735 12.194958978737422
0.16530085497660915 12.181058472362125
0.16532505242781098 12.16715788229763
0.16534924987901278 12.153257208536365
0.16537344733021458 12.139356451070757
0.1653976447814164 12.12545560989327
0.1654218422326182 12.111554684996406
0.16544603968382 12.09765367637265
0.1654702371350218 12.083752584014553
0.1654944345862236 12.069851407914674
0.1655186320374254 12.055950148065605
0.16554282948862722 12.042048804459936
0.16556702693982903 12.02814737709033
0.16559122439103086 12.014245865949432
0.16561542184223266 12.000344271029945
0.16563961929343446 11.986442592324572
0.16566381674463626 11.97254082982604
0.16568801419583806 11.958638983527115
0.16571221164703986 11.94473705342058
0.16573640909824167 11.930835039499247
0.16576060654944347 11.916932941755945
0.16578480400064527 11.903030760183546
0.1658090014518471 11.889128494774903
0.1658331989030489 11.875226145522971
0.16585739635425073 11.861323712420646
0.16588159380545253 11.847421195460917
0.16590579125665433 11.833518594636761
0.16592998870785614 11.819615909941176
0.16595418615905794 11.805713141367209
0.16597838361025974 11.791810288907914
0.16600258106146154 11.777907352556372
0.16602677851266334 11.764004332305705
0.16605097596386514 11.75010122814903
0.16607517341506697 11.736198040079508
0.16609937086626878 11.722294768090338
0.1661235683174706 11.708391412174715
0.1661477657686724 11.6944879723259
0.1661719632198742 11.68058444853713
0.166196160671076 11.666680840801705
0.1662203581222778 11.65277714911292
0.1662445555734796 11.638873373464126
0.16626875302468141 11.624969513848677
0.16629295047588322 11.611065570259958
0.16631714792708502 11.597161542691376
0.16634134537828685 11.58325743113637
0.16636554282948865 11.569353235588416
0.16638974028069048 11.555448956040973
0.16641393773189228 11.541544593549574
0.16643813518309408 11.527640147824682
0.16646233263429588 11.513735618077368
0.16648653008549769 11.499831004301218
0.1665107275366995 11.48592630648985
0.1665349249879013 11.472021524636894
0.1665591224391031 11.458116658736012
0.1665833198903049 11.444211708780893
0.16660751734150672 11.430306674765228
0.16663171479270852 11.416401556682787
0.16665591224391033 11.402496354527328
0.16668010969511216 11.388591068292616
0.16670430714631396 11.374685697972497
0.16672850459751576 11.36078024356079
0.16675270204871756 11.346874705051375
0.16677689949991936 11.332969082438128
0.16680109695112116 11.319076939302134
0.16682529440232297 11.305470142306836
0.16684949185352477 11.29186287228444
0.1668736893047266 11.278255128285684
0.1668978867559284 11.26464690936017
0.1669220842071302 11.25103821455633
0.16694628165833203 11.237429042921379
0.16697047910953383 11.22381939350146
0.16699467656073563 11.21020926534148
0.16701887401193743 11.196598657485174
0.16704307146313924 11.182987568975133
0.16706726891434104 11.169375998852752
0.16709146636554284 11.155763946158261
0.16711566381674464 11.142151409930698
0.16713986126794647 11.128538389207893
0.16716405871914827 11.11492488302656
0.16718825617035007 11.101310890422162
0.1672124536215519 11.087721937500472
0.1672366510727537 11.074156547630642
0.1672608485239555 11.060590640855539
0.1672850459751573 11.047024215992437
0.1673092434263591 11.033457271856951
0.1673334408775609 11.019889807263066
0.16735763832876271 11.006321821023082
0.16738183577996452 11.003502744772218
0.16740603323116635 11.012762817603436
0.16743023068236815 11.02202395346318
0.16745442813356995 11.031286153933706
0.16747862558477178 11.040549420599799
0.16750282303597358 11.049813755048701
0.16752702048717538 11.05907915887022
0.16755121793837718 11.06834563365665
0.16757541538957899 11.077613181002823
0.1675996128407808 11.086881802506094
0.1676238102919826 11.096151497957816
0.1676480077431844 11.105422270732838
0.16767220519438622 11.11469412246548
0.16769640264558802 11.123967054763233
0.16772060009678982 11.133241069236187
0.16774479754799165 11.142516167496971
0.16776899499919345 11.151792351160767
0.16779319245039526 11.161069621845355
0.16781738990159706 11.17034798117109
0.16784158735279886 11.179627430760899
0.16786578480400066 11.188907972240301
0.16788998225520246 11.198189607237417
0.16791417970640427 11.207472337382958
0.1679383771576061 11.216756164310258
0.1679625746088079 11.22604108965523
0.1679867720600097 11.235327115056423
0.16801096951121153 11.244614243013102
0.16803516696241333 11.25390247535072
0.16805936441361513 11.26319181268294
0.16808356186481693 11.272482256658828
0.16810775931601873 11.28177380893014
0.16813195676722054 11.29106647115125
0.16815615421842234 11.30036024497919
0.16818035166962414 11.30965513207367
0.16820454912082597 11.318951134097068
0.16822874657202777 11.328248252714403
0.16825294402322957 11.337546489593409
0.1682771414744314 11.346845846404515
0.1683013389256332 11.356146324820768
0.168325536376835 11.365447926517982
0.1683497338280368 11.37475065317466
0.1683739312792386 11.384054506471998
0.1683981287304404 11.393359488093903
0.1684223261816422 11.402665599727023
0.16844652363284401 11.411972843060708
0.16847072108404584 11.421281219787062
0.16849491853524765 11.430590731600889
0.16851911598644945 11.43990138019977
0.16854331343765128 11.44921316728403
0.16856751088885308 11.458526094556737
0.16859170834005488 11.467840163723709
0.16861590579125668 11.477155376493567
0.16864010324245848 11.486471734577666
0.16866430069366029 11.495789239690172
0.1686884981448621 11.505107893547997
0.1687126955960639 11.514427697870888
0.16873689304726572 11.52374865438136
0.16876109049846752 11.53307076480472
0.16878528794966932 11.542394030869112
0.16880948540087115 11.55171845430549
0.16883368285207295 11.561044036847584
0.16885788030327475 11.570370780232016
0.16888207775447656 11.579698686198197
0.16890627520567836 11.5890277564884
0.16893047265688016 11.59835799284772
0.16895467010808196 11.607689397024117
0.16897886755928376 11.61702197076842
0.1690030650104856 11.626355715834297
0.1690272624616874 11.635690633978287
0.1690514599128892 11.645026726959825
0.16907565736409103 11.65436399654121
0.16909985481529283 11.663702444487638
0.16912405226649463 11.673042072567183
0.16914824971769643 11.682382882550854
0.16917244716889823 11.691724876212525
0.16919664462010003 11.701068055329019
0.16922084207130184 11.710412419894384
0.16924503952250364 11.719757973182489
0.16926923697370547 11.729104717265853
0.16929343442490727 11.738452653932978
0.16931763187610907 11.747801784975303
0.1693418293273109 11.757152112187258
0.1693660267785127 11.766503637366178
0.1693902242297145 11.775856362312382
0.1694144216809163 11.785210288829175
0.1694386191321181 11.794565418722826
0.1694628165833199 11.803921753802584
0.1694870140345217 11.813279295880696
0.1695112114857235 11.822638046772385
0.16953540893692534 11.831998008295928
0.16955960638812714 11.841359182272535
0.16958380383932894 11.85072157052649
0.16960800129053077 11.860085175590706
0.16963219874173258 11.869450000023273
0.16965639619293438 11.878816044231865
0.16968059364413618 11.888183310052883
0.16970479109533798 11.897551799325802
0.16972898854653978 11.906921513893144
0.16975318599774158 11.916292455600471
0.1697773834489434 11.925664626296452
0.16980158090014522 11.935038027832801
0.16982577835134702 11.944412662064332
0.16984997580254882 11.953788530848927
0.16987417325375065 11.963165636047611
0.16989837070495245 11.972543979524433
0.16992256815615425 11.981923563146642
0.16994676560735605 11.99130438878452
0.16997096305855786 12.000686458311542
0.16999516050975966 12.010069773604263
0.17001935796096146 12.0194543365424
0.17004355541216326 12.028840149008802
0.1700677528633651 12.038227212889483
0.1700919503145669 12.04761553007359
0.1701161477657687 12.057005102453456
0.17014034521697052 12.066395931924584
0.17016454266817232 12.075788020385636
0.17018874011937413 12.085181369738473
0.17021293757057593 12.094575981888154
0.17023713502177773 12.103971858742927
0.17026133247297953 12.113369002214245
0.17028552992418133 12.122767414216785
0.17030972737538314 12.132167096668429
0.17033392482658496 12.141568051490335
0.17035812227778677 12.150970280606797
0.17038231972898857 12.160373785945431
0.1704065171801904 12.169778569437092
0.1704307146313922 12.179184633015876
0.170454912082594 12.188591978619126
0.1704791095337958 12.198000608187487
0.1705033069849976 12.207410523664873
0.1705275044361994 12.216821726998472
0.1705517018874012 12.226234220138766
0.170575899338603 12.235648005039554
0.17060009678980484 12.245063083657927
0.17062429424100664 12.25447945795427
0.17064849169220844 12.263897129892323
0.17067268914341027 12.273316101439148
0.17069688659461207 12.282736374565124
0.17072108404581388 12.292157951243988
0.17074528149701568 12.301580833452817
0.17076947894821748 12.311005023172076
0.17079367639941928 12.32043052238555
0.17081787385062108 12.329857333080426
0.17084207130182288 12.339285457247273
0.17086626875302469 12.348714896880038
0.17089046620422652 12.358145653976072
0.17091466365542832 12.367577730536102
0.17093886110663015 12.37701112856431
0.17096305855783195 12.386445850068245
0.17098725600903375 12.395881897058919
0.17101145346023555 12.405319271550775
0.17103565091143735 12.414757975561688
0.17105984836263916 12.42419801111297
0.17108404581384096 12.433639380229412
0.17110824326504276 12.443082084939254
0.17113244071624456 12.452526127274217
0.1711566381674464 12.461971509269501
0.1711808356186482 12.471418232963762
0.17120503306985002 12.480779661901545
0.17122923052105182 12.489811834812997
0.17125342797225362 12.498844180137155
0.17127762542345543 12.507876697936242
0.17130182287465723 12.516909388272486
0.17132602032585903 12.525942251208138
0.17135021777706083 12.534975286805432
0.17137441522826263 12.544008495126633
0.17139861267946443 12.553041876234012
0.17142281013066626 12.562075430189848
0.17144700758186807 12.571109157056409
0.1714712050330699 12.58014305689602
0.1714954024842717 12.589177129770965
0.1715195999354735 12.59821137574357
0.1715437973866753 12.607245794876151
0.1715679948378771 12.616280387231061
0.1715921922890789 12.625315152870629
0.1716163897402807 12.623140949930333
0.1716405871914825 12.62036767868985
0.1716647846426843 12.61759479439429
0.17168898209388614 12.61482229676469
0.17171317954508794 12.612050185522369
0.17173737699628977 12.609278460388895
0.17176157444749157 12.606507121086121
0.17178577189869337 12.60373616733614
0.17180996934989518 12.600965598861318
0.17183416680109698 12.598195415384282
0.17185836425229878 12.595425616627903
0.17188256170350058 12.59265620231535
0.17190675915470238 12.589887172170016
0.17193095660590418 12.587118525915582
0.171955154057106 12.584350263275969
0.17197935150830782 12.581582383975366
0.17200354895950964 12.578814887738227
0.17202774641071145 12.576047774289254
0.17205194386191325 12.573281043353418
0.17207614131311505 12.570514694655953
0.17210033876431685 12.567748727922329
0.17212453621551865 12.564983142878306
0.17214873366672045 12.56221793924986
0.17217293111792226 12.559453116763276
0.17219712856912406 12.556688675145049
0.1722213260203259 12.553924614121955
0.1722455234715277 12.551160933421036
0.1722697209227295 12.548397632769571
0.17229391837393132 12.545634711895099
0.17231811582513312 12.542872170525415
0.17234231327633492 12.540110008388575
0.17236651072753673 12.537348225212902
0.17239070817873853 12.534586820726943
0.17241490562994033 12.531825794659508
0.17243910308114213 12.52906514673969
0.17246330053234393 12.526304876696804
0.17248749798354576 12.523544984260436
0.17251169543474756 12.52078546916041
0.17253589288594937 12.518026331126825
0.1725600903371512 12.515267569890007
0.172584287788353 12.512509185180567
0.1726084852395548 12.509751176729342
0.1726326826907566 12.506993544267418
0.1726568801419584 12.50423628752616
0.1726810775931602 12.501479406237163
0.172705275044362 12.498722900132275
0.1727294724955638 12.495966768943594
0.17275366994676564 12.493211012403487
0.17277786739796744 12.490455630244544
0.17280206484916924 12.487700621999856
0.17282626230037107 12.48494598546315
0.17285045975157287 12.482191722510876
0.17287465720277467 12.479437832876611
0.17289885465397647 12.476684316294227
0.17292305210517828 12.473931172497796
0.17294724955638008 12.471178401221675
0.17297144700758188 12.46842600220045
0.17299564445878368 12.46567397516896
0.1730198419099855 12.462922319862283
0.1730440393611873 12.46017103601577
0.17306823681238911 12.457420123364994
0.17309243426359094 12.454669581645778
0.17311663171479275 12.451919410594197
0.17314082916599455 12.449169609946578
0.17316502661719635 12.44642017943947
0.17318922406839815 12.443671118809707
0.17321342151959995 12.440922429074343
0.17323761897080175 12.438174109715343
0.17326181642200356 12.435426159441693
0.17328601387320539 12.432678577991183
0.1733102113244072 12.429931365101858
0.173334408775609 12.427184520512004
0.17335860622681082 12.42443804396014
0.17338280367801262 12.421691935185047
0.17340700112921442 12.418946193925729
0.17343119858041622 12.416200819921448
0.17345539603161803 12.413455812911701
0.17347959348281983 12.410711172636228
0.17350379093402163 12.407966898835012
0.17352798838522343 12.405222991248284
0.17355218583642526 12.402479449616509
0.17357638328762706 12.39973627368039
0.17360058073882886 12.396993463180877
0.1736247781900307 12.394251017859153
0.1736489756412325 12.391508937456656
0.1736731730924343 12.388767221715058
0.1736973705436361 12.386025870376264
0.1737215679948379 12.383284883182418
0.1737457654460397 12.380544259875919
0.1737699628972415 12.377804000199374
0.1737941603484433 12.375064103895673
0.17381835779964513 12.372324570707898
0.17384255525084694 12.369585400379412
0.17386675270204874 12.366846592653786
0.17389095015325057 12.36410814727483
0.17391514760445237 12.361370063986618
0.17393934505565417 12.35863234253342
0.17396354250685597 12.355894982659773
0.17398773995805777 12.353157984110457
0.17401193740925958 12.350421346630467
0.17403613486046138 12.34768506996503
0.17406033231166318 12.344949153859632
0.174084529762865 12.34221359805998
0.1741087272140668 12.339478402312004
0.1741329246652686 12.336743566361909
0.17415712211647044 12.334009089956085
0.17418131956767224 12.331274972841207
0.17420551701887405 12.328541214764142
0.17422971447007585 12.325807815472011
0.17425391192127765 12.323074774712161
0.17427810937247945 12.320342092232178
0.17430230682368125 12.31760976777988
0.17432650427488305 12.314877801103318
0.17435070172608488 12.312146191950765
0.17437489917728669 12.309414940070758
0.1743990966284885 12.306684045212021
0.17442329407969032 12.303953507123554
0.17444749153089212 12.30122332555455
0.17447168898209392 12.29849350025446
0.17449588643329572 12.295764030972956
0.17452008388449752 12.293034917459943
0.17454428133569933 12.290306159465553
0.17456847878690113 12.287577756740156
0.17459267623810293 12.284849709034338
0.17461687368930476 12.282122016098931
0.17464107114050656 12.279394677684982
0.17466526859170836 12.27666769354378
0.1746894660429102 12.273941063426841
0.174713663494112 12.271214787085894
0.1747378609453138 12.268488864272928
0.1747620583965156 12.265763294740124
0.1747862558477174 12.263038078239912
0.1748104532989192 12.260313214524945
0.174834650750121 12.257588703348116
0.1748588482013228 12.254864544462514
0.17488304565252463 12.252140737621486
0.17490724310372643 12.249417282578591
0.17493144055492824 12.24669417908763
0.17495563800613007 12.243971426902588
0.17497983545733187 12.241249025777734
0.17500403290853367 12.238526975467531
0.17502823035973547 12.235805275726653
0.17505242781093727 12.233083926310039
0.17507662526213907 12.230362926972814
0.17510082271334088 12.227642277470354
0.17512502016454268 12.224921977558248
0.17514921761574448 12.222202026992317
0.17517341506694628 12.219482425528584
0.17519761251814814 12.216763172923326
0.17522180996934994 12.213503658882278
0.17524600742055174 12.21018694189702
0.17527020487175354 12.206872281371698
0.17529440232295534 12.203559672901637
0.17531859977415715 12.200249112094378
0.17534279722535895 12.19694059456963
0.17536699467656075 12.193634115959272
0.17539119212776255 12.190329671907257
0.17541538957896435 12.187027258069598
0.17543958703016616 12.183726870114338
0.175463784481368 12.180428503721476
0.17548798193256981 12.177132154582974
0.17551217938377162 12.173837818402673
0.17553637683497342 12.170545490896249
0.17556057428617522 12.167255167791232
0.17558477173737702 12.163966844826888
0.17560896918857882 12.16039370425386
0.17563316663978062 12.156338538177144
0.17565736409098243 12.15228964317027
0.17568156154218423 12.148246994716466
0.17570575899338603 12.144210568426596
0.1757299564445879 12.140180340038384
0.1757541538957897 12.136156285415627
0.1757783513469915 12.132138380547374
0.1758025487981933 12.128126601547136
0.1758267462493951 12.124120924652106
0.1758509437005969 12.120121326222366
0.1758751411517987 12.116127782740154
0.1758993386030005 12.112140270809057
0.1759235360542023 12.108158767153265
0.1759477335054041 12.104183248616797
0.1759719309566059 12.100213692162804
0.17599612840780776 12.096250074872728
0.17602032585900956 12.092292375590745
0.17604452331021136 12.08834057028837
0.17606872076141317 12.08439463608337
0.17609291821261497 12.080454550523356
0.17611711566381677 12.076520291270674
0.17614131311501857 12.072591836101644
0.17616551056622037 12.068669162905906
0.17618970801742218 12.064752249685668
0.17621390546862398 12.060841074555034
0.17623810291982578 12.05693561573933
0.17626230037102764 12.053035851574382
0.17628649782222944 12.049141760505877
0.17631069527343124 12.045253321088637
0.17633489272463304 12.04137051198601
0.17635909017583484 12.037493311969127
0.17638328762703664 12.033621699916312
0.17640748507823845 12.030082951564566
0.17643168252944025 12.02727728604729
0.17645587998064205 12.024472215471336
0.17648007743184385 12.021667739193962
0.17650427488304565 12.018863856573313
0.1765284723342475 12.016060566968415
0.1765526697854493 12.013257869739169
0.1765768672366511 12.010455764246363
0.17660106468785292 12.007654249851642
0.17662526213905472 12.00485332591754
0.17664945959025652 12.002052991807464
0.17667365704145832 11.999253246885685
0.17669785449266012 11.996454090517346
0.17672205194386192 11.99365552206846
0.17674624939506373 11.990857540905914
0.17677044684626553 11.988060146397437
0.17679464429746738 11.985263337911654
0.1768188417486692 11.983073569865162
0.176843039199871 11.981056379765631
0.1768672366510728 11.979039336371805
0.1768914341022746 11.977022439742765
0.1769156315534764 11.975005689937728
0.1769398290046782 11.972989087016025
0.17696402645588 11.970972631037087
0.1769882239070818 11.968956322060485
0.1770124213582836 11.966940160145901
0.1770366188094854 11.96492414535313
0.17706081626068726 11.96290827774208
0.17708501371188906 11.960892557372814
0.17710921116309086 11.95887698430548
0.17713340861429266 11.956861558600343
0.17715760606549447 11.95484628031782
0.17718180351669627 11.952831149518401
0.17720600096789807 11.950816165807407
0.17723019841909987 11.94880132831881
0.17725439587030167 11.946786638493409
0.17727859332150347 11.944772096392182
0.17730279077270528 11.942757702076243
0.17732698822390713 11.94074345560683
0.17735118567510894 11.938729357045311
0.17737538312631074 11.936715406453144
0.17739958057751254 11.934701603891943
0.17742377802871434 11.932687949423425
0.17744797547991614 11.930674443109424
0.17747217293111794 11.928661085011907
0.17749637038231975 11.926647875192957
0.17752056783352155 11.924634813714784
0.17754476528472335 11.922621900639715
0.17756896273592515 11.92060913603019
0.177593160187127 11.91859651994879
0.1776173576383288 11.916584052458218
0.1776415550895306 11.914571733621282
0.1776657525407324 11.912559563500919
0.17768994999193422 11.910547542160188
0.17771414744313602 11.908535669662296
0.17773834489433782 11.906523946070536
0.17776254234553962 11.904512371448345
0.17778673979674142 11.902500945859273
0.17781093724794322 11.900489669367012
0.17783513469914503 11.89847854203536
0.17785933215034688 11.89646756392823
0.17788352960154868 11.894456735109694
0.1779077270527505 11.892446055643923
0.1779319245039523 11.890435525595223
0.1779561219551541 11.888425145027995
0.1779803194063559 11.886414914006817
0.1780045168575577 11.884404832596347
0.1780287143087595 11.88239490086139
0.1780529117599613 11.880385118866872
0.1780771092111631 11.878375486677841
0.1781013066623649 11.876366004359477
0.17812550411356676 11.883852854650991
0.17814970156476856 11.917184088260864
0.17817389901597036 11.950517129633951
0.17819809646717216 11.983851981135693
0.17822229391837396 12.017188645134233
0.17824649136957577 12.050527124000395
0.17827068882077757 12.083867420107692
0.17829488627197937 12.117209535832334
0.17831908372318117 12.150553473553247
0.17834328117438297 12.183899235652044
0.17836747862558477 12.217246824513065
0.17839167607678663 12.250596242523429
0.17841587352798843 12.283947492072759
0.17844007097919024 12.31730057555362
0.17846426843039204 12.35065549536124
0.17848846588159384 12.38401225389358
0.17851266333279564 12.417370853551317
0.17853686078399744 12.450731296737903
0.17856105823519924 12.48409358585952
0.17858525568640105 12.517457723325114
0.17860945313760285 12.550823711546368
0.17863365058880465 12.584191552937755
0.1786578480400065 12.617561249916555
0.1786820454912083 12.650932804902626
0.1787062429424101 12.684306220318804
0.1787304403936119 12.717681498590649
0.1787546378448137 12.751058642146488
0.17877883529601551 12.784437653417447
0.17880303274721732 12.817818535097103
0.17882723019841912 12.851201291182521
0.17885142764962092 12.88458592230722
0.17887562510082272 12.917972430913583
0.17889982255202452 12.951360819446764
0.17892402000322638 12.98475109035484
0.17894821745442818 13.018143246088476
0.17897241490562998 13.051537289101377
0.17899661235683179 13.08493322185004
0.1790208098080336 13.118331046793754
0.1790450072592354 13.151730766394692
0.1790692047104372 13.185132383117834
0.179093402161639 13.218535899431053
0.1791175996128408 13.251941317805047
0.1791417970640426 13.28534864071339
0.1791659945152444 13.318757870632508
0.17919019196644626 13.352169010041798
0.17921438941764806 13.385424079278701
0.17923858686884986 13.418572102244427
0.17926278432005166 13.451720437446877
0.17928698177125346 13.484869084973036
0.17931117922245526 13.518018044909871
0.17933537667365707 13.551167317344332
0.17935957412485887 13.584316902363286
0.17938377157606067 13.617466800053602
0.17940796902726247 13.650617010502085
0.17943216647846427 13.683767533795525
0.17945636392966613 13.716918370020716
0.17948056138086793 13.750069519264226
0.17950475883206973 13.78322098161277
0.17952895628327153 13.816372757152983
0.17955315373447334 13.84952484597144
0.17957735118567514 13.882677248154703
0.17960154863687694 13.915806291296308
0.17962574608807874 13.948588519524495
0.17964994353928054 13.981369335511523
0.17967414099048234 14.014148739565767
0.17969833844168415 14.046926731995441
0.179722535892886 14.079703313108693
0.1797467333440878 14.112478483213268
0.1797709307952896 14.145252242617016
0.1797951282464914 14.178024591627558
0.1798193256976932 14.210795530552343
0.179843523148895 14.243565059698694
0.17986772060009681 14.276333179373772
0.17989191805129862 14.309099889884585
0.17991611550250042 14.341865191537996
0.17994031295370222 14.374629084640736
0.17996451040490402 14.407391569499348
0.17998870785610582 14.440152646420245
0.18001290530730768 14.472912315709785
0.18003710275850948 14.505670577673929
0.18006130020971128 14.538427432618702
0.18008549766091309 14.571182880849939
0.1801096951121149 14.603936922673299
0.1801338925633167 14.636689558394297
0.1801580900145185 14.669440788318317
0.1801822874657203 14.70219061275057
0.1802064849169221 14.734939031996133
0.1802306823681239 14.767686046359929
0.1802548798193257 14.800431656146728
0.18027907727052755 14.833175861661248
0.18030327472172936 14.8659186632078
0.18032747217293116 14.8986600610908
0.18035166962413296 14.931400055614434
0.18037586707533476 14.964138647082724
0.18040006452653656 14.996875835799571
0.18042426197773836 15.029611622068703
0.18044845942894017 15.062346006193719
0.18047265688014197 15.095078988478072
0.18049685433134377 15.127810569225037
0.18052105178254557 15.160540748737777
0.18054524923374743 15.193269527319364
0.18056944668494923 15.225996905272515
0.18059364413615103 15.258722882899992
0.18061784158735283 15.291447460504376
0.18064203903855464 15.324170638388063
0.18066623648975644 15.35689241685334
0.18069043394095824 15.389612796202307
0.18071463139216004 15.422331776736952
0.18073882884336184 15.455049358759108
0.18076302629456364 15.487765542570436
0.18078722374576545 15.520480328472491
0.1808114211969673 15.553193716766732
0.1808356186481691 15.585905707754232
0.1808598160993709 15.618616301736187
0.1808840135505727 15.651325499013543
0.1809082110017745 15.684033299887103
0.1809324084529763 15.716739704657527
0.1809566059041781 15.749444713625325
0.18098080335537992 15.78214832709087
0.18100500080658172 15.814850545354375
0.18102919825778352 15.847551368715939
0.18105339570898532 15.880250797475473
0.18107759316018718 15.912948831932846
0.18110179061138898 15.94564547238756
0.18112598806259078 15.978340719139176
0.18115018551379258 16.011034572487052
0.18117438296499438 16.043727032730395
0.1811985804161962 16.07641810016827
0.181222777867398 16.109107772664927
0.1812469753185998 16.141796052793705
0.1812711727698016 16.174482941004708
0.1812953702210034 16.20716843759644
0.1813195676722052 16.239852542867254
0.18134376512340705 16.272535257115447
0.18136796257460885 16.30521658063891
0.18139216002581066 16.33789651373566
0.18141635747701246 16.37057505670346
0.18144055492821426 16.403252209839966
0.18146475237941606 16.43592797344265
0.18148894983061786 16.46860234780886
0.18151314728181966 16.501275333235814
0.18153734473302147 16.533946930020555
0.18156154218422327 16.566617138460003
0.18158573963542507 16.599285958850956
0.18160993708662693 16.631953392580424
0.18163413453782873 16.664619440425128
0.18165833198903053 16.697284101119305
0.18168252944023233 16.729947374959124
0.18170672689143413 16.76260926224066
0.18173092434263594 16.79526976325979
0.18175512179383774 16.82792887831232
0.18177931924503954 16.86058660769383
0.18180351669624134 16.89324295169984
0.18182771414744314 16.925897910625665
0.18185191159864494 16.958551484766495
0.1818761090498468 16.991203674417488
0.1819003065010486 17.02385447987338
0.1819245039522504 17.056503901429043
0.1819487014034522 17.08915193937909
0.181972898854654 17.099881345856286
0.1819970963058558 17.097464747133262
0.1820212937570576 17.0950482915623
0.1820454912082594 17.09263197910434
0.18206968865946122 17.090215809720355
0.18209388611066302 17.087799783371345
0.18211808356186482 17.085383900018314
0.18214228101306668 17.082968159622272
0.18216647846426848 17.0805525621443
0.18219067591547028 17.078137107545455
0.18221487336667208 17.075721795786816
0.18223907081787388 17.07330662682951
0.18226326826907568 17.070891600634656
0.1822874657202775 17.068476717163403
0.1823116631714793 17.06606197637691
0.1823358606226811 17.063647378236382
0.1823600580738829 17.061232922703017
0.1823842555250847 17.058818609738033
0.18240845297628655 17.056404439302696
0.18243265042748835 17.053990411358264
0.18245684787869015 17.051576525866015
0.18248104532989196 17.049162782787274
0.18250524278109376 17.046749182083357
0.18252944023229556 17.04433572371559
0.18255363768349736 17.04192240764536
0.18257783513469916 17.039509233834043
0.18260203258590096 17.03709620224305
0.18262623003710277 17.0346833128338
0.18265042748830457 17.032270565567718
0.18267462493950642 17.029857960406293
0.18269882239070823 17.027445497311003
0.18272301984191003 17.025033176243337
0.18274721729311183 17.02262099716482
0.18277141474431363 17.020208960037007
0.18279561219551543 17.017797064821426
0.18281980964671724 17.015385311479697
0.18284400709791904 17.01297369997339
0.18286820454912084 17.01056223026413
0.18289240200032264 17.00815090231356
0.18291659945152444 17.005739716083326
0.1829407969027263 17.003328671535122
0.1829649943539281 17.000917768630625
0.1829891918051299 16.998507007331586
0.1830133892563317 16.996096387599692
0.1830375867075335 16.9936859093975
0.1830617841587353 16.991275572686067
0.1830859816099371 16.988865377427125
0.1831101790611389 16.98645532358248
0.1831343765123407 16.98404541111395
0.18315857396354251 16.98163563998343
0.18318277141474432 16.979226010152747
0.18320696886594617 16.976816521583803
0.18323116631714798 16.974407174238515
0.18325536376834978 16.97199796807881
0.18327956121955158 16.969588903066633
0.18330375867075338 16.967179979163955
0.18332795612195518 16.964771196332762
0.18335215357315698 16.962362554535066
0.18337635102435879 16.959954053732876
0.1834005484755606 16.957545693888253
0.1834247459267624 16.955137474963262
0.1834489433779642 16.952729396919967
0.18347314082916605 16.95032145972048
0.18349733828036785 16.947913663326943
0.18352153573156965 16.945506007701475
0.18354573318277145 16.94309849280624
0.18356993063397326 16.940691118603404
0.18359412808517506 16.9382838850552
0.18361832553637686 16.93587679212382
0.18364252298757866 16.93346983977152
0.18366672043878046 16.931063027960523
0.18369091788998226 16.92865635665313
0.18371511534118407 16.92624982581164
0.18373931279238592 16.92384343539835
0.18376351024358772 16.921437185375602
0.18378770769478953 16.919031075705742
0.18381190514599133 16.916625106351155
0.18383610259719313 16.914219277274213
0.18386030004839493 16.91181358843734
0.18388449749959673 16.909408039802962
0.18390869495079853 16.90700263133352
0.18393289240200034 16.90459736299147
0.18395708985320214 16.902192234739328
0.18398128730440394 16.89978724653957
0.1840054847556058 16.897382398354736
0.1840296822068076 16.894977690147368
0.1840538796580094 16.892573121880016
0.1840780771092112 16.89016869351527
0.184102274560413 16.887764405015744
0.1841264720116148 16.88536025634403
0.1841506694628166 16.882956247462772
0.1841748669140184 16.880552378334635
0.1841990643652202 16.878148648922302
0.184223261816422 16.875745059188443
0.18424745926762381 16.8733416090958
0.18427165671882567 16.87093829860707
0.18429585417002747 16.868535127685043
0.18432005162122927 16.866132096292457
0.18434424907243108 16.863729204392147
0.18436844652363288 16.86132645194687
0.18439264397483468 16.858923838919484
0.18441684142603648 16.856521365272826
0.18444103887723828 16.854119030969755
0.18446523632844009 16.851716835973154
0.1844894337796419 16.84931478024594
0.1845136312308437 16.84691286375104
0.18453782868204555 16.844511086451355
0.18456202613324735 16.84210944830988
0.18458622358444915 16.83970794928959
0.18461042103565095 16.83730658935347
0.18463461848685275 16.83490536846455
0.18465881593805455 16.832504286585852
0.18468301338925636 16.830103343680424
0.18470721084045816 16.82770253971136
0.18473140829165996 16.825301874641738
0.18475560574286176 16.822901348434655
0.18477980319406356 16.82050096105326
0.18480400064526542 16.81810071246069
0.18482819809646722 16.81570060262011
0.18485239554766902 16.81330063149471
0.18487659299887083 16.810900799047698
0.18490079045007263 16.80850110524228
0.18492498790127443 16.806101550041713
0.18494918535247623 16.803702133409235
0.18497338280367803 16.80130285530815
0.18499758025487983 16.79890371570174
0.18502177770608164 16.796504714553322
0.18504597515728344 16.794105851826234
0.1850701726084853 16.791707127483818
0.1850943700596871 16.789308541489465
0.1851185675108889 16.786910093806554
0.1851427649620907 16.78451178439848
0.1851669624132925 16.78211361322868
0.1851911598644943 16.779715580260625
0.1852153573156961 16.77731768545773
0.1852395547668979 16.77491992878353
0.1852637522180997 16.772522310201488
0.1852879496693015 16.770124829675144
0.1853121471205033 16.76772748716803
0.18533634457170517 16.7653302826437
0.18536054202290697 16.76293321606573
0.18538473947410877 16.760536287397723
0.18540893692531057 16.758139496603285
0.18543313437651238 16.755742843646054
0.18545733182771418 16.75334632848967
0.18548152927891598 16.750949951097816
0.18550572673011778 16.748553711434155
0.18552992418131958 16.746157609340198
0.18555412163252138 16.74376164502414
0.1855783190837232 16.74136581832746
0.185602516534925 16.73898146316275
0.18562671398612685 16.736694841664896
0.18565091143732865 16.73440826675166
0.18567510888853045 16.732121738431392
0.18569930633973225 16.72983525671245
0.18572350379093405 16.72754882160319
0.18574770124213585 16.725262433111986
0.18577189869333766 16.722976091247187
0.18579609614453946 16.72068979601715
0.18582029359574126 16.718403547430267
0.18584449104694306 16.71611734549488
0.18586868849814486 16.713831190219366
0.18589288594934672 16.711545081612083
0.18591708340054852 16.709259019681426
0.18594128085175032 16.70697300443575
0.18596547830295213 16.70468703588342
0.18598967575415393 16.702401114032824
0.18601387320535573 16.70014009311516
0.18603807065655753 16.697897595054283
0.18606226810775933 16.69565511826598
0.18608646555896113 16.69341266276383
0.18611066301016294 16.6911702285614
0.18613486046136474 16.688927815672262
0.1861590579125666 16.686685424109967
0.1861832553637684 16.684443053888113
0.1862074528149702 16.68220070502026
0.186231650266172 16.679958377519988
0.1862558477173738 16.677716071400877
0.1862800451685756 16.675473786676502
0.1863042426197774 16.67323152336047
0.1863284400709792 16.67098928146633
0.186352637522181 16.668747061007704
0.1863768349733828 16.666504861998163
0.1864010324245846 16.66426268445131
0.18642522987578647 16.66202052838073
0.18644942732698827 16.659778393800025
0.18647362477819007 16.657536280722788
0.18649782222939187 16.655294189162642
0.18652201968059368 16.65305211913317
0.18654621713179548 16.65081007064798
0.18657041458299728 16.648568043720708
0.18659461203419908 16.64632603836493
0.18661880948540088 16.644084054594256
0.18664300693660268 16.641842092422326
0.1866672043878045 16.63960015186274
0.18669140183900634 16.637358232929127
0.18671559929020815 16.63511633563511
0.18673979674140995 16.6328744599943
0.18676399419261175 16.630632606020345
0.18678819164381355 16.628390773726853
0.18681238909501535 16.626148963127463
0.18683658654621715 16.6239071742358
0.18686078399741896 16.621665407065514
0.18688498144862076 16.619423661630233
0.18690917889982256 16.617181937943595
0.18693337635102436 16.61494023601924
0.18695757380222622 16.612698555870814
0.18698177125342802 16.61045689751197
0.18700596870462982 16.60821526095635
0.18703016615583162 16.605973646217606
0.18705436360703342 16.60373205330939
0.18707856105823523 16.601490482245357
0.18710275850943703 16.59924893303916
0.18712695596063883 16.597007405704467
0.18715115341184063 16.594765900254945
0.18717535086304243 16.59252441670423
0.18719954831424424 16.590282955066016
0.1872237457654461 16.58804151535395
0.1872479432166479 16.58580009758173
0.1872721406678497 16.583558701763003
0.1872963381190515 16.581317327911453
0.1873205355702533 16.579075976040762
0.1873447330214551 16.576834646164606
0.1873689304726569 16.574593338296662
0.1873931279238587 16.57235205245061
0.1874173253750605 16.570110788640154
0.1874415228262623 16.56786954687897
0.1874657202774641 16.565628327180743
0.18748991772866597 16.563387129559167
0.18751411517986777 16.56114595402795
0.18753831263106957 16.558904800600786
0.18756251008227137 16.556663669291375
0.18758670753347317 16.554422560113395
0.18761090498467498 16.552181473080562
0.18763510243587678 16.549940408206606
0.18765929988707858 16.547699365505206
0.18768349733828038 16.54545834499008
0.18770769478948218 16.543217346674947
0.18773189224068398 16.54097637057351
0.18775608969188584 16.53873541669949
0.18778028714308764 16.536494485066616
0.18780448459428944 16.534253575688602
0.18782868204549125 16.532012688579172
0.18785287949669305 16.529771823752043
0.18787707694789485 16.527530981220963
0.18790127439909665 16.52529016099965
0.18792547185029845 16.523049363101823
0.18794966930150026 16.520808587541232
0.18797386675270206 16.518567834331623
0.18799806420390386 16.51632710348672
0.18802226165510572 16.514086395020254
0.18804645910630752 16.51184570894598
0.18807065655750932 16.50960504527766
0.18809485400871112 16.507364404029016
0.18811905145991292 16.505123785213815
0.18814324891111472 16.502883188845797
0.18816744636231653 16.500642614938723
0.18819164381351833 16.49840206350634
0.18821584126472013 16.496161534562418
0.18824003871592193 16.493921028120717
0.18826423616712373 16.49168054419499
0.1882884336183256 16.48944008279901
0.1883126310695274 16.487199643946553
0.1883368285207292 16.484959227651363
0.188361025971931 16.482718833927237
0.1883852234231328 16.480478462787936
0.1884094208743346 16.478238114247237
0.1884336183255364 16.475997788318924
0.1884578157767382 16.473757485016776
0.18848201322794 16.47151720435457
0.1885062106791418 16.469276946346103
0.1885304081303436 16.467036711005143
0.18855460558154546 16.464796498345482
0.18857880303274727 16.46255630838093
0.18860300048394907 16.46031614112527
0.18862719793515087 16.458075996592292
0.18865139538635267 16.4558358747958
0.18867559283755447 16.45359577574961
0.18869979028875628 16.45135569946748
0.18872398773995808 16.44911564596326
0.18874818519115988 16.446875615250732
0.18877238264236168 16.44463560734371
0.18879658009356348 16.442395622256015
0.18882077754476534 16.440155660001444
0.18884497499596714 16.437915720593818
0.18886917244716894 16.43567580404697
0.18889336989837074 16.433435910374694
0.18891756734957255 16.431196039590823
0.18894176480077435 16.42895619170919
0.18896596225197615 16.426716366743616
0.18899015970317795 16.424476564707923
0.18901435715437975 16.422236785615944
0.18903855460558155 16.419997029481515
0.18906275205678336 16.417757296318477
0.1890869495079852 16.41551758614064
0.18911114695918702 16.41327789896188
0.18913534441038882 16.411038234796024
0.18915954186159062 16.408798593656893
0.18918373931279242 16.406558975558376
0.18920793676399422 16.404319380514277
0.18923213421519602 16.40207980853849
0.18925633166639783 16.40945996663483
0.18928052911759963 16.454800742957783
0.18930472656880143 16.50014034946343
0.18932892402000323 16.545478785922967
0.1893531214712051 16.590816052107726
0.1893773189224069 16.636152147788764
0.1894015163736087 16.6814870727375
0.1894257138248105 16.726820826725287
0.1894499112760123 16.772153409523515
0.1894741087272141 16.817484820903644
0.1894983061784159 16.86281506063714
0.1895225036296177 16.908144128495536
0.1895467010808195 16.953472024250402
0.1895708985320213 16.99879874767334
0.1895950959832231 17.044124298536023
0.18961929343442496 17.089448676610246
0.18964349088562676 17.134771881667547
0.18966768833682857 17.180093913479812
0.18969188578803037 17.225414771818876
0.18971608323923217 17.2707344564566
0.18974028069043397 17.316052967164918
0.18976447814163577 17.36137030371578
0.18978867559283757 17.406686465881194
0.18981287304403938 17.452001453433198
0.18983707049524118 17.49731526614389
0.18986126794644298 17.542627903785412
0.18988546539764484 17.587939366130033
0.18990966284884664 17.633249652949793
0.18993386030004844 17.67855876401702
0.18995805775125024 17.72386669910406
0.18998225520245204 17.769173457983264
0.19000645265365385 17.814479040427027
0.19003065010485565 17.859783446207786
0.19005484755605745 17.905086675098055
0.19007904500725925 17.950388726870322
0.19010324245846105 17.995689601297197
0.19012743990966285 18.0409892981513
0.1901516373608647 18.08628781720538
0.1901758348120665 18.131585158231957
0.19020003226326831 18.17688132100389
0.19022422971447012 18.22217630529397
0.19024842716567192 18.26747011087505
0.19027262461687372 18.312762737520007
0.19029682206807552 18.35805418500179
0.19032101951927732 18.403344453093357
0.19034521697047913 18.448633541567762
0.19036941442168093 18.49392145019806
0.19039361187288273 18.53920817875735
0.19041780932408459 18.584493727018906
0.1904420067752864 18.62977809475574
0.1904662042264882 18.675061281741176
0.19049040167769 18.72034328774852
0.1905145991288918 18.765624112551134
0.1905387965800936 18.810903755922386
0.1905629940312954 18.856182217635702
0.1905871914824972 18.90145949746456
0.190611388933699 18.9467355951825
0.1906355863849008 18.99201051056307
0.1906597838361026 19.03728424337989
0.19068398128730446 19.082556793406727
0.19070817873850626 19.12782816041707
0.19073237618970806 19.173098344184794
0.19075657364090987 19.21836734448367
0.19078077109211167 19.263635161087564
0.19080496854331347 19.308901793770342
0.19082916599451527 19.35416724230597
0.19085336344571707 19.39943150646842
0.19087756089691887 19.444694586031687
0.19090175834812068 19.489956480769877
0.19092595579932248 19.535217190457118
0.19095015325052433 19.580476714867665
0.19097435070172614 19.625735053775525
0.19099854815292794 19.67099220695505
0.19102274560412974 19.716248174180574
0.19104694305533154 19.76150295522642
0.19107114050653334 19.806756549867025
0.19109533795773515 19.8520089578768
0.19111953540893695 19.897260179030265
0.19114373286013875 19.942510213101944
0.19116793031134055 19.987759059866427
0.19119212776254235 20.033006719098346
0.19121632521374415 20.07848322879288
0.191240522664946 20.124070826366747
0.1912647201161478 20.169658846399322
0.19128891756734961 20.215247289099867
0.19131311501855142 20.260836154677524
0.19133731246975322 20.306425443341432
0.19136150992095502 20.352015155300727
0.19138570737215682 20.397605290764503
0.19140990482335862 20.443195849941898
0.19143410227456042 20.488786833042013
0.19145829972576223 20.534378240273902
0.19148249717696403 20.579970071846677
0.19150669462816589 20.625562327969494
0.1915308920793677 20.67115500885122
0.1915550895305695 20.71674811470099
0.1915792869817713 20.762341645727865
0.1916034844329731 20.80800381801762
0.1916276818841749 20.85407346017896
0.1916518793353767 20.90014622170217
0.1916760767865785 20.94622210751859
0.1917002742377803 20.99230112256656
0.1917244716889821 21.03838327179133
0.1917486691401839 21.08446856014514
0.19177286659138576 21.130556992587376
0.19179706404258756 21.17664857408405
0.19182126149378936 21.222743309608557
0.19184545894499117 21.26884120414118
0.19186965639619297 21.31494226266928
0.19189385384739477 21.36104649018729
0.19191805129859657 21.407153891696723
0.19194224874979837 21.447500744635313
0.19196644620100017 21.455601885161155
0.19199064365220198 21.463704118648895
0.19201484110340378 21.471807446515136
0.19203903855460563 21.47991187017872
0.19206323600580744 21.488017391060538
0.19208743345700924 21.496124010583774
0.19211163090821104 21.50423173017372
0.19213582835941284 21.512340551257864
0.19216002581061464 21.520450475265875
0.19218422326181644 21.52856150362961
0.19220842071301825 21.536673637783114
0.19223261816422005 21.544786879162633
0.19225681561542185 21.552901229206608
0.19228101306662365 21.56101668935567
0.1923052105178255 21.569133261052713
0.1923294079690273 21.577250945742755
0.1923536054202291 21.585369744873102
0.19237780287143091 21.59348965989326
0.19240200032263272 21.601610692254965
0.19242619777383452 21.60973284341217
0.19245039522503632 21.61785611482109
0.19247459267623812 21.62598050794015
0.19249879012743992 21.63410602423002
0.19252298757864172 21.642232665153657
0.19254718502984353 21.65036043217622
0.19257138248104538 21.658489326765178
0.19259557993224719 21.66661935039019
0.192619777383449 21.674750504523235
0.1926439748346508 21.682882790638548
0.1926681722858526 21.69101621021267
0.1926923697370544 21.699150764724358
0.1927165671882562 21.70728645565471
0.192740764639458 21.71542328448708
0.1927649620906598 21.72356125270712
0.1927891595418616 21.731700361802783
0.1928133569930634 21.739840613264352
0.19283755444426526 21.747982008584383
0.19286175189546706 21.75612454925773
0.19288594934666886 21.764268236781593
0.19291014679787066 21.77241307265549
0.19293434424907246 21.78055905838126
0.19295854170027427 21.788706195463078
0.19298273915147607 21.79685448540742
0.19300693660267787 21.805003929723153
0.19303113405387967 21.81315452992146
0.19305533150508147 21.821306287515856
0.19307952895628328 21.829459204022253
0.19310372640748513 21.83761328095891
0.19312792385868693 21.845768519846377
0.19315212130988874 21.85392492220766
0.19317631876109054 21.862082489568117
0.19320051621229234 21.87024122345546
0.19322471366349414 21.878401125399794
0.19324891111469594 21.886562196933617
0.19327310856589774 21.894724439591815
0.19329730601709955 21.90288785491166
0.19332150346830135 21.911052444432816
0.19334570091950315 21.919218209697405
0.193369898370705 21.92738515224992
0.1933940958219068 21.93555327363724
0.1934182932731086 21.943722575408717
0.1934424907243104 21.951893059116088
0.1934666881755122 21.960064726313558
0.19349088562671402 21.968237578557737
0.19351508307791582 21.97641161740768
0.19353928052911762 21.984586844424914
0.19356347798031942 21.992763261173362
0.19358767543152122 22.000940869219463
0.19361187288272302 22.00911967013207
0.19363607033392488 22.0172996654825
0.19366026778512668 22.025480856844577
0.19368446523632848 22.033663245794543
0.1937086626875303 22.04184683391116
0.1937328601387321 22.050031622775688
0.1937570575899339 22.058217613971838
0.1937812550411357 22.06640480908581
0.1938054524923375 22.07459320970636
0.1938296499435393 22.082782817424686
0.1938538473947411 22.090973633834523
0.1938780448459429 22.09916566053213
0.19390224229714476 22.10735889911627
0.19392643974834656 22.115553351188208
0.19395063719954836 22.123749018351777
0.19397483465075016 22.131945902213328
0.19399903210195196 22.14014400438177
0.19402322955315376 22.148343326468527
0.19404742700435557 22.156543870087578
0.19407162445555737 22.164745636855493
0.19409582190675917 22.17294862839135
0.19412001935796097 22.181152846316817
0.19414421680916277 22.189358292256156
0.19416841426036463 22.197564967836193
0.19419261171156643 22.205772874686282
0.19421680916276823 22.21398201443841
0.19424100661397004 22.22219238872716
0.19426520406517184 22.230403999189722
0.19428940151637364 22.238616847465853
0.19431359896757544 22.246830935197934
0.19433779641877724 22.255046264030955
0.19436199386997904 22.263262835612533
0.19438619132118085 22.271480651592903
0.19441038877238265 22.279699712059234
0.1944345862235845 22.28792001814475
0.1944587836747863 22.296141573585928
0.1944829811259881 22.304364380043495
0.1945071785771899 22.312588439180907
0.1945313760283917 22.320813752664197
0.1945555734795935 22.32904032216212
0.19457977093079531 22.337268149346055
0.19460396838199712 22.34549723589005
0.19462816583319892 22.35372758347089
0.19465236328440072 22.361959193767976
0.19467656073560252 22.370192068463425
0.19470075818680438 22.378426209242054
0.19472495563800618 22.386661617791347
0.19474915308920798 22.39489829580153
0.19477335054040978 22.403136244965506
0.19479754799161159 22.41137546697894
0.1948217454428134 22.41961596689163
0.1948459428940152 22.427857743440473
0.194870140345217 22.43610079795186
0.1948943377964188 22.444345132132376
0.1949185352476206 22.45259074769134
0.1949427326988224 22.4608376463408
0.19496693015002425 22.469085829795635
0.19499112760122606 22.47733529977337
0.19501532505242786 22.485586057994354
0.19503952250362966 22.493838106181716
0.19506371995483146 22.502091446061378
0.19508791740603326 22.510346079362012
0.19511211485723506 22.518602007815062
0.19513631230843687 22.52685923315482
0.19516050975963867 22.535117757118325
0.19518470721084047 22.543377581445476
0.19520890466204227 22.551638707878936
0.19523310211324413 22.559901138164225
0.19525729956444593 22.568164874049646
0.19528149701564773 22.57642991728635
0.19530569446684953 22.58469626962834
0.19532989191805133 22.59296393283245
0.19535408936925314 22.601232908658332
0.19537828682045494 22.60950319886853
0.19540248427165674 22.61777480522843
0.19542668172285854 22.62604772950628
0.19545087917406034 22.634321973473202
0.19547507662526215 22.642597538903214
0.195499274076464 22.650874427573175
0.1955234715276658 22.65915264126285
0.1955476689788676 22.66743218175491
0.1955718664300694 22.67571305083493
0.1955960638812712 22.68399525029136
0.195620261332473 22.692278781915586
0.1956444587836748 22.7005636475019
0.19566865623487661 22.708849848847564
0.19569285368607842 22.717137387752686
0.19571705113728022 22.72542626602037
0.19574124858848202 22.733716485456654
0.19576544603968388 22.74200804787054
0.19578964349088568 22.750300955073925
0.19581384094208748 22.75859520888172
0.19583803839328928 22.766890811111786
0.19586223584449108 22.77518776358497
0.19588643329569289 22.783486068125086
0.1959106307468947 22.79178572655892
0.1959348281980965 22.800086740716296
0.1959590256492983 22.80838911242998
0.1959832231005001 22.816692843535755
0.1960074205517019 22.824997935872457
0.19603161800290375 22.833304391281917
0.19605581545410555 22.84161221160894
0.19608001290530735 22.849921398701397
0.19610421035650916 22.858231954410236
0.19612840780771096 22.866543880589383
0.19615260525891276 22.874857179095866
0.19617680271011456 22.88317185178969
0.19620100016131636 22.891487900534013
0.19622519761251817 22.899805327195008
0.19624939506371997 22.908124133641916
0.19627359251492177 22.916444321747093
0.19629778996612363 22.92476589338596
0.19632198741732543 22.93308885043699
0.19634618486852723 22.94141319478186
0.19637038231972903 22.94973892830526
0.19639457977093083 22.958066052895013
0.19641877722213263 22.96502355810993
0.19644297467333444 22.971585435282787
0.19646717212453624 22.978147280958456
0.19649136957573804 22.984709095177145
0.19651556702693984 22.99127087797905
0.19653976447814164 22.99783262940423
0.1965639619293435 23.00439434949271
0.1965881593805453 23.01095603828437
0.1966123568317471 23.017517695819123
0.1966365542829489 23.02407932213672
0.1966607517341507 23.030640917276855
0.1966849491853525 23.037202481279188
0.1967091466365543 23.043764014183242
0.1967333440877561 23.05032551602852
0.19675754153895791 23.056886986854405
0.19678173899015972 23.063448426700226
0.19680593644136152 23.06968769266518
0.19683013389256332 23.07493794748924
0.19685433134376518 23.080191312864322
0.19687852879496698 23.08544778154677
0.19690272624616878 23.090707346317608
0.19692692369737058 23.095969999982465
0.19695112114857238 23.10123573537145
0.19697531859977419 23.106504545339103
0.196999516050976 23.111776422764187
0.1970237135021778 23.117051360549723
0.1970479109533796 23.122329351622806
0.1970721084045814 23.127610388934517
0.1970963058557832 23.132894465459845
0.19712050330698505 23.138181574197592
0.19714470075818685 23.143471708170182
0.19716889820938865 23.14876486042376
0.19719309566059046 23.154061024027932
0.19721729311179226 23.15936019207571
0.19724149056299406 23.164662357683426
0.19726568801419586 23.16996751399066
0.19728988546539766 23.175275654160085
0.19731408291659946 23.180586771377452
0.19733828036780127 23.185900858851422
0.19736247781900307 23.19121790981356
0.19738667527020493 23.196537917518125
0.19741087272140673 23.20186087524207
0.19743507017260853 23.207186776284917
0.19745926762381033 23.212515613968716
0.19748346507501213 23.21784738163784
0.19750766252621393 23.22318207265903
0.19753185997741574 23.228519680421186
0.19755605742861754 23.233860198335385
0.19758025487981934 23.23920361983472
0.19760445233102114 23.244549939070918
0.19762864978222294 23.24989915190562
0.1976528472334248 23.25525124874197
0.1976770446846266 23.260606223100392
0.1977012421358284 23.265964068522884
0.1977254395870302 23.271324778572964
0.197749637038232 23.27668834683554
0.1977738344894338 23.282054766916946
0.1977980319406356 23.28742403244468
0.1978222293918374 23.292796137067477
0.1978464268430392 23.298171074455144
0.19787062429424102 23.30354883829848
0.19789482174544282 23.308929422309202
0.19791901919664467 23.314312820219886
0.19794321664784648 23.319699025783855
0.19796741409904828 23.325088032775085
0.19799161155025008 23.330479834988193
0.19801580900145188 23.3358744238414
0.19804000645265368 23.341271794306536
0.19806420390385548 23.346671941513595
0.1980884013550573 23.352074859338686
0.1981125988062591 23.357480541678115
0.1981367962574609 23.362888982448258
0.1981609937086627 23.368300175585567
0.19818519115986455 23.373714115046443
0.19820938861106635 23.379130794807114
0.19823358606226815 23.38455020886366
0.19825778351346995 23.389972351231858
0.19828198096467176 23.39539721594712
0.19830617841587356 23.40082479706445
0.19833037586707536 23.406255088658323
0.19835457331827716 23.41168808482261
0.19837877076947896 23.417123779670543
0.19840296822068076 23.422562167334625
0.19842716567188257 23.42800324196652
0.19845136312308442 23.43344699773704
0.19847556057428623 23.438893428835968
0.19849975802548803 23.444342529472127
0.19852395547668983 23.449794293873204
0.19854815292789163 23.45524871628567
0.19857235037909343 23.46070579097481
0.19859654783029523 23.466165512224542
0.19862074528149704 23.471627874337347
0.19864494273269884 23.477092871634312
0.19866914018390064 23.482560498454934
0.19869333763510244 23.48803074915711
0.1987175350863043 23.493503618117053
0.1987417325375061 23.498979099729215
0.1987659299887079 23.504457188406217
0.1987901274399097 23.5099378785788
0.1988143248911115 23.515421164695745
0.1988385223423133 23.520907041223786
0.1988627197935151 23.52544046452203
0.1988869172447169 23.529321448420944
0.1989111146959187 23.53320527888138
0.1989353121471205 23.537091949654467
0.19895950959832231 23.54098145451152
0.19898370704952417 23.54487378724384
0.19900790450072597 23.54876894166266
0.19903210195192778 23.552666911599164
0.19905629940312958 23.5565676909043
0.19908049685433138 23.560471273448762
0.19910469430553318 23.564377653122914
0.19912889175673498 23.568286823836676
0.19915308920793678 23.572198779519496
0.19917728665913859 23.576113514120244
0.1992014841103404 23.580031021607162
0.1992256815615422 23.583951295967772
0.19924987901274405 23.587874331208802
0.19927407646394585 23.591800121356126
0.19929827391514765 23.595728660454675
0.19932247136634945 23.599659942568387
0.19934666881755125 23.603593961780142
0.19937086626875306 23.60753071219161
0.19939506371995486 23.61147018792331
0.19941926117115666 23.615412383114435
0.19944345862235846 23.619357291922817
0.19946765607356026 23.62330490852486
0.19949185352476206 23.627255227115484
0.19951605097596392 23.63120824190868
0.19954024842716572 23.635163947137418
0.19956444587836752 23.639122337049688
0.19958864332956933 23.643083405913696
0.19961284078077113 23.647047148015844
0.19963703823197293 23.65101355766052
0.19966123568317473 23.65498262917021
0.19968543313437653 23.658954356885314
0.19970963058557833 23.662928735164137
0.19973382803678014 23.666905758382796
0.19975802548798194 23.670885420935143
0.1997822229391838 23.67486771723276
0.1998064203903856 23.678852641704747
0.1998306178415874 23.682840188797854
0.1998548152927892 23.686830352976276
0.199879012743991 23.690823128721632
0.1999032101951928 23.694818510532926
0.1999274076463946 23.698816492926415
0.1999516050975964 23.70281707043562
0.1999758025487982 23.70682023761118
0.2 23.710825989020886
