0.05 0.10201390725665886
0.05002419745120181 0.10283720110558946
0.05004839490240361 0.10366047997849945
0.05007259235360542 0.10448374386734313
0.05009678980480723 0.10530699276407447
0.05012098725600904 0.10613022666064785
0.05014518470721084 0.10695344554901783
0.05016938215841265 0.10777664942113975
0.05019357960961446 0.10859983826896868
0.05021777706081627 0.1094230120844601
0.05024197451201807 0.11024617085956959
0.05026617196321988 0.11106931458625369
0.050290369414421686 0.11189244325646844
0.05031456686562349 0.1127155568621703
0.050338764316825296 0.11353865539531656
0.050362961768027105 0.11436173884786413
0.050387159219228914 0.11518480721177053
0.050411356670430715 0.11605951726698534
0.050435554121632524 0.11699261816304068
0.05045975157283433 0.11792570197801708
0.050483949024036134 0.11885876870279743
0.05050814647523794 0.11979181832826577
0.05053234392643975 0.12072485084530556
0.05055654137764156 0.12165786624480093
0.05058073882884336 0.12259086451763608
0.05060493628004517 0.1235238456546962
0.05062913373124698 0.12445680964686609
0.05065333118244879 0.125389756485031
0.05067752863365059 0.12632268616007644
0.0507017260848524 0.12725559866288894
0.05072592353605421 0.12818849398435433
0.05075012098725601 0.12912137211535918
0.05077431843845782 0.1300542330467907
0.050798515889659626 0.13098707676953603
0.050822713340861435 0.13200475508266976
0.05084691079206324 0.1330279588871913
0.050871108243265045 0.13405114382898048
0.050895305694466854 0.1350743098980427
0.05091950314566866 0.13609745708438392
0.050943700596870464 0.13712058537801028
0.05096789804807227 0.13814369476892907
0.05099209549927408 0.13916678524714704
0.05101629295047588 0.1401898568026713
0.05104049040167769 0.1412129094255102
0.0510646878528795 0.1422359431056715
0.05108888530408131 0.14325895783316364
0.05111308275528311 0.14428195359799525
0.05113728020648492 0.14530493039017586
0.05116147765768673 0.14632788819971476
0.05118567510888853 0.1473508270166215
0.05120987256009034 0.14842508013555944
0.05123407001129215 0.14957379625758235
0.051258267462493956 0.15072249107928684
0.05128246491369576 0.15187116458945502
0.051306662364897566 0.15301981677687063
0.051330859816099375 0.15416844763031665
0.051355057267301184 0.15531705713857694
0.051379254718502985 0.1564656452904353
0.051403452169704794 0.15761421207467705
0.0514276496209066 0.1587627574800867
0.051451847072108405 0.15991128149544934
0.05147604452331021 0.16105978410955135
0.05150024197451202 0.16220826531117852
0.05152443942571383 0.16335672508911753
0.05154863687691563 0.16450516343215477
0.05157283432811744 0.1656535803290784
0.05159703177931925 0.1668019757686756
0.05162122923052106 0.16807999663437226
0.05164542668172286 0.16937612041634117
0.05166962413292467 0.17067222001553678
0.05169382158412648 0.1719682954193056
0.05171801903532828 0.17326434661499462
0.05174221648653009 0.17456037358995244
0.051766413937731896 0.17585637633152681
0.051790611388933705 0.17715235482706654
0.05181480884013551 0.1784483090639203
0.051839006291337315 0.17974423902943854
0.051863203742539124 0.18104014471097077
0.051887401193740926 0.18233602609586722
0.051911598644942734 0.18363188317147947
0.05193579609614454 0.18492771592515853
0.05195999354734635 0.18622352434425635
0.05198419099854815 0.1875193084161247
0.05200838844974996 0.18897378556946343
0.05203258590095177 0.19072735403593294
0.05205678335215358 0.19248088972842017
0.05208098080335538 0.19423439262981065
0.05210517825455719 0.1959878627229435
0.052129375705759 0.19774129999075063
0.0521535731569608 0.19949470441612227
0.05217777060816261 0.20124807598194777
0.05220196805936442 0.20300141467111554
0.052226165510566226 0.2047547204665151
0.05225036296176803 0.20650799335103645
0.05227456041296984 0.20826123330757101
0.052298757864171645 0.2100144403190101
0.052322955315373454 0.21176761436824543
0.052347152766575256 0.2135207554381693
0.052371350217777064 0.215273863511676
0.05239554766897887 0.21702693857165867
0.052419745120180675 0.2190032616332169
0.05244394257138248 0.22102994802290085
0.05246814002258429 0.22305665492361787
0.0524923374737861 0.22508338226521277
0.0525165349249879 0.22711012997755445
0.05254073237618971 0.22913689799053788
0.05256492982739152 0.2311636862340809
0.05258912727859333 0.23319049463812602
0.05261332472979513 0.2352173231326399
0.05263752218099694 0.23724417164761508
0.05266171963219875 0.23927104011306666
0.05268591708340055 0.24129792845903433
0.05271011453460236 0.24332483661558327
0.052734311985804166 0.24535176451280183
0.052758509437005975 0.24737871208080278
0.05278270688820778 0.24940567924972265
0.052806904339409586 0.25152248350057616
0.052831101790611394 0.2538643022229174
0.052855299241813196 0.2562061890990294
0.052879496693015005 0.2585481438815771
0.05290369414421681 0.26089016632343187
0.05292789159541862 0.26323225617767415
0.052952089046620424 0.2655744131975914
0.05297628649782223 0.2679166371366804
0.05300048394902404 0.27025892774864296
0.05302468140022584 0.2726012847873873
0.05304887885142765 0.27494370800702966
0.05307307630262946 0.27728619716189046
0.05309727375383127 0.2796287520064954
0.05312147120503307 0.2819713722955746
0.05314566865623488 0.2843140577840647
0.05316986610743669 0.28665680822710427
0.053194063558638496 0.2889996233800363
0.0532182610098403 0.2916143137195254
0.05324245846104211 0.2943174408515224
0.053266655912243915 0.2970206434093364
0.05329085336344572 0.29972392111054363
0.053315050814647526 0.30242727367868666
0.053339248265849334 0.3051307008204007
0.05336344571705114 0.30783420225964353
0.053387643168252945 0.31053777771492536
0.053411840619454753 0.31324142690499107
0.05343603807065656 0.31594514954881503
0.05346023552185837 0.3186489453656037
0.05348443297306017 0.3213528140747937
0.05350863042426198 0.32405675539605455
0.05353282787546379 0.3267607690492828
0.05355702532666559 0.32946485475460524
0.0535812227778674 0.3321690122323791
0.05360542022906921 0.3348018685165062
0.05362961768027102 0.33718753464140766
0.05365381513147282 0.3395732619317956
0.05367801258267463 0.3419590501427179
0.05370221003387644 0.3443448990294187
0.053726407485078245 0.3467308083473416
0.05375060493628005 0.34911677785212636
0.053774802387481856 0.35150280729961236
0.053798999838683664 0.35388889644583393
0.053823197289885466 0.3562750450470217
0.053847394741087275 0.3586612528596042
0.05387159219228908 0.36104751964020404
0.05389578964349089 0.36343384514563937
0.053919987094692694 0.3658202291329226
0.0539441845458945 0.3682066713592625
0.05396838199709631 0.3705931715820601
0.05399257944829812 0.37297972955891057
0.05401677689949992 0.37533664293755387
0.05404097435070173 0.3776804591493118
0.05406517180190354 0.38002431243804796
0.05408936925310534 0.38236820265818905
0.05411356670430715 0.38471212966424756
0.05413776415550896 0.3870560933108156
0.05416196160671076 0.38940009345256926
0.05418615905791257 0.3917441299442675
0.05421035650911438 0.3940882026407518
0.054234553960316186 0.3964323113969447
0.054258751411517994 0.3987764560678517
0.054282948862719796 0.40112063650856
0.054307146313921605 0.40346485257424036
0.05433134376512341 0.40580910412014326
0.054355541216325215 0.40815339100160125
0.054379738667527024 0.41049771307402944
0.05440393611872883 0.41288063024753746
0.054428133569930634 0.41546204084418614
0.05445233102113244 0.418043433060199
0.05447652847233425 0.4206248068688129
0.05450072592353606 0.4232061622432632
0.05452492337473786 0.42578749915678543
0.05454912082593967 0.42836881758261636
0.05457331827714148 0.43095011749399076
0.05459751572834329 0.4335313988641435
0.05462171317954509 0.436112661666308
0.0546459106307469 0.4386939058737206
0.05467010808194871 0.441275131459614
0.05469430553315051 0.4438563383972216
0.05471850298435232 0.4464375266597775
0.054742700435554126 0.4490186962205143
0.054766897886755934 0.4515998470526646
0.054791095337957736 0.45418097912946004
0.054815292789159545 0.4569310633812372
0.054839490240361354 0.459779515519978
0.05486368769156316 0.4626279470380448
0.054887885142764964 0.4654763579014832
0.05491208259396677 0.46832474808297186
0.05493628004516858 0.4711731175529714
0.05496047749637038 0.4740214662819407
0.05498467494757219 0.4768697942403416
0.055008872398774 0.47971810139863263
0.05503306984997581 0.4825663877272733
0.05505726730117761 0.48541465319672167
0.05508146475237942 0.488262897777438
0.05510566220358123 0.49111112143987945
0.05512985965478304 0.4939593241545041
0.05515405710598484 0.4968075058917686
0.05517825455718665 0.49965566662213157
0.055202452008388456 0.5025598788724965
0.05522664945959026 0.5059613430290362
0.055250846910792066 0.5093627823307484
0.055275044361993875 0.5127641967423544
0.05529924181319568 0.5161655862285764
0.055323439264397485 0.5195669507541347
0.055347636715599294 0.5229682902837525
0.0553718341668011 0.5263696047821493
0.05539603161800291 0.5297708942140456
0.05542022906920471 0.5331721585441597
0.05544442652040652 0.5365733977372139
0.05546862397160833 0.5399746117579252
0.05549282142281013 0.5433758005710119
0.05551701887401194 0.546776964141194
0.05554121632521375 0.5501781024331884
0.05556541377641555 0.5535792154117113
0.05558961122761736 0.5569803030414815
0.05561380867881917 0.5608193739644871
0.05563800613002098 0.564987945199148
0.055662203581222786 0.5691564856730614
0.05568640103242459 0.5733249953429871
0.055710598483626396 0.5774934741656875
0.055734795934828205 0.5816619220979217
0.055758993386030006 0.5858303390964472
0.055783190837231815 0.5899987251180261
0.055807388288433624 0.5941670801194151
0.055831585739635425 0.5983354040573708
0.055855783190837234 0.6025036968886532
0.05587998064203904 0.6066719585700175
0.05590417809324085 0.6108401890582208
0.05592837554444265 0.6150083883100173
0.05595257299564446 0.6191765562821644
0.05597677044684627 0.6233446929314168
0.05600096789804808 0.6275333944745657
0.05602516534924988 0.6322163729708856
0.05604936280045169 0.6368993163987435
0.0560735602516535 0.641582224709554
0.0560977577028553 0.6462650978547307
0.05612195515405711 0.6509479357856903
0.05614615260525892 0.655630738453846
0.056170350056460726 0.6603135058106113
0.05619454750766253 0.6649962378073969
0.056218744958864336 0.6696789343956181
0.056242942410066145 0.6743615955266852
0.056267139861267954 0.6790442211520098
0.056291337312469755 0.6837268112230005
0.056315534763671564 0.6884093656910706
0.05633973221487337 0.6930918845076279
0.056363929666075174 0.6977743676240805
0.05638812711727698 0.7024568149918391
0.05641232456847879 0.7074337751770704
0.0564365220196806 0.7126944500426754
0.0564607194708824 0.7179550848836636
0.05648491692208421 0.7232156796454486
0.05650911437328602 0.728476234273439
0.05653331182448783 0.7337367487130438
0.05655750927568963 0.7389972229096706
0.05658170672689144 0.7442576568087302
0.05660590417809325 0.7495180503556284
0.05663010162929505 0.7547784034957714
0.05665429908049686 0.7600387161745676
0.056678496531698666 0.7652989883374222
0.056702693982900475 0.7705592199297391
0.056726891434102276 0.7758194108969221
0.056751088885304085 0.7810795611843777
0.056775286336505894 0.7863396707375083
0.0567994837877077 0.7915997395017155
0.056823681238909504 0.7973611506008964
0.05684787869011131 0.8031334464603359
0.05687207614131312 0.8089056976469428
0.05689627359251492 0.814677904100803
0.05692047104371673 0.8204500657620076
0.05694466849491854 0.8262221825706397
0.05696886594612034 0.8319942544667852
0.05699306339732215 0.8377662813905311
0.05701726084852396 0.8435382632819608
0.05704145829972577 0.8493102000811578
0.05706565575092758 0.8550820917282053
0.05708985320212938 0.8608539381631838
0.05711405065333119 0.866625739326179
0.057138248104532996 0.8723974951572699
0.0571624455557348 0.8781692055965358
0.057186643006936606 0.8839408705840596
0.057210840458138415 0.8896140337445818
0.05723503790934022 0.8951658402592465
0.057259235360542025 0.9007176027622386
0.057283432811743834 0.906269321195913
0.05730763026294564 0.9118209955026259
0.057331827714147444 0.9173726256247313
0.05735602516534925 0.9229242115045874
0.05738022261655106 0.9284757530845474
0.05740442006775287 0.9340272503069648
0.05742861751895467 0.9395787031141904
0.05745281497015648 0.9451301114485814
0.05747701242135829 0.9506814752524869
0.05750120987256009 0.9562327944682574
0.0575254073237619 0.9617840690382466
0.05754960477496371 0.9673352989048029
0.05757380222616552 0.9728864840102761
0.05759799967736732 0.9784376242970143
0.05762219712856913 0.9845161857102321
0.057646394579770936 0.9906422313395968
0.057670592030972745 0.9967682276703624
0.05769478948217455 1.0028941746389084
0.057718986933376355 1.0090200721816192
0.057743184384578164 1.015145920234873
0.057767381835779966 1.0212717187350484
0.057791579286981774 1.0273974676185262
0.05781577673818358 1.0335231668216849
0.057839974189385385 1.0396488162808986
0.05786417164058719 1.0457744159325493
0.057888369091789 1.0518999657130101
0.05791256654299081 1.0580254655586574
0.05793676399419262 1.0641509154058661
0.05796096144539442 1.0702763151910086
0.05798515889659623 1.076401664850463
0.05800935634779804 1.082772283450379
0.05803355379899984 1.0895319753535708
0.05805775125020165 1.0962916121186737
0.05808194870140346 1.103051193675473
0.05810614615260526 1.1098107199537546
0.05813034360380707 1.1165701908833092
0.058154541055008876 1.12332960639392
0.058178738506210685 1.1300889664153737
0.058202935957412494 1.1368482708774537
0.058227133408614296 1.1436075197099425
0.058251330859816104 1.1503667128426276
0.05827552831101791 1.1571258502052886
0.058299725762219715 1.1638849317277058
0.05832392321342152 1.1706439573396645
0.05834812066462333 1.1774029269709432
0.058372318115825134 1.18416184055132
0.05839651556702694 1.1909206980105767
0.05842071301822875 1.1982788217818674
0.05844491046943056 1.2057377048905742
0.05846910792063237 1.2131965262628774
0.05849330537183417 1.2206552858212858
0.05851750282303598 1.2281139834883128
0.05854170027423779 1.2355726191864644
0.05856589772543959 1.243031192838247
0.0585900951766414 1.2504897043661718
0.058614292627843206 1.2579481536927424
0.05863849007904501 1.2654065407404635
0.05866268753024682 1.2728648654318433
0.058686884981448625 1.280323127689384
0.058711082432650434 1.2877813274355896
0.05873527988385224 1.2952394645929621
0.058759477335054044 1.3026975390840012
0.05878367478625585 1.3101555508312128
0.05880787223745766 1.3168951449859525
0.058832069688659464 1.3221449847584223
0.05885626713986127 1.3273947788413418
0.05888046459106308 1.3326445271801282
0.05890466204226488 1.337894229720196
0.05892885949346669 1.343143886406965
0.0589530569446685 1.3483934971858498
0.05897725439587031 1.3536430620022657
0.05900145184707211 1.3588925808016268
0.05902564929827392 1.3641420535293505
0.05904984674947573 1.3693914801308484
0.059074044200677536 1.3746408605515357
0.05909824165187934 1.379890194736822
0.05912243910308115 1.3851394826321246
0.059146636554282955 1.3903887241828543
0.05917083400548476 1.3956379193344193
0.059195031456686566 1.4008870680322347
0.059219228907888374 1.405999580298297
0.059243426359090176 1.4110767538558264
0.059267623810291985 1.4161538821613981
0.05929182126149379 1.4212309651622042
0.0593160187126956 1.4263080028054391
0.05934021616389741 1.431384995038296
0.05936441361509921 1.4364619418079656
0.05938861106630102 1.4415388430616445
0.05941280851750283 1.4466156987465217
0.05943700596870463 1.451692508809788
0.05946120341990644 1.4567692731986377
0.05948540087110825 1.4618459918602589
0.05950959832231005 1.4669226647418403
0.05953379577351186 1.471999291790575
0.05955799322471367 1.4770758729536508
0.059582190675915477 1.4821524081782562
0.059606388127117285 1.487309308835129
0.05963058557831909 1.492690339200285
0.059654783029520896 1.498071321014194
0.059678980480722704 1.5034522542208775
0.059703177931924506 1.508833138764358
0.059727375383126315 1.514213974588663
0.05975157283432812 1.5195947616378112
0.059775770285529925 1.5249754998558258
0.059799967736731734 1.5303561891867292
0.05982416518793354 1.5357368295745426
0.05984836263913535 1.5411174209632863
0.05987256009033716 1.5464979632969815
0.05989675754153896 1.551878456519646
0.05992095499274077 1.5572589005753015
0.05994515244394258 1.562639295407965
0.05996934989514438 1.5680196409616562
0.05999354734634619 1.573399937180394
0.060017744797548 1.579016913179869
0.0600419422487498 1.5847199207823222
0.06006613969995161 1.5904228762419883
0.06009033715115342 1.5961257794995287
0.060114534602355225 1.6018286304956064
0.060138732053557034 1.6075314291708838
0.060162929504758836 1.6132341754660215
0.060187126955960644 1.6189368693216841
0.06021132440716245 1.6246395106785316
0.060235521858364255 1.6303420994772224
0.060259719309566064 1.6360446356584195
0.06028391676076787 1.6417471191627815
0.060308114211969674 1.6474495499309665
0.06033231166317148 1.6531519279036349
0.06035650911437329 1.6588542530214447
0.0603807065655751 1.6645565252250527
0.0604049040167769 1.6703254083478167
0.06042910146797871 1.6763564476369337
0.06045329891918052 1.6823873330569927
0.06047749637038233 1.6884180645230353
0.06050169382158413 1.6944486419501015
0.06052589127278594 1.7004790652532356
0.06055008872398775 1.7065093343474782
0.06057428617518955 1.7125394491478703
0.06059848362639136 1.7185694095694586
0.060622681077593166 1.7245992155272842
0.06064687852879497 1.7306288669363905
0.060671075979996776 1.7366583637118251
0.060695273431198585 1.7426877057686314
0.06071947088240039 1.7487168930218544
0.0607436683336022 1.7547459253865418
0.060767865784804004 1.7607748027777366
0.06079206323600581 1.7668035251104914
0.06081626068720762 1.7730686281789683
0.06084045813840942 1.7794489452182352
0.06086465558961123 1.7858290077183858
0.06088885304081304 1.7922088154390434
0.06091305049201484 1.7985883681397676
0.06093724794321665 1.80496766558006
0.06096144539441846 1.8113467075193588
0.06098564284562027 1.8177254937170364
0.06100984029682208 1.8241040239324058
0.06103403774802388 1.8304822979247148
0.06105823519922569 1.8368603154531546
0.061082432650427496 1.8432380762768479
0.0611066301016293 1.8496155801548526
0.061130827552831106 1.8559928268461734
0.061155025004032915 1.8623698161097428
0.061179222455234716 1.8687465477044325
0.061203419906436525 1.875177329156384
0.061227617357638334 1.8819377897173404
0.06125181480884014 1.8886979777813506
0.06127601226004195 1.8954578930928165
0.06130020971124375 1.9022175353960769
0.06132440716244556 1.9089769044262992
0.06134860461364737 1.9157359999459873
0.06137280206484917 1.9224948216900826
0.06139699951605098 1.9292533694026581
0.06142119696725279 1.9360116428277163
0.06144539441845459 1.9427696417091878
0.0614695918696564 1.9495273657909458
0.06149378932085821 1.9562848148167868
0.06151798677206002 1.9630419885304429
0.061542184223261825 1.969798886675577
0.06156638167446363 1.9765555089957847
0.061590579125665436 1.9833118552345956
0.061614776576867245 1.9903164777848614
0.061638974028069046 1.9974792774593797
0.061663171479270855 2.0046417851671303
0.061687368930472664 2.0118040006362623
0.061711566381674465 2.0189659235948523
0.061735763832876274 2.02612755377091
0.06175996128407808 2.033288890892365
0.06178415873527989 2.040449934687081
0.06180835618648169 2.0476106848828417
0.0618325536376835 2.054771141207367
0.06185675108888531 2.061931303388297
0.06188094854008712 2.0690911711532016
0.06190514599128892 2.0762507442295743
0.06192934344249073 2.083410022344841
0.06195354089369254 2.0905690052263513
0.06197773834489434 2.0977276926013784
0.06200193579609615 2.1047892429743587
0.06202613324729796 2.110736847755712
0.06205033069849976 2.1166842016550396
0.06207452814970157 2.1226313044444023
0.062098725600903376 2.1285781558957906
0.062122923052105185 2.134524755781137
0.06214712050330699 2.1404711038723105
0.062171317954508795 2.146417199941113
0.062195515405710604 2.1523630437592947
0.06221971285691241 2.1583086350985314
0.062243910308114214 2.1642539737304407
0.06226810775931602 2.170199059426581
0.06229230521051783 2.176143891958441
0.06231650266171963 2.182088471097448
0.06234070011292144 2.188032796614972
0.06236489756412325 2.1939768682823124
0.06238909501532506 2.199920685870708
0.06241329246652687 2.203708562715094
0.06243748991772867 2.2057278003520704
0.06246168736893048 2.207746932272404
0.06248588482013229 2.2097659583937412
0.06251008227133409 2.211784878633698
0.06253427972253589 2.21380369290987
0.0625584771737377 2.215822401139824
0.06258267462493951 2.217841003241101
0.06260687207614132 2.219859499131218
0.06263106952734313 2.2218778887276622
0.06265526697854493 2.2238961719479002
0.06267946442974674 2.225914348709368
0.06270366188094854 2.2279324189294782
0.06272785933215036 2.229950382525616
0.06275205678335216 2.231968239415141
0.06277625423455396 2.233985989515388
0.06280045168575576 2.2360042282811143
0.06282464913695758 2.238053667723082
0.06284884658815938 2.240102998902386
0.0628730440393612 2.2421522217350587
0.062897241490563 2.244201336137104
0.0629214389417648 2.2462503420245015
0.06294563639296662 2.2482992393132037
0.06296983384416842 2.250348027919133
0.06299403129537022 2.2523967077581912
0.06301822874657204 2.254445278746248
0.06304242619777384 2.256493740799147
0.06306662364897564 2.258542093832709
0.06309082110017745 2.2605903377627268
0.06311501855137926 2.2626384725049604
0.06313921600258107 2.2646864979751515
0.06316341345378287 2.266734414089008
0.06318761090498468 2.268782220762213
0.06321180835618649 2.2708457089890572
0.06323600580738829 2.272925654361927
0.0632602032585901 2.275005488785106
0.06328440070979191 2.277085212172952
0.06330859816099371 2.2791648244397944
0.06333279561219551 2.2812443254999386
0.06335699306339733 2.2833237152676604
0.06338119051459913 2.2854029936572084
0.06340538796580095 2.2874821605828037
0.06342958541700275 2.289561215958638
0.06345378286820455 2.29164015969888
0.06347798031940637 2.293718991717666
0.06350217777060817 2.295797711929107
0.06352637522180997 2.297876320247286
0.06355057267301178 2.2999548165862573
0.06357477012421359 2.3020332008600497
0.06359896757541539 2.3041114729826586
0.0636231650266172 2.3062210455316836
0.063647362477819 2.308331904504071
0.06367155992902082 2.3104426497777424
0.06369575738022262 2.3125532812653433
0.06371995483142442 2.3146637988794945
0.06374415228262624 2.316774202532785
0.06376834973382804 2.3188844921377774
0.06379254718502984 2.3209946676070055
0.06381674463623166 2.3231047288529747
0.06384094208743346 2.3252146757881604
0.06386513953863526 2.327324508325012
0.06388933698983708 2.3294342263759495
0.06391353444103888 2.331543829853362
0.0639377318922407 2.3336533186696133
0.0639619293434425 2.335762692737036
0.0639861267946443 2.337871951967936
0.06401032424584611 2.339995347058885
0.06403452169704792 2.342137775684846
0.06405871914824972 2.344280087886103
0.06408291659945153 2.34642228357358
0.06410711405065334 2.348564362658172
0.06413131150185514 2.350706325050746
0.06415550895305695 2.352848170662137
0.06417970640425875 2.354989899403153
0.06420390385546057 2.357131511184572
0.06422810130666237 2.3592730059171436
0.06425229875786417 2.3614143835115846
0.06427649620906599 2.363555643878587
0.06430069366026779 2.365696786928811
0.06432489111146959 2.3678378125728856
0.06434908856267141 2.3699787207214147
0.06437328601387321 2.3721195112849682
0.06439748346507501 2.3742601841740876
0.06442168091627683 2.376431012350223
0.06444587836747863 2.378605235224213
0.06447007581868044 2.3807793387985203
0.06449427326988225 2.3829533229822775
0.06451847072108405 2.3851271876845916
0.06454266817228586 2.387300932814541
0.06456686562348767 2.389474558281167
0.06459106307468947 2.391648063993487
0.06461526052589128 2.393821449860488
0.06463945797709308 2.395994715791122
0.06466365542829489 2.398167861694314
0.0646878528794967 2.40034088747896
0.0647120503306985 2.402513793053921
0.06473624778190032 2.404686578328032
0.06476044523310212 2.406859243210093
0.06478464268430392 2.4090317876088787
0.06480884013550574 2.4112167692465336
0.06483303758670754 2.4134234450314196
0.06485723503790934 2.4156299986659775
0.06488143248911116 2.417836430057547
0.06490562994031296 2.4200427391134296
0.06492982739151476 2.422248925740904
0.06495402484271658 2.4244549898472143
0.06497822229391838 2.4266609313395726
0.0650024197451202 2.42886675012516
0.065026617196322 2.431072446111126
0.0650508146475238 2.4332780192045904
0.06507501209872561 2.435483469312642
0.06509920954992741 2.4376887963423353
0.06512340700112922 2.439894000200696
0.06514760445233103 2.442099080794719
0.06517180190353283 2.4443040380313623
0.06519599935473464 2.44650887181756
0.06522019680593645 2.4487427052403743
0.06524439425713825 2.450982182523507
0.06526859170834007 2.4532215346454613
0.06529278915954187 2.4554607615116986
0.06531698661074367 2.457699863027651
0.06534118406194547 2.459938839098722
0.06536538151314729 2.46217768963028
0.06538957896434909 2.464416414527658
0.0654137764155509 2.466655013696163
0.06543797386675271 2.4688934870410635
0.06546217131795451 2.471131834467601
0.06548636876915633 2.473370055880982
0.06551056622035813 2.4756081511863797
0.06553476367155994 2.4778461202889384
0.06555896112276174 2.4800839630937657
0.06558315857396355 2.482321679505939
0.06560735602516535 2.4845831678472665
0.06563155347636716 2.486899310497695
0.06565575092756896 2.4892154278956147
0.06567994837877078 2.4915315200134036
0.06570414582997258 2.493847586823431
0.06572834328117438 2.4961636282980755
0.0657525407323762 2.4984796444097115
0.065776738183578 2.5007956351307143
0.06580093563477982 2.503111600433462
0.06582513308598162 2.5054275402903277
0.06584933053718342 2.507743454673692
0.06587352798838522 2.5100593435559326
0.06589772543958704 2.5123752069094305
0.06592192289078884 2.5146910447065607
0.06594612034199065 2.5170068569197084
0.06597031779319246 2.5193226435212486
0.06599451524439426 2.521638404483566
0.06601871269559607 2.522862260339377
0.06604291014679788 2.523766061063199
0.06606710759799969 2.5246698407970687
0.0660913050492015 2.5255735995188333
0.0661155025004033 2.526477337206349
0.0661396999516051 2.5273810538374764
0.06616389740280691 2.528284749390081
0.06618809485400871 2.529188423842032
0.06621229230521053 2.5300920771712105
0.06623648975641233 2.5309957093554925
0.06626068720761413 2.531899320372771
0.06628488465881595 2.5328029102009357
0.06630908211001775 2.5337064788178845
0.06633327956121957 2.534610026201522
0.06635747701242137 2.535513552329759
0.06638167446362317 2.536417057180507
0.06640587191482497 2.536442312814368
0.06643006936602679 2.5337266887915852
0.06645426681722859 2.531011019106276
0.0664784642684304 2.5282953038534135
0.0665026617196322 2.525579543127942
0.06652685917083401 2.5228637370247697
0.06655105662203582 2.520147885638766
0.06657525407323762 2.5174319890647774
0.06659945152443943 2.514716047397606
0.06662364897564124 2.512000060732026
0.06664784642684304 2.5092840291627785
0.06667204387804485 2.506567952784566
0.06669624132924666 2.5038518316920606
0.06672043878044846 2.501135665979903
0.06674463623165028 2.498419455742695
0.06676883368285208 2.4957032010750115
0.06679303113405388 2.492986902071388
0.0668172285852557 2.490304980750965
0.0668414260364575 2.487636939022644
0.0668656234876593 2.4849688535487116
0.06688982093886112 2.482300724422016
0.06691401839006292 2.479632551735374
0.06693821584126472 2.476964335581565
0.06696241329246654 2.474296076053337
0.06698661074366834 2.471627773243407
0.06701080819487015 2.4689594272444566
0.06703500564607195 2.4662910381491385
0.06705920309727376 2.4636226060500688
0.06708340054847556 2.4609541310398324
0.06710759799967737 2.458285613210979
0.06713179545087918 2.455617052656032
0.06715599290208099 2.4529484494674763
0.06718019035328279 2.450279803737766
0.0672043878044846 2.4476197262877744
0.06722858525568641 2.4449984815570653
0.06725278270688821 2.442377194847809
0.06727698015809003 2.439755866250803
0.06730117760929183 2.4371344958568226
0.06732537506049363 2.434513083756597
0.06734957251169543 2.4318916300408384
0.06737376996289725 2.4292701348002144
0.06739796741409905 2.426648598125372
0.06742216486530087 2.4240270201069176
0.06744636231650267 2.421405400835431
0.06747055976770447 2.418783740401459
0.06749475721890628 2.4161620388955134
0.06751895467010809 2.4135402964080788
0.0675431521213099 2.410918513029606
0.0675673495725117 2.408296688850514
0.0675915470237135 2.405674823961192
0.0676157444749153 2.403083299453646
0.06763994192611712 2.4005080457466392
0.06766413937731892 2.3979327518638587
0.06768833682852074 2.3953574178940715
0.06771253427972254 2.392782043926023
0.06773673173092434 2.3902066300484157
0.06776092918212616 2.3876311763499274
0.06778512663332796 2.3850556829192073
0.06780932408452978 2.3824801498448673
0.06783352153573158 2.379904577215493
0.06785771898693338 2.3773289651196396
0.06788191643813518 2.3747533136458268
0.067906113889337 2.372177622882544
0.0679303113405388 2.3696018929182583
0.06795450879174061 2.367026123841395
0.06797870624294242 2.364450315740356
0.06800290369414422 2.3618799605748753
0.06802710114534603 2.3593498404219067
0.06805129859654784 2.3568196817527185
0.06807549604774965 2.3542894846541285
0.06809969349895145 2.3517592492129276
0.06812389095015325 2.349228975515876
0.06814808840135506 2.346698663649706
0.06817228585255687 2.3441683137011124
0.06819648330375867 2.341637925756769
0.06822068075496049 2.339107499903313
0.06824487820616229 2.336577036227358
0.06826907565736409 2.33404653481548
0.06829327310856591 2.331515995754229
0.06831747055976771 2.3289854191301274
0.06834166801096953 2.326454805029661
0.06836586546217133 2.3239241535392936
0.06839006291337313 2.321393464745453
0.06841426036457493 2.3188893203023597
0.06843845781577675 2.3164036618087143
0.06846265526697855 2.313917966493076
0.06848685271818036 2.3114322344403266
0.06851105016938216 2.3089464657353225
0.06853524762058397 2.3064606604628852
0.06855944507178578 2.3039748187078084
0.06858364252298758 2.3014889405548606
0.0686078399741894 2.299003026088776
0.0686320374253912 2.2965170753942634
0.068656234876593 2.294031088556
0.0686804323277948 2.291545065658633
0.06870462977899662 2.289059006786782
0.06872882723019842 2.286572912025042
0.06875302468140024 2.2840867814579684
0.06877722213260204 2.281600615170097
0.06880141958380384 2.2791170049764777
0.06882561703500566 2.2766749448343937
0.06884981448620746 2.274232849429255
0.06887401193740927 2.27179071884408
0.06889820938861108 2.269348553161868
0.06892240683981288 2.266906352465576
0.06894660429101468 2.2644641168381443
0.0689708017422165 2.262021846362479
0.0689949991934183 2.2595795411214596
0.06901919664462011 2.2571372011979345
0.06904339409582191 2.254694826674729
0.06906759154702372 2.2522524176346366
0.06909178899822553 2.24980997416042
0.06911598644942733 2.24736749633482
0.06914018390062915 2.244924984240542
0.06916438135183095 2.24248243796027
0.06918857880303275 2.240039857576655
0.06921277625423455 2.237620184444566
0.06923697370543637 2.23522098562331
0.06926117115663817 2.2328217531311445
0.06928536860783999 2.230422487049241
0.06930956605904179 2.2280231874587484
0.06933376351024359 2.2256238544407867
0.0693579609614454 2.2232244880764425
0.06938215841264721 2.220825088446786
0.06940635586384901 2.2184256556328488
0.06943055331505082 2.21602618971564
0.06945475076625263 2.2136266907761404
0.06947894821745443 2.211227158895305
0.06950314566865624 2.2088275941540574
0.06952734311985805 2.2064279966332987
0.06955154057105986 2.2040283664138944
0.06957573802226166 2.2016287035766933
0.06959993547346346 2.1992290082025097
0.06962413292466528 2.188796884899776
0.06964833037586708 2.178343220695283
0.06967252782706888 2.1678894928727535
0.0696967252782707 2.1574357017648893
0.0697209227294725 2.1469818477043012
0.0697451201806743 2.136527931023473
0.06976931763187612 2.1260739520547833
0.06979351508307792 2.115619911130522
0.06981771253427974 2.1051658085828433
0.06984190998548154 2.0947116447438234
0.06986610743668334 2.0842574199454114
0.06989030488788514 2.073803134519453
0.06991450233908696 2.063348788797686
0.06993869979028876 2.0528943831117537
0.06996289724149057 2.042439917793173
0.06998709469269238 2.0319853931733753
0.07001129214389418 2.0205830207976305
0.07003548959509599 2.0080973972565266
0.0700596870462978 1.9956117081745262
0.07008388449749961 1.9831259539459154
0.07010808194870141 1.970640134964882
0.07013227939990321 1.9581542516254713
0.07015647685110502 1.945668304321602
0.07018067430230683 1.9331822934470648
0.07020487175350863 1.9206962193955437
0.07022906920471045 1.9082100825605697
0.07025326665591225 1.8957238833355754
0.07027746410711405 1.8832376221138474
0.07030166155831587 1.8707512992885444
0.07032585900951767 1.858264915252724
0.07035005646071948 1.8457784703992886
0.07037425391192129 1.8332919651210435
0.07039845136312309 1.8208053998106484
0.07042264881432489 1.8095098255474318
0.0704468462655267 1.7982956353841772
0.07047104371672851 1.787081390443019
0.07049524116793032 1.7758670910766077
0.07051943861913212 1.764652737637508
0.07054363607033393 1.7534383304781536
0.07056783352153574 1.7422238699508654
0.07059203097273754 1.73100935640787
0.07061622842393936 1.719794790201258
0.07064042587514116 1.7085801716830362
0.07066462332634296 1.6973655012050746
0.07068882077754476 1.686150779119143
0.07071301822874658 1.674936005776892
0.07073721567994838 1.6637211815298778
0.0707614131311502 1.6525063067295214
0.070785610582352 1.6412913817271588
0.0708098080335538 1.6305396304033115
0.07083400548475562 1.6204674295893104
0.07085820293595742 1.610395182916574
0.07088240038715923 1.6003228907006226
0.07090659783836104 1.5902505532569031
0.07093079528956284 1.5801781709007423
0.07095499274076464 1.5701057439473747
0.07097919019196645 1.5600332727119288
0.07100338764316826 1.5499607575094503
0.07102758509437007 1.539888198654863
0.07105178254557187 1.529815596463015
0.07107597999677367 1.519742951248636
0.07110017744797549 1.5096702633263583
0.07112437489917729 1.4995975330107307
0.07114857235037911 1.4895247606161819
0.07117276980158091 1.479451946457062
0.07119696725278271 1.4693790908476074
0.07122116470398451 1.4613376221609147
0.07124536215518633 1.4535872069868638
0.07126955960638813 1.4458367571656898
0.07129375705758995 1.4380862729396933
0.07131795450879175 1.4303357545511144
0.07134215195999355 1.4225852022421053
0.07136634941119537 1.4148346162547403
0.07139054686239717 1.4070839968310331
0.07141474431359898 1.3993333442129017
0.07143894176480078 1.391582658642206
0.07146313921600259 1.3838319403607178
0.07148733666720439 1.3760811896101357
0.0715115341184062 1.3683304066320796
0.071535731569608 1.3605795916681065
0.07155992902080982 1.352828744959678
0.07158412647201162 1.3450778667482006
0.07160832392321342 1.338112612594441
0.07163252137441524 1.332645557259694
0.07165671882561704 1.3271784761747325
0.07168091627681886 1.32171136951055
0.07170511372802066 1.3162442374381025
0.07172931117922246 1.310777080128279
0.07175350863042426 1.3053098977519204
0.07177770608162608 1.2998426904798104
0.07180190353282788 1.294375458482689
0.0718261009840297 1.2889082019312286
0.0718502984352315 1.2834409209960613
0.0718744958864333 1.2779736158477564
0.07189869333763511 1.2725062866568313
0.07192289078883692 1.267038933593756
0.07194708824003873 1.2615715568289372
0.07197128569124053 1.2561041565327407
0.07199548314244233 1.2506367328754682
0.07201968059364414 1.2454601925768638
0.07204387804484595 1.2403504874571194
0.07206807549604775 1.235240861677823
0.07209227294724957 1.2301313152811526
0.07211647039845137 1.2250218483092996
0.07214066784965317 1.2199124608044463
0.07216486530085499 1.214803152808776
0.07218906275205679 1.2096939243644798
0.07221326020325859 1.2045847755137422
0.07223745765446041 1.1994757062987444
0.07226165510566221 1.1943667167616814
0.07228585255686401 1.1892578069447355
0.07231005000806583 1.184148976890091
0.07233424745926763 1.1790402266399416
0.07235844491046944 1.1739315562364678
0.07238264236167125 1.168822965721865
0.07240683981287305 1.1638116813901378
0.07243103726407486 1.1590472079770522
0.07245523471527666 1.1542828089649986
0.07247943216647847 1.1495184843933153
0.07250362961768028 1.1447542343013417
0.07252782706888208 1.139990058728426
0.07255202452008389 1.1352259577139079
0.0725762219712857 1.1304619312971274
0.0726004194224875 1.1256979795174327
0.07262461687368932 1.1209341024141626
0.07264881432489112 1.1161703000266647
0.07267301177609292 1.11140657239428
0.07269720922729472 1.1066429195563532
0.07272140667849654 1.1018793415522248
0.07274560412969834 1.0971158384212443
0.07276980158090016 1.092352410202751
0.07279399903210196 1.087589056936094
0.07281819648330376 1.083066993442627
0.07284239393450558 1.0786245499236877
0.07286659138570738 1.0741821762076147
0.07289078883690919 1.069739872331093
0.072914986288111 1.0652976383308181
0.0729391837393128 1.0608554742434786
0.0729633811905146 1.056413380105764
0.07298757864171641 1.051971355954363
0.07301177609291822 1.0475294018259724
0.07303597354412003 1.0430875177572778
0.07306017099532183 1.0386457037849761
0.07308436844652363 1.0342039599457558
0.07310856589772545 1.0297622862763065
0.07313276334892725 1.0253206828133248
0.07315696080012907 1.0208791495934977
0.07318115825133087 1.016437686653523
0.07320535570253267 1.0120624805695886
0.07322955315373447 1.0079201908557744
0.07325375060493629 1.003777966595056
0.07327794805613809 0.9996358078216541
0.0733021455073399 0.995493714569782
0.07332634295854171 0.9913516868736619
0.07335054040974351 0.9872097247675097
0.07337473786094532 0.98306782828554
0.07339893531214713 0.9789259974619757
0.07342313276334894 0.9747842323310306
0.07344733021455074 0.9706425329269273
0.07347152766575255 0.9665008992838826
0.07349572511695435 0.9623593314361142
0.07351992256815616 0.9582178294178391
0.07354412001935796 0.9540763932632802
0.07356831747055978 0.9499350230066529
0.07359251492176158 0.9457937186821801
0.07361671237296338 0.9418450624706736
0.0736409098241652 0.9379827213549213
0.073665107275367 0.93412044164347
0.07368930472656882 0.930258223368226
0.07371350217777062 0.9263960665611043
0.07373769962897242 0.9225339712540139
0.07376189708017422 0.9186719374788669
0.07378609453137604 0.9148099652675721
0.07381029198257784 0.9109480546520448
0.07383448943377965 0.9070862056641934
0.07385868688498146 0.9032244183359334
0.07388288433618326 0.8993626926991743
0.07390708178738507 0.8955010287858264
0.07393127923858688 0.891639426627807
0.07395547668978869 0.8877778862570225
0.07397967414099049 0.8839164077053904
0.0740038715921923 0.880011635092648
0.0740280690433941 0.8758793084470198
0.07405226649459591 0.8717470482403883
0.07407646394579771 0.8676148545069157
0.07410066139699953 0.8634827272807545
0.07412485884820133 0.8593506665960658
0.07414905629940313 0.8552186724870057
0.07417325375060495 0.8510867449877291
0.07419745120180675 0.8469548841323974
0.07422164865300857 0.8428230899551644
0.07424584610421037 0.838691362490193
0.07427004355541217 0.8345597017716382
0.07429424100661397 0.8304281078336578
0.07431843845781579 0.8262965807104082
0.07434263590901759 0.8221651204360522
0.0743668333602194 0.8180337270447435
0.0743910308114212 0.8139024005706453
0.074415228262623 0.8092158499380812
0.07443942571382482 0.8042023213051656
0.07446362316502662 0.7991888745094343
0.07448782061622844 0.7941755095923491
0.07451201806743024 0.7891622265953834
0.07453621551863204 0.784149025560002
0.07456041296983384 0.7791359065276722
0.07458461042103566 0.7741228695398599
0.07460880787223746 0.7691099146380379
0.07463300532343928 0.7640970418636697
0.07465720277464108 0.7590842512582282
0.07468140022584288 0.7540715428631797
0.0747055976770447 0.7490589167199894
0.0747297951282465 0.7440463728701318
0.07475399257944831 0.7390339113550698
0.07477819003065012 0.734021532216278
0.07480238748185192 0.7290595538114057
0.07482658493305372 0.7245573177558491
0.07485078238425553 0.7200551555912211
0.07487497983545734 0.7155530673547715
0.07489917728665915 0.7110510530837388
0.07492337473786095 0.7065491128153744
0.07494757218906276 0.7020472465869192
0.07497176964026457 0.6975454544356156
0.07499596709146637 0.6930437363987142
0.07502016454266817 0.6885420925134567
0.07504436199386999 0.6840405228170862
0.07506855944507179 0.679539027346853
0.0750927568962736 0.6750376061399994
0.07511695434747541 0.6705362592337683
0.07514115179867721 0.6660349866654108
0.07516534924987903 0.6615337884721663
0.07518954670108083 0.6570326646912864
0.07521374415228263 0.6527918068325285
0.07523794160348445 0.6487489094708538
0.07526213905468625 0.6447060788550026
0.07528633650588805 0.6406633150184226
0.07531053395708986 0.636620617994562
0.07533473140829167 0.6325779878168761
0.07535892885949347 0.6285354245188133
0.07538312631069528 0.6244929281338218
0.07540732376189709 0.6204504986953577
0.0754315212130989 0.6164081362368669
0.0754557186643007 0.6123658407918043
0.0754799161155025 0.6083236123936198
0.0755041135667043 0.6042814510757636
0.07552831101790612 0.6002393568716852
0.07555250846910792 0.5961973298148402
0.07557670592030974 0.5921553699386752
0.07560090337151154 0.5881288301764253
0.07562510082271334 0.5844982395093145
0.07564929827391516 0.5808677091036955
0.07567349572511696 0.5772372389896151
0.07569769317631878 0.5736068291971136
0.07572189062752058 0.569976479756239
0.07574608807872238 0.5663461906970325
0.07577028552992418 0.5627159620495384
0.075794482981126 0.5590857938437986
0.0758186804323278 0.5554556861098614
0.07584287788352961 0.5518256388777661
0.07586707533473142 0.5481956521775615
0.07589127278593322 0.5445657260392895
0.07591547023713503 0.5409358604929924
0.07593966768833683 0.5373060555687184
0.07596386513953865 0.5336763112965076
0.07598806259074045 0.5300466277064089
0.07601226004194225 0.5274067592560611
0.07603645749314406 0.5257306345534597
0.07606065494434587 0.5240545370880233
0.07608485239554767 0.5223784668736077
0.07610904984674949 0.5207024239240652
0.07613324729795129 0.5190264082532521
0.07615744474915309 0.5173504198750203
0.07618164220035491 0.515674458803224
0.07620583965155671 0.5139985250517192
0.07623003710275852 0.5123226186343576
0.07625423455396033 0.5106467395649954
0.07627843200516213 0.5089708878574862
0.07630262945636393 0.5072950635256837
0.07632682690756575 0.5056192665834415
0.07635102435876755 0.5039434970446162
0.07637522180996936 0.5022677549230595
0.07639941926117116 0.5005920402326282
0.07642361671237297 0.49900169815801343
0.07644781416357478 0.4974134807031045
0.07647201161477658 0.49582528921118857
0.0764962090659784 0.49423712369539335
0.0765204065171802 0.49264898416885033
0.076544603968382 0.49106087064468856
0.0765688014195838 0.4894727831360376
0.07659299887078562 0.48788472165602614
0.07661719632198742 0.48629668621778577
0.07664139377318924 0.48470867683444435
0.07666559122439104 0.4831206935191338
0.07668978867559284 0.4815327362849828
0.07671398612679466 0.47994480514512033
0.07673818357799646 0.4783569001126779
0.07676238102919827 0.4767690212007841
0.07678657848040008 0.47518116842257013
0.07681077593160188 0.4736309356927055
0.07683497338280368 0.4721275441035699
0.0768591708340055 0.47062416684448466
0.0768833682852073 0.4691208039331546
0.07690756573640911 0.46761745538728033
0.07693176318761091 0.46611412122456586
0.07695596063881271 0.4646108014627117
0.07698015809001453 0.46310749611941826
0.07700435554121633 0.4616042052123885
0.07702855299241815 0.46010092875932057
0.07705275044361995 0.45859766677791614
0.07707694789482175 0.4570944192858746
0.07710114534602355 0.45559118630089446
0.07712534279722537 0.4540879678406734
0.07714954024842717 0.45258476392291175
0.07717373769962899 0.45108157456530595
0.07719793515083079 0.44957839978555453
0.07722213260203259 0.44815505649123627
0.0772463300532344 0.4467391011467352
0.0772705275044362 0.44532308423502287
0.07729472495563802 0.44390700597793276
0.07731892240683982 0.4424908665970636
0.07734311985804163 0.4410746663137743
0.07736731730924343 0.43965840534918804
0.07739151476044524 0.43824208392419134
0.07741571221164704 0.43682570225943695
0.07743990966284886 0.43540926057534013
0.07746410711405066 0.43399275909208407
0.07748830456525246 0.4325761980296165
0.07751250201645428 0.431159577607651
0.07753669946765608 0.4297428980456714
0.0775608969188579 0.428326159562926
0.0775850943700597 0.4269093623784342
0.0776092918212615 0.4255210994955703
0.0776334892724633 0.4241786473133087
0.07765768672366512 0.422836139060706
0.07768188417486692 0.42149357494522643
0.07770608162606873 0.4201509551741119
0.07773027907727054 0.41880827995438924
0.07775447652847234 0.4174655494928665
0.07777867397967415 0.4161227639961338
0.07780287143087596 0.41477992367056793
0.07782706888207776 0.41343702872232657
0.07785126633327957 0.4120940793573528
0.07787546378448137 0.4107510757813766
0.07789966123568318 0.4094080181999114
0.07792385868688499 0.408064906818257
0.0779480561380868 0.40672174184150206
0.07797225358928861 0.40537852347451886
0.07799645104049041 0.40403525192197115
0.07802064849169221 0.4027520318133912
0.07804484594289403 0.4014790910097971
0.07806904339409583 0.40020609938699475
0.07809324084529763 0.39893305713886795
0.07811743829649945 0.39765996445910057
0.07814163574770125 0.3963868215411786
0.07816583319890305 0.39511362857838656
0.07819003065010487 0.39384038576381014
0.07821422810130667 0.39256709329033884
0.07823842555250848 0.3912937513506612
0.07826262300371029 0.3900203601372716
0.07828682045491209 0.38874691984246523
0.07831101790611389 0.3874734306583411
0.0783352153573157 0.386199892776802
0.0783594128085175 0.38492630638955716
0.07838361025971932 0.38365267168811806
0.07840780771092112 0.38240058690996614
0.07843200516212293 0.3811937932889551
0.07845620261332474 0.37998695349485784
0.07848040006452654 0.37878006770908057
0.07850459751572836 0.377573136112843
0.07852879496693016 0.3763661588871845
0.07855299241813196 0.375159136212959
0.07857718986933376 0.3739520682708381
0.07860138732053558 0.37274495524131135
0.07862558477173738 0.37153779730468756
0.0786497822229392 0.3703305946410926
0.078673979674141 0.3691233474304734
0.0786981771253428 0.3679160558525946
0.07872237457654462 0.36670872008704153
0.07874657202774642 0.3655013403132206
0.07877076947894823 0.36429391671035793
0.07879496693015003 0.36308644945750246
0.07881916438135184 0.3619291274758535
0.07884336183255364 0.360784944329861
0.07886755928375545 0.3596407194527401
0.07889175673495726 0.35849645301407235
0.07891595418615907 0.3573521451833034
0.07894015163736087 0.35620779612973397
0.07896434908856267 0.355063406022469
0.07898854653976449 0.3539189750304468
0.07901274399096629 0.35277450332243937
0.07903694144216811 0.35162999106705123
0.07906113889336991 0.35048543843272234
0.07908533634457171 0.3493408455877253
0.07910953379577351 0.348196212700168
0.07913373124697533 0.34705153993799337
0.07915792869817713 0.3459068274689808
0.07918212614937895 0.34476207546074406
0.07920632360058075 0.34362310552451775
0.07923052105178255 0.34250055116079786
0.07925471850298436 0.34137795821397804
0.07927891595418617 0.3402553268479864
0.07930311340538798 0.3391326572265887
0.07932731085658978 0.3380099495133948
0.07935150830779159 0.3368872038718535
0.07937570575899339 0.335764420465256
0.0793999032101952 0.33464159945673605
0.079424100661397 0.33351874100927065
0.07944829811259882 0.33239584528567845
0.07947249556380062 0.3312729124486228
0.07949669301500242 0.3301499426606097
0.07952089046620424 0.32902693608398936
0.07954508791740604 0.32790389288095795
0.07956928536860786 0.3267808132135544
0.07959348281980966 0.3256576972436654
0.07961768027101146 0.3245442834807075
0.07964187772221326 0.3234344236399861
0.07966607517341508 0.3223245282323874
0.07969027262461688 0.3212145974173883
0.0797144700758187 0.3201046313543115
0.0797386675270205 0.31899463020233165
0.0797628649782223 0.31788459412047126
0.07978706242942411 0.3167745232676023
0.07981125988062591 0.3156644178024489
0.07983545733182773 0.3145542778835839
0.07985965478302953 0.3134441036694328
0.07988385223423133 0.31233389531827144
0.07990804968543314 0.31122365298822763
0.07993224713663495 0.31011337683728074
0.07995644458783675 0.30900306702326436
0.07998064203903857 0.3078927237038628
0.08000483949024037 0.30679494751433267
0.08002903694144217 0.3057475407072233
0.08005323439264399 0.30470010196408787
0.08007743184384579 0.30365263143363125
0.0801016292950476 0.3026051292644172
0.0801258267462494 0.30155759560487416
0.08015002419745121 0.30051003060329207
0.08017422164865301 0.2994624344078232
0.08019841909985483 0.2984148071664838
0.08022261655105663 0.29736714902715433
0.08024681400225844 0.29631946013757743
0.08027101145346024 0.2952717406453623
0.08029520890466205 0.29422399069798105
0.08031940635586386 0.29317621044277037
0.08034360380706566 0.2921284000269345
0.08036780125826748 0.29108055959754064
0.08039199870946928 0.29003268930152465
0.08041619616067108 0.28902452316104893
0.08044039361187288 0.2880359577247632
0.0804645910630747 0.28704736380509016
0.0804887885142765 0.2860587415406072
0.08051298596547832 0.2850700910741409
0.08053718341668012 0.2840814125352462
0.08056138086788192 0.28309270606651565
0.08058557831908374 0.282103971806023
0.08060977577028554 0.28111520989171973
0.08063397322148734 0.2801264204614313
0.08065817067268916 0.27913760365285883
0.08068236812389096 0.278148759603582
0.08070656557509276 0.27715988845105527
0.08073076302629457 0.27617099033261017
0.08075496047749638 0.2751820653854573
0.08077915792869819 0.27419311374668265
0.0808033553799 0.27321190835417863
0.0808275528311018 0.2722789580618331
0.08085175028230361 0.2713459823017892
0.08087594773350541 0.2704129812033317
0.08090014518470721 0.2694799548956293
0.08092434263590903 0.2685469035077361
0.08094854008711083 0.2676138271685934
0.08097273753831263 0.2666807260070266
0.08099693498951445 0.2657476001517479
0.08102113244071625 0.2648144497313577
0.08104532989191807 0.263881274874341
0.08106952734311987 0.2629480757090717
0.08109372479432167 0.2620148523638105
0.08111792224552347 0.2610816049667055
0.08114211969672529 0.26014833364579276
0.08116631714792709 0.2592150385289984
0.0811905145991289 0.2582817197441345
0.0812147120503307 0.2573804856774256
0.08123890950153251 0.2564999301326024
0.08126310695273432 0.25561935198990415
0.08128730440393613 0.25473875136988067
0.08131150185513794 0.25385812839297517
0.08133569930633974 0.25297748317952895
0.08135989675754154 0.2520968158497776
0.08138409420874335 0.2512161265238531
0.08140829165994516 0.25033541532178416
0.08143248911114698 0.24945468236349663
0.08145668656234878 0.2485739277688138
0.08148088401355058 0.2476931516574552
0.08150508146475238 0.24681235414903846
0.0815292789159542 0.24593153536307838
0.081553476367156 0.24505069541898986
0.08157767381835782 0.24416983443608337
0.08160187126955962 0.24329279146828292
0.08162606872076142 0.2424615325071349
0.08165026617196322 0.24163025720074932
0.08167446362316504 0.24079896564411288
0.08169866107436685 0.23996765793213998
0.08172285852556865 0.23913633415967273
0.08174705597677046 0.23830499442147984
0.08177125342797226 0.23747363881225828
0.08179545087917406 0.23664226742663272
0.08181964833037587 0.23581088035915576
0.08184384578157769 0.2349794777043092
0.08186804323277949 0.23414805955650306
0.0818922406839813 0.23331662601007527
0.0819164381351831 0.23248517715929282
0.08194063558638491 0.23165371309835162
0.08196483303758673 0.2308222339213769
0.08198903048878853 0.22999073972242373
0.08201322793999033 0.22918488561043338
0.08203742539119213 0.2284002928827004
0.08206162284239393 0.2276156871223345
0.08208582029359575 0.2268310684119402
0.08211001774479756 0.2260464368340634
0.08213421519599937 0.22526179247119119
0.08215841264720117 0.22447713540575048
0.08218261009840297 0.2236924657201104
0.08220680754960479 0.2229077834965803
0.0822310050008066 0.22212308881741244
0.0822552024520084 0.22133838176480042
0.0822793999032102 0.22055366242087887
0.082303597354412 0.21976893086772442
0.08232779480561381 0.21898418718735613
0.08235199225681562 0.21819943146173468
0.08237618970801744 0.2174146637727635
0.08240038715921924 0.21663059450466896
0.08242458461042104 0.21589019716457084
0.08244878206162284 0.21514978836207
0.08247297951282466 0.21440936817441955
0.08249717696402646 0.21366893667881967
0.08252137441522828 0.21292849395241467
0.08254557186643008 0.21218804007229672
0.08256976931763188 0.21144757511550294
0.08259396676883368 0.21070709915901686
0.0826181642200355 0.20996661227976826
0.08264236167123731 0.2092261145546343
0.08266655912243911 0.20848560606043873
0.08269075657364092 0.20774508687395116
0.08271495402484272 0.20700455707188875
0.08273915147604453 0.20626401673091513
0.08276334892724634 0.20552346592764226
0.08278754637844815 0.20478290473862784
0.08281174382964995 0.20395505096345798
0.08283594128085175 0.2030346287482952
0.08286013873205356 0.20211419554608945
0.08288433618325537 0.20119375145095078
0.08290853363445719 0.20027329655692716
0.08293273108565899 0.19935283095800335
0.08295692853686079 0.19843235474810064
0.08298112598806259 0.19751186802107762
0.08300532343926441 0.19659137087072998
0.08302952089046621 0.19567086339079273
0.08305371834166803 0.194750345674936
0.08307791579286983 0.19382981781677053
0.08310211324407163 0.19290927990984305
0.08312631069527343 0.19198873204763922
0.08315050814647525 0.1910681743235823
0.08317470559767706 0.19014760683103535
0.08319890304887886 0.18922702966329985
0.08322310050008067 0.18833970451184223
0.08324729795128247 0.18745394945506838
0.08327149540248428 0.1865681851241945
0.08329569285368608 0.1856824116088645
0.0833198903048879 0.18479662899866214
0.0833440877560897 0.18391083738311445
0.0833682852072915 0.18302503685168897
0.0833924826584933 0.18213922749379535
0.08341668010969512 0.1812534093987848
0.08344087756089694 0.18036758265595187
0.08346507501209874 0.17948174735453326
0.08348927246330054 0.178595903583707
0.08351346991450234 0.1777100514325944
0.08353766736570416 0.17682419099025878
0.08356186481690596 0.17593832234570805
0.08358606226810777 0.17505244558789085
0.08361025971930958 0.1741956283955915
0.08363445717051138 0.17337829143846636
0.08365865462171318 0.17256094680344528
0.083682852072915 0.17174359457258204
0.08370704952411681 0.17092623482787878
0.08373124697531861 0.17010886765128566
0.08375544442652041 0.1692914931246997
0.08377964187772222 0.16847411132996645
0.08380383932892403 0.1676567223488792
0.08382803678012583 0.16683932626318074
0.08385223423132765 0.16602192315456057
0.08387643168252945 0.16520451310465856
0.08390062913373125 0.16438709619506192
0.08392482658493305 0.16356967250730706
0.08394902403613487 0.16275224212287878
0.08397322148733669 0.16193480512321207
0.08399741893853849 0.1611173615896909
0.08402161638974029 0.1603564719632229
0.08404581384094209 0.1596023295278996
0.0840700112921439 0.15884818088816235
0.08409420874334571 0.15809402611907994
0.08411840619454752 0.1573398652956726
0.08414260364574933 0.1565856984929157
0.08416680109695113 0.15583152578573717
0.08419099854815293 0.15507734724901875
0.08421519599935474 0.1543231629575957
0.08423939345055656 0.15356897298625813
0.08426359090175836 0.1528147774097501
0.08428778835296016 0.15206057630276884
0.08431198580416197 0.15130636973996656
0.08433618325536378 0.15055215779594905
0.08436038070656558 0.14979794054527829
0.0843845781577674 0.14904371806246902
0.0844087756089692 0.14831067129897715
0.084432973060171 0.14761484174528497
0.0844571705113728 0.14691900720264597
0.08448136796257462 0.14622316773979366
0.08450556541377643 0.14552732342542068
0.08452976286497824 0.14483147432817806
0.08455396031618004 0.14413562051667464
0.08457815776738184 0.14343976205947817
0.08460235521858364 0.1427438990251153
0.08462655266978546 0.14204803148207107
0.08465075012098727 0.1413521594987903
0.08467494757218907 0.14065628314367679
0.08469914502339088 0.13996040248509287
0.08472334247459268 0.13926451759136038
0.0847475399257945 0.13856862853076038
0.08477173737699631 0.13787273537153388
0.08479593482819811 0.13717683818188178
0.08482013227939991 0.13653184755243306
0.08484432973060171 0.13589713300072495
0.08486852718180352 0.13526241457655425
0.08489272463300533 0.1346276923421336
0.08491692208420715 0.13399296635963964
0.08494111953540895 0.13335823669121244
0.08496531698661075 0.13272350339895472
0.08498951443781255 0.13208876654493318
0.08501371188901437 0.13145402619117777
0.08503790934021618 0.13081928239968305
0.08506210679141799 0.1301845352324072
0.08508630424261979 0.1295497847512718
0.08511050169382159 0.12891503101816273
0.08513469914502339 0.12828027409493015
0.0851588965962252 0.12764551404338773
0.08518309404742702 0.12701075092531475
0.08520729149862882 0.12640294272108157
0.08523148894983062 0.12585763567669378
0.08525568640103243 0.12531232559411562
0.08527988385223424 0.1247670125265176
0.08530408130343604 0.12422169652704046
0.08532827875463786 0.12367637764879293
0.08535247620583966 0.12313105594485448
0.08537667365704146 0.12258573146827298
0.08540087110824326 0.1220404042720663
0.08542506855944508 0.12149507440922164
0.0854492660106469 0.12094974193269659
0.0854734634618487 0.12040440689541836
0.0854976609130505 0.11985906935028362
0.0855218583642523 0.11931372935015921
0.08554605581545412 0.11876838694788178
0.08557025326665592 0.118223042196259
0.08559445071785773 0.11767769514806742
0.08561864816905954 0.11716166339900021
0.08564284562026134 0.1166543617826013
0.08566704307146314 0.1161470671043711
0.08569124052266495 0.1156397793724338
0.08571543797386677 0.11513249859491306
0.08573963542506857 0.1146252247799319
0.08576383287627037 0.11411795793561177
0.08578803032747218 0.11361069807007347
0.08581222777867399 0.11310344519143685
0.08583642522987579 0.1125961993078214
0.08586062268107761 0.11208896042734487
0.08588482013227941 0.11158172855812516
0.08590901758348121 0.11107450370827834
0.08593321503468301 0.11056728588592006
0.08595741248588483 0.11006007509916466
0.08598160993708664 0.1095528713561262
0.08600580738828845 0.10905427522438124
0.08603000483949025 0.10858292249104072
0.08605420229069205 0.10811157881218293
0.08607839974189387 0.10764024419179491
0.08610259719309567 0.10716891863386437
0.08612679464429748 0.10669760214237808
0.08615099209549928 0.10622629472132361
0.08617518954670109 0.105754996374688
0.08619938699790289 0.10528370710645821
0.0862235844491047 0.10481242692062108
0.08624778190030652 0.10434115582116395
0.08627197935150832 0.10386989381207395
0.08629617680271012 0.10339864089733788
0.08632037425391192 0.10292739708094258
0.08634457170511374 0.10245616236687467
0.08636876915631554 0.10198493675912153
0.08639296660751736 0.1015137202616694
0.08641716405871916 0.10106627881524911
0.08644136150992096 0.10062858458765539
0.08646555896112276 0.10019089881189272
0.08648975641232458 0.09975322149166355
0.0865139538635264 0.09931555263067093
0.0865381513147282 0.09887789223261771
0.08656234876593 0.09844024030120625
0.0865865462171318 0.09800259684013918
0.08661074366833361 0.09756496185311886
0.08663494111953542 0.09712733534384818
0.08665913857073723 0.09668971731602924
0.08668333602193903 0.09625210777336483
0.08670753347314084 0.09581450671955731
0.08673173092434264 0.09537691415830889
0.08675592837554445 0.09493933009332169
0.08678012582674627 0.09450175452829829
0.08680432327794807 0.09406973414462047
0.08682852072914987 0.09366322006071652
0.08685271818035167 0.09325671386381373
0.08687691563155349 0.09285021555735078
0.08690111308275529 0.09244372514476733
0.0869253105339571 0.09203724262950189
0.08694950798515891 0.09163076801499379
0.08697370543636071 0.09122430130468187
0.08699790288756251 0.09081784250200495
0.08702210033876433 0.0904113916104017
0.08704629778996614 0.09000494863331115
0.08707049524116794 0.08959851357417238
0.08709469269236975 0.08919208643642386
0.08711889014357155 0.0887856672235043
0.08714308759477336 0.08837925593885222
0.08716728504597517 0.08797285258590665
0.08719148249717698 0.08756645716810577
0.08721567994837878 0.08724357555602326
0.08723987739958058 0.08696606095324812
0.08726407485078239 0.08668855169243149
0.0872882723019842 0.0864110477759199
0.08731246975318602 0.08613354920605981
0.08733666720438782 0.085856055985198
0.08736086465558962 0.08557856811568056
0.08738506210679142 0.08530108559985401
0.08740925955799322 0.08502360844006468
0.08743345700919504 0.0847461366386588
0.08745765446039686 0.08446867019798286
0.08748185191159866 0.0841912091203833
0.08750604936280046 0.0839137534082063
0.08753024681400226 0.083636303063798
0.08755444426520408 0.08335885808950459
0.08757864171640589 0.08308141848767239
0.0876028391676077 0.08282085288049298
0.0876270366188095 0.0826871890474496
0.0876512340700113 0.08255352767613786
0.0876754315212131 0.08241986876768573
0.08769962897241491 0.08228621232322103
0.08772382642361673 0.08215255834387158
0.08774802387481853 0.08201890683076554
0.08777222132602033 0.08188525778503052
0.08779641877722213 0.08175161120779448
0.08782061622842395 0.08161796710018512
0.08784481367962577 0.08148432546333038
0.08786901113082757 0.08135068629835823
0.08789320858202937 0.08121704960639632
0.08791740603323117 0.08108341538857254
0.08794160348443297 0.08094978364601461
0.08796580093563479 0.08081615437985026
0.0879899983868366 0.08068252759120743
0.0880141958380384 0.08055096481794012
0.08803839328924021 0.0804208569139408
0.08806259074044201 0.08029075141917481
0.08808678819164383 0.08016064833474015
0.08811098564284563 0.08003054766173492
0.08813518309404744 0.07990044940125689
0.08815938054524924 0.07977035355440412
0.08818357799645105 0.07964026012227457
0.08820777544765285 0.07951016910596607
0.08823197289885466 0.07938008050657645
0.08825617035005648 0.07924999432520378
0.08828036780125828 0.07911991056294591
0.08830456525246008 0.07898982922090074
0.08832876270366188 0.07885975030016613
0.0883529601548637 0.07872967380183983
0.0883771576060655 0.07859959972701985
0.08840135505726732 0.07846972111541024
0.08842555250846912 0.07834309897158619
0.08844974995967092 0.07821647918393643
0.08847394741087272 0.07808986175352955
0.08849814486207454 0.07796324668143412
0.08852234231327635 0.07783663396871877
0.08854653976447815 0.07771002361645213
0.08857073721567996 0.07758341562570274
0.08859493466688176 0.07745680999753912
0.08861913211808357 0.07733020673302979
0.08864332956928538 0.07720360583324334
0.08866752702048719 0.07707700729924828
0.08869172447168899 0.07695041113211319
0.0887159219228908 0.07682381733290654
0.0887401193740926 0.07669722590269679
0.08876431682529441 0.07657063684255477
0.08878851427649623 0.0764440501535532
0.08881271172769803 0.07631920676944705
0.08883690917889983 0.07619593873207063
0.08886110663010163 0.0760726730008016
0.08888530408130345 0.07594940957668024
0.08890950153250525 0.07582614846074705
0.08893369898370707 0.07570288965404226
0.08895789643490887 0.07557963315760623
0.08898209388611067 0.07545637897247931
0.08900629133731247 0.07533312709970184
0.08903048878851429 0.07520987754031394
0.0890546862397161 0.07508663029535603
0.0890788836909179 0.07496338536586848
0.0891030811421197 0.07484014275289143
0.08912727859332151 0.07471690245746518
0.08915147604452332 0.07459366448062989
0.08917567349572512 0.07447042882342593
0.08919987094692694 0.07434719548689342
0.08922406839812874 0.07422719426374247
0.08924826584933054 0.07410721261428452
0.08927246330053235 0.07398723322143538
0.08929666075173416 0.07386725608620771
0.08932085820293598 0.07374728120961416
0.08934505565413778 0.07362730859266754
0.08936925310533958 0.07350733823638038
0.08939345055654138 0.07338737014176533
0.0894176480077432 0.07326740430983492
0.089441845458945 0.0731474407416019
0.08946604291014681 0.07302747943807875
0.08949024036134862 0.07290752040027816
0.08951443781255042 0.07278756362921267
0.08953863526375222 0.07266760912589483
0.08956283271495404 0.07254765689133716
0.08958703016615585 0.07242770692655223
0.08961122761735765 0.07230923489856639
0.08963542506855945 0.07219246974268406
0.08965962251976126 0.07207570679351721
0.08968381997096307 0.0719589460520513
0.08970801742216487 0.07184218751927206
0.08973221487336669 0.07172543119616483
0.08975641232456849 0.07160867708371531
0.08978060977577029 0.0714919251829089
0.0898048072269721 0.07137517549473117
0.08982900467817391 0.07125842802016749
0.08985320212937573 0.07114168276020345
0.08987739958057753 0.07102493971582458
0.08990159703177933 0.07090819888801624
0.08992579448298113 0.07079146027776394
0.08994999193418295 0.07067472388605302
0.08997418938538475 0.07055798971386903
0.08999838683658656 0.07044125776219727
0.09002258428778837 0.0703275919228306
0.09004678173899017 0.07021414604154746
0.09007097919019197 0.07010070123319874
0.09009517664139378 0.06998725750041966
0.0901193740925956 0.06987381484584516
0.0901435715437974 0.06976037327210956
0.0901677689949992 0.06964693278184657
0.090191966446201 0.06953349337768949
0.0902161638974028 0.06942005506227103
0.09024036134860462 0.06930661783822335
0.09026455879980644 0.06919318170817829
0.09028875625100824 0.06907974667476706
0.09031295370221004 0.06896631274062029
0.09033715115341184 0.06885287990836819
0.09036134860461366 0.06873944818064029
0.09038554605581547 0.06862601756006584
0.09040974350701728 0.06851404057793975
0.09043394095821908 0.06840421575257782
0.09045813840942088 0.06829438678113409
0.09048233586062268 0.06818455368466105
0.0905065333118245 0.06807471648419072
0.09053073076302631 0.0679648752007348
0.09055492821422811 0.06785502985528478
0.09057912566542992 0.06774518046796123
0.09060332311663172 0.06763532706141752
0.09062752056783353 0.06752546965573247
0.09065171801903535 0.06741560827181692
0.09067591547023715 0.06730574293056184
0.09070011292143895 0.06719587365283801
0.09072431037264075 0.06708600045949659
0.09074850782384256 0.06697612337136877
0.09077270527504437 0.06686624240926621
0.09079690272624619 0.06675635759398087
0.09082110017744799 0.06664895261255517
0.09084529762864979 0.06654190839409424
0.09086949507985159 0.06643486038398133
0.09089369253105341 0.06632780860244164
0.09091788998225521 0.06622075306968149
0.09094208743345703 0.06611369380588818
0.09096628488465883 0.06600663083123029
0.09099048233586063 0.06589956416585745
0.09101467978706243 0.06579249382990059
0.09103887723826425 0.06568541984347194
0.09106307468946606 0.0655783422266652
0.09108727214066786 0.06547126099955562
0.09111146959186966 0.06536417618219972
0.09113566704307147 0.06525708779463582
0.09115986449427328 0.06514999585688376
0.09118406194547508 0.0650429003889452
0.0912082593966769 0.06493677360355336
0.0912324568478787 0.06483251935244652
0.0912566542990805 0.06472826162519137
0.0912808517502823 0.06462400044123194
0.09130504920148412 0.06451973581999451
0.09132924665268594 0.06441546778088787
0.09135344410388774 0.06431119634330325
0.09137764155508954 0.06420692152661422
0.09140183900629134 0.0641026433501771
0.09142603645749316 0.06399836183333071
0.09145023390869496 0.06389407699539672
0.09147443135989677 0.0637897888556794
0.09149862881109858 0.06368549743346594
0.09152282626230038 0.06358120274802638
0.09154702371350218 0.06347690481861365
0.091571221164704 0.0633726036644637
0.09159541861590581 0.06326829930479554
0.09161961606710761 0.06316624696665292
0.09164381351830941 0.06306471816139736
0.09166801096951122 0.06296318619701538
0.09169220842071303 0.06286165109218869
0.09171640587191483 0.06276011286558277
0.09174060332311665 0.06265857153584656
0.09176480077431845 0.06255702712161294
0.09178899822552025 0.06245547964149853
0.09181319567672205 0.06235392911410373
0.09183739312792387 0.062252375558012885
0.09186159057912568 0.062150818991794386
0.09188578803032749 0.06204925943400072
0.09190998548152929 0.061947696903168314
0.09193418293273109 0.061846131417817835
0.0919583803839329 0.061744562996454026
0.09198257783513471 0.06164299165756613
0.09200677528633652 0.06154217778124218
0.09203097273753832 0.06144331623010474
0.09205517018874013 0.06134445180115533
0.09207936763994193 0.06124558451236468
0.09210356509114374 0.06114671438168824
0.09212776254234556 0.0610478414270664
0.09215195999354736 0.06094896566642453
0.09217615744474916 0.06085008711767273
0.09220035489595096 0.060751205798706284
0.09222455234715278 0.060652321727405506
0.09224874979835458 0.06055343492163592
0.0922729472495564 0.06045454539924809
0.0922971447007582 0.060355653178078006
0.09232134215196 0.0602567582759468
0.0923455396031618 0.06015786071066103
0.09236973705436362 0.060058960500012554
0.09239393450556543 0.059960057661778886
0.09241813195676724 0.05988159907310065
0.09244232940796904 0.059809977586939664
0.09246652685917084 0.05973835331638635
0.09249072431037265 0.059666726274609116
0.09251492176157446 0.05959509647476452
0.09253911921277627 0.05952346392999702
0.09256331666397807 0.059451828653439384
0.09258751411517988 0.059380190658212345
0.09261171156638168 0.05930854995742487
0.09263590901758349 0.059236906564174116
0.09266010646878531 0.059165260491545524
0.09268430391998711 0.059093611752612955
0.09270850137118891 0.05902196036043839
0.09273269882239071 0.05895030632807236
0.09275689627359253 0.05887864966855366
0.09278109372479433 0.05880699039490972
0.09280529117599615 0.058739644581609296
0.09282948862719795 0.058687717240805744
0.09285368607839975 0.058635785743641054
0.09287788352960155 0.05858385010386839
0.09290208098080337 0.05853191033522279
0.09292627843200518 0.05847996645142132
0.09295047588320698 0.05842801846616303
0.09297467333440879 0.058376066393129096
0.09299887078561059 0.05832411024598278
0.09302306823681239 0.05827215003836957
0.0930472656880142 0.05822018578391722
0.09307146313921602 0.05816821749623582
0.09309566059041782 0.05811624518891799
0.09311985804161962 0.05806426887553856
0.09314405549282143 0.05801228856965507
0.09316825294402324 0.05796030428480749
0.09319245039522506 0.05790831603451851
0.09321664784642686 0.05785710276431667
0.09324084529762866 0.0578062281189934
0.09326504274883046 0.05775533693808396
0.09328924020003226 0.05770442927445361
0.09331343765123408 0.05765350518076393
0.0933376351024359 0.05760256470947392
0.0933618325536377 0.05755160791284081
0.0933860300048395 0.05750063484292114
0.0934102274560413 0.057449645551571525
0.09343442490724312 0.05739864009044973
0.09345862235844493 0.05734761851101559
0.09348281980964673 0.0572965808645319
0.09350701726084854 0.05724552720206531
0.09353121471205034 0.05719445757448722
0.09355541216325214 0.05714337203247481
0.09357960961445395 0.057092270626511794
0.09360380706565577 0.05704126801128624
0.09362800451685757 0.05699086344277457
0.09365220196805937 0.05694044315480102
0.09367639941926117 0.05689000719646751
0.09370059687046299 0.05683955561668738
0.09372479432166479 0.056789088464186184
0.09374899177286661 0.056738605787502616
0.09377318922406841 0.056688107634989354
0.09379738667527021 0.05663759405481382
0.09382158412647201 0.05658706509495922
0.09384578157767383 0.05653652080322515
0.09386997902887564 0.05648596122722869
0.09389417648007745 0.056435386414405056
0.09391837393127925 0.05638479641200846
0.09394257138248105 0.05633419126711297
0.09396676883368286 0.056283571026613306
0.09399096628488467 0.05623293573722579
0.09401516373608648 0.05618274187453049
0.09403936118728828 0.05613280496098045
0.09406355863849009 0.05608285312474541
0.09408775608969189 0.05603288641122176
0.0941119535408937 0.055982904865631615
0.09413615099209552 0.05593290853302352
0.09416034844329732 0.05588289745827332
0.09418454589449912 0.05583287168608488
0.09420874334570092 0.05578283126099084
0.09423294079690274 0.055732776227353405
0.09425713824810454 0.05568270662936518
0.09428133569930636 0.05563262251104974
0.09430553315050816 0.05558252391626266
0.09432973060170996 0.055532410888691965
0.09435392805291176 0.05548228347185907
0.09437812550411358 0.05543214170911948
0.0944023229553154 0.05538205555287136
0.0944265204065172 0.05533261343829038
0.094450717857719 0.055283157087567265
0.0944749153089208 0.05523368654278877
0.09449911276012261 0.055184201845879355
0.09452331021132442 0.055134703038602136
0.09454750766252623 0.055085190162559264
0.09457170511372803 0.05503566325919296
0.09459590256492983 0.054986122369785916
0.09462010001613164 0.05493656753546222
0.09464429746733345 0.054886998797187884
0.09466849491853527 0.05483741619577162
0.09469269236973707 0.05478781977186566
0.09471688982093887 0.05473820956596606
0.09474108727214067 0.05468858561841372
0.09476528472334249 0.05463894796939488
0.09478948217454429 0.05458929665894192
0.0948136796257461 0.05454003050630724
0.09483787707694791 0.054491060027530444
0.09486207452814971 0.05444207938079837
0.09488627197935151 0.05439308859652495
0.09491046943055333 0.05434408770503465
0.09493466688175514 0.054295076736562746
0.09495886433295694 0.05424605572125589
0.09498306178415875 0.05419702468917228
0.09500725923536055 0.05414798367028213
0.09503145668656236 0.054098932694468055
0.09505565413776416 0.05404987179152557
0.09507985158896598 0.05400080099116319
0.09510404904016778 0.0539517203230031
0.09512824649136958 0.05390262981658125
0.09515244394257139 0.05385352950134804
0.0951766413937732 0.053804419406668344
0.09520083884497502 0.053755325189098674
0.09522503629617682 0.05370693512013232
0.09524923374737862 0.05365853583849839
0.09527343119858042 0.0536101273715469
0.09529762864978224 0.0535617097465519
0.09532182610098404 0.053513282990711813
0.09534602355218585 0.0534648471311495
0.09537022100338766 0.05341640219491289
0.09539441845458946 0.05336794820897508
0.09541861590579126 0.053319485200234794
0.09544281335699308 0.0532710131955166
0.09546701080819489 0.05322253222157136
0.09549120825939669 0.05317404230507645
0.0955154057105985 0.05312554347263604
0.0955396031618003 0.05307703575078155
0.09556380061300211 0.05302851916597175
0.09558799806420391 0.052979993744593404
0.09561219551540573 0.05293182619690933
0.09563639296660753 0.05288401070286855
0.09566059041780933 0.05283618641614961
0.09568478786901113 0.052788353362399024
0.09570898532021295 0.052740511567192366
0.09573318277141477 0.052692661056034776
0.09575738022261657 0.05264480185436113
0.09578157767381837 0.052596933987536294
0.09580577512502017 0.052549057480855546
0.09582997257622197 0.05250117235954475
0.09585417002742379 0.0524532786487608
0.0958783674786256 0.05240537637359173
0.0959025649298274 0.052357465559057285
0.0959267623810292 0.05230954623010885
0.09595095983223101 0.05226161841162998
0.09597515728343282 0.05221368212843672
0.09599935473463464 0.05216573740527771
0.09602355218583644 0.05211836340952679
0.09604774963703824 0.052070996858042944
0.09607194708824005 0.05202362190764862
0.09609614453944185 0.051976238582451886
0.09612034199064366 0.05192884690649479
0.09614453944184548 0.05188144690375354
0.09616873689304728 0.05183403859813882
0.09619293434424908 0.05178662201349603
0.09621713179545088 0.051739197173605624
0.0962413292466527 0.0516917641021833
0.09626552669785451 0.05164432282288038
0.09628972414905632 0.051596873359284146
0.09631392160025812 0.0515494157349178
0.09633811905145992 0.051501949973241014
0.09636231650266172 0.051454476097650144
0.09638651395386354 0.05140699413147843
0.09641071140506535 0.05135980498835823
0.09643490885626715 0.051312985904680954
0.09645910630746896 0.05126615779146619
0.09648330375867076 0.05121932067310171
0.09650750120987257 0.0511724745738994
0.09653169866107437 0.05112561951809573
0.09655589611227619 0.051078755529851895
0.09658009356347799 0.05103188263325437
0.0966042910146798 0.050985000852314936
0.0966284884658816 0.05093811021097108
0.09665268591708341 0.05089121073308642
0.09667688336828523 0.050844302442450785
0.09670108081948703 0.050797385362780736
0.09672527827068883 0.05075045951771962
0.09674947572189063 0.050703524930838115
0.09677367317309245 0.05065658162563426
0.09679787062429425 0.05060962962553402
0.09682206807549606 0.0505632332978816
0.09684626552669787 0.050516882021404204
0.09687046297789967 0.050470521331016434
0.09689466042910147 0.05042415125055603
0.09691885788030329 0.050377771803778316
0.0969430553315051 0.05033138301435637
0.0969672527827069 0.050284984905881444
0.0969914502339087 0.05023857750186323
0.0970156476851105 0.050192160825730095
0.09703984513631232 0.05014573490082948
0.09706404258751412 0.05009929975042823
0.09708824003871594 0.05005285539771277
0.09711243748991774 0.050006401865789536
0.09713663494111954 0.04995993917768519
0.09716083239232134 0.04991346735634695
0.09718502984352316 0.04986698642464282
0.09720922729472498 0.0498207480992874
0.09723342474592678 0.04977490901479362
0.09725762219712858 0.04972906083429143
0.09728181964833038 0.04968320357983152
0.0973060170995322 0.04963733727338617
0.097330214550734 0.04959146193684981
0.09735441200193581 0.0495455775920389
0.09737860945313762 0.04949968426069268
0.09740280690433942 0.04945378196447305
0.09742700435554122 0.0494078707249651
0.09745120180674303 0.04936195056367723
0.09747539925794485 0.04931602150204154
0.09749959670914665 0.049270083561414074
0.09752379416034845 0.04922413676307502
0.09754799161155026 0.049178181128229005
0.09757218906275207 0.04913221667800542
0.09759638651395387 0.049086243433458715
0.09762058396515569 0.04904076637463285
0.09764478141635749 0.04899536915898323
0.09766897886755929 0.04894996315807882
0.0976931763187611 0.04890454839221561
0.09771737376996291 0.04885912488161529
0.09774157122116472 0.04881369264642538
0.09776576867236653 0.04876825170671976
0.09778996612356833 0.04872280208249853
0.09781416357477013 0.048677343793688606
0.09783836102597195 0.04863187686014374
0.09786255847717375 0.04858640130164501
0.09788675592837556 0.0485409171379007
0.09791095337957736 0.04849542438854698
0.09793515083077917 0.04844992307314777
0.09795934828198097 0.048404413211195214
0.09798354573318278 0.048358894822109824
0.0980077431843846 0.0483135150176027
0.0980319406355864 0.04826843754512063
0.0980561380867882 0.04822334895183286
0.09808033553799 0.04817824925829497
0.09810453298919182 0.048133138484946575
0.09812873044039362 0.04808801665211184
0.09815292789159544 0.04804288377999946
0.09817712534279724 0.047997739888703254
0.09820132279399904 0.04795258499820214
0.09822552024520084 0.047907419128360676
0.09824971769640266 0.04786224229892912
0.09827391514760447 0.04781705452954391
0.09829811259880628 0.0477718558397278
0.09832231005000808 0.047726646248890114
0.09834650750120988 0.047681425776327065
0.0983707049524117 0.047636194441221934
0.0983949024036135 0.04759095226264557
0.09841909985481531 0.04754572731081636
0.09844329730601711 0.047500491994433576
0.09846749475721892 0.047455238015365275
0.09849169220842072 0.04740996539128186
0.09851588965962253 0.04736467413954009
0.09854008711082435 0.047319364277183376
0.09856428456202615 0.04727403582094196
0.09858848201322795 0.04722868878723286
0.09861267946442975 0.04718332319216016
0.09863687691563156 0.04713793905151503
0.09866107436683337 0.04709253638077583
0.09868527181803519 0.047047115195108284
0.09870946926923699 0.04700167550936548
0.09873366672043879 0.04695621733808782
0.09875786417164059 0.04691074069550335
0.09878206162284241 0.04686524559552743
0.09880625907404422 0.04680826652964397
0.09883045652524602 0.04671841350280244
0.09885465397644783 0.0466285491346493
0.09887885142764963 0.04653867350927634
0.09890304887885143 0.04644878671067221
0.09892724633005325 0.046358888822724674
0.09895144378125506 0.04626897992922316
0.09897564123245686 0.04617906011386113
0.09899983868365866 0.046089129460238326
0.09902403613486047 0.04599918805186327
0.09904823358606228 0.0459092359721557
0.0990724310372641 0.04581927330444894
0.0990966284884659 0.045729300131992355
0.0991208259396677 0.045639316537953625
0.0991450233908695 0.04554932260542129
0.0991692208420713 0.04545931841740709
0.09919341829327312 0.04536930405684832
0.09921761574447494 0.045277099905070894
0.09924181319567674 0.04518408170537133
0.09926601064687854 0.04509106552265648
0.09929020809808034 0.04499805139411385
0.09931440554928216 0.04490503935696121
0.09933860300048396 0.044812029448447414
0.09936280045168577 0.044719021705852104
0.09938699790288757 0.04462601616648671
0.09941119535408938 0.044533012867694344
0.09943539280529118 0.04444001184685048
0.099459590256493 0.044347013141363086
0.09948378770769481 0.04425401678867325
0.09950798515889661 0.04416102282625547
0.09953218261009841 0.04406803129161784
0.09955638006130021 0.04397504222230263
0.09958057751250203 0.04388205565588655
0.09960477496370383 0.04379007067651458
0.09962897241490565 0.04370215125408439
0.09965316986610745 0.043614233233784806
0.09967736731730925 0.04352631661655555
0.09970156476851105 0.043438401403336276
0.09972576221971287 0.04335048759506659
0.09974995967091468 0.043262575192686156
0.09977415712211649 0.04317466419713462
0.09979835457331829 0.04308675460935148
0.09982255202452009 0.042998846430276294
0.0998467494757219 0.04291093966084846
0.0998709469269237 0.04282303430200754
0.09989514437812552 0.042735130354692896
0.09991934182932732 0.042647227819843994
0.09994353928052913 0.042559326698400145
0.09996773673173093 0.04247142699130068
0.09999193418293274 0.04238352869948484
0.10001613163413456 0.0422975562432658
0.10004032908533636 0.042212547370796966
0.10006452653653816 0.04212753986468345
0.10008872398773996 0.04204253372583355
0.10011292143894178 0.041957528955155546
0.10013711889014358 0.041872525553557846
0.1001613163413454 0.04178752352194856
0.1001855137925472 0.04170252286123601
0.100209711243749 0.041617523572328334
0.1002339086949508 0.04153252565613368
0.10025810614615262 0.04144752911356016
0.10028230359735443 0.04136253394551586
0.10030650104855623 0.041277540152908895
0.10033069849975804 0.04119254773664725
0.10035489595095984 0.041107556697638915
0.10037909340216165 0.041022567036791815
0.10040329085336346 0.040937962359103304
0.10042748830456527 0.04085579604671551
0.10045168575576707 0.04077363106432679
0.10047588320696887 0.04069146741281485
0.10050008065817068 0.040609305093057366
0.10052427810937249 0.04052714410593191
0.10054847556057431 0.04044498445231623
0.10057267301177611 0.040362826133087934
0.10059687046297791 0.04028066914912455
0.10062106791417971 0.0401985135013036
0.10064526536538153 0.04011635919050258
0.10066946281658333 0.040034206217599004
0.10069366026778515 0.03995205458347023
0.10071785771898695 0.03986990428899378
0.10074205517018875 0.039787755335047
0.10076625262139055 0.039705607722507176
0.10079045007259237 0.03962346145225161
0.10081464752379418 0.03954298397569368
0.10083884497499598 0.03946359495139659
0.10086304242619779 0.039384207221975234
0.10088723987739959 0.03930482078827742
0.1009114373286014 0.03922543565115088
0.1009356347798032 0.03914605181144342
0.10095983223100502 0.03906666927000265
0.10098402968220682 0.03898728802767637
0.10100822713340862 0.03890790808531211
0.10103242458461043 0.03882852944375751
0.10105662203581224 0.03874915210386011
0.10108081948701406 0.03866977606646748
0.10110501693821586 0.03859040133242721
0.10112921438941766 0.0385110279025867
0.10115341184061946 0.03843165577779342
0.10117760929182128 0.038352284958894735
0.10120180674302308 0.038273101508087784
0.1012260041942249 0.03819622517212839
0.1012502016454267 0.03811935009905236
0.1012743990966285 0.03804247628968034
0.1012985965478303 0.037965603744833036
0.10132279399903212 0.03788873246533105
0.10134699145023393 0.03781186245199504
0.10137118890143573 0.03773499370564567
0.10139538635263753 0.03765812622710344
0.10141958380383934 0.03758126001718885
0.10144378125504114 0.037504395076722444
0.10146797870624295 0.03742753140652467
0.10149217615744477 0.037350669007415925
0.10151637360864657 0.03727380788021672
0.10154057105984837 0.0371969480257474
0.10156476851105017 0.03712008944482824
0.10158896596225199 0.037043232138279585
0.1016131634134538 0.03696780282126244
0.10163736086465561 0.03689357066532357
0.10166155831585741 0.036819339737943636
0.10168575576705921 0.036745110039914916
0.10170995321826101 0.0366708815720296
0.10173415066946283 0.03659665433507981
0.10175834812066464 0.036522428329857706
0.10178254557186645 0.03644820355715545
0.10180674302306825 0.03637398001776509
0.10183094047427005 0.03629975771247866
0.10185513792547186 0.036225536642088135
0.10187933537667368 0.03615131680738551
0.10190353282787548 0.036077098209162835
0.10192773027907728 0.03600288084821195
0.10195192773027908 0.03592866472532475
0.10197612518148089 0.03585444984129312
0.1020003226326827 0.03578026853798659
0.10202452008388452 0.03570848169212201
0.10204871753508632 0.03563669604256535
0.10207291498628812 0.03556491159008244
0.10209711243748992 0.035493128335439134
0.10212130988869174 0.035421346279401245
0.10214550733989354 0.035349565422734625
0.10216970479109536 0.03527778576620495
0.10219390224229716 0.03520600731057808
0.10221809969349896 0.035134230056619684
0.10224229714470076 0.035062454005095396
0.10226649459590258 0.034990679156770836
0.10229069204710439 0.034918905512411696
0.1023148894983062 0.03484713307278356
0.102339086949508 0.034775361838651965
0.1023632844007098 0.03470359181078242
0.10238748185191161 0.03463182298994041
0.10241167930311341 0.034561162665474654
0.10243587675431523 0.03449169033546878
0.10246007420551703 0.03442221917201113
0.10248427165671883 0.034352749175842634
0.10250846910792064 0.03428328034770418
0.10253266655912245 0.034213812688336585
0.10255686401032427 0.03414434619848076
0.10258106146152607 0.03407488087887756
0.10260525891272787 0.034005416730267725
0.10262945636392967 0.03393595375339203
0.10265365381513149 0.03386649194899114
0.10267785126633329 0.03379703131780582
0.1027020487175351 0.0337275718605767
0.1027262461687369 0.033658113578044456
0.10275044361993871 0.03358865647094968
0.10277464107114051 0.03351920054003295
0.10279883852234233 0.03344974578603473
0.10282303597354414 0.033382538241521195
0.10284723342474594 0.03331544507750991
0.10287143087594774 0.03324835304835213
0.10289562832714955 0.0331812621547632
0.10291982577835136 0.03311417239745833
0.10294402322955316 0.03304708377715284
0.10296822068075498 0.0329799962945619
0.10299241813195678 0.03291290995040074
0.10301661558315858 0.03284582474538451
0.10304081303436038 0.032778740680228326
0.1030650104855622 0.03271165775564726
0.10308920793676402 0.03264457597235638
0.10311340538796582 0.03257749533107082
0.10313760283916762 0.03251041583250551
0.10316180029036942 0.03244333747737547
0.10318599774157124 0.03237626026639557
0.10321019519277304 0.03232163546442341
0.10323439264397485 0.03228411219840902
0.10325859009517666 0.032246589520577996
0.10328278754637846 0.03220906743133065
0.10330698499758026 0.03217154593106731
0.10333118244878207 0.03213402502018826
0.10335537989998389 0.03209650469909381
0.10337957735118569 0.03205898496818427
0.1034037748023875 0.0320214658278599
0.1034279722535893 0.03198394727852092
0.10345216970479111 0.03194642932056756
0.10347636715599291 0.03190891195440009
0.10350056460719473 0.03187139518041868
0.10352476205839653 0.03183387899902355
0.10354895950959833 0.03179636341061487
0.10357315696080013 0.031758848415592796
0.10359735441200195 0.031721334014357436
0.10362155186320376 0.03171696419202449
0.10364574931440557 0.031716662868838695
0.10366994676560737 0.0317163614331918
0.10369414421680917 0.03171605988508806
0.10371834166801099 0.031715758224531744
0.10374253911921279 0.0317154564515271
0.1037667365704146 0.03171515456607845
0.1037909340216164 0.03171485256819005
0.1038151314728182 0.03171455045786622
0.10383932892402001 0.03171424823511124
0.10386352637522182 0.03171394589992941
0.10388772382642364 0.03171364345232505
0.10391192127762544 0.03171334089230243
0.10393611872882724 0.03171303821986592
0.10396031618002904 0.03171273543501983
0.10398451363123086 0.03171243253776847
0.10400871108243266 0.0317121295281162
0.10403290853363448 0.031711826406067324
0.10405710598483628 0.031711523171626205
0.10408130343603808 0.03171121982479718
0.10410550088723988 0.03171091636558462
0.1041296983384417 0.03171061279399286
0.10415389578964351 0.031710309110026286
0.10417809324084532 0.03171000531368925
0.10420229069204712 0.03170970140498613
0.10422648814324892 0.03170939738392131
0.10425068559445072 0.031709093250499164
0.10427488304565254 0.0317087890047241
0.10429908049685435 0.0317084846466005
0.10432327794805615 0.03170818017613275
0.10434747539925796 0.03170787559332526
0.10437167285045976 0.031707570898182456
0.10439587030166157 0.03170726609070874
0.10442006775286339 0.03170696117090852
0.10444426520406519 0.03170665613878626
0.10446846265526699 0.031706350994346356
0.1044926601064688 0.031706045737593246
0.1045168575576706 0.031705740368531396
0.10454105500887241 0.03170543488716523
0.10456525246007423 0.03170512929349919
0.10458944991127603 0.031704823587537755
0.10461364736247783 0.03170451776928536
0.10463784481367963 0.03170421183874649
0.10466204226488145 0.03170390579592563
0.10468623971608326 0.03170359964082724
0.10471043716728506 0.03170329337345578
0.10473463461848687 0.031702986993815754
0.10475883206968867 0.03170268050191169
0.10478302952089047 0.03170237389774805
0.10480722697209229 0.031702067181329334
0.1048314244232941 0.03170176035266007
0.1048556218744959 0.03170145341174475
0.1048798193256977 0.03170114635858791
0.1049040167768995 0.03170083919319406
0.10492821422810132 0.03170053191556772
0.10495241167930312 0.031700224525713465
0.10497660913050494 0.03169991702363581
0.10500080658170674 0.03169960940933929
0.10502500403290854 0.03169930168282845
0.10504920148411034 0.03169899384410788
0.10507339893531216 0.031698685893182116
0.10509759638651398 0.03169837783005572
0.10512179383771578 0.03169806965473327
0.10514599128891758 0.03169776136721935
0.10517018874011938 0.03169745296751852
0.1051943861913212 0.03169714445563539
0.105218583642523 0.031696835831574545
0.10524278109372481 0.03169652709534057
0.10526697854492661 0.03169621824693808
0.10529117599612842 0.031695909286371685
0.10531537344733022 0.03169560021364597
0.10533957089853203 0.03169529102876561
0.10536376834973385 0.031694981731735176
0.10538796580093565 0.03169467232255932
0.10541216325213745 0.03169436280124266
0.10543636070333925 0.03169405316778988
0.10546055815454107 0.03169374342220555
0.10548475560574287 0.0316934335644944
0.10550895305694469 0.03169312359466102
0.10553315050814649 0.031692813512710125
0.10555734795934829 0.03169250331864633
0.10558154541055009 0.031692193012474335
0.10560574286175191 0.0316918769813467
0.10562994031295372 0.031691542808470106
0.10565413776415553 0.03169120853506442
0.10567833521535733 0.03169087416113288
0.10570253266655913 0.031690539686678704
0.10572673011776094 0.03169020511170514
0.10575092756896275 0.0316898704362154
0.10577512502016456 0.03168953566021276
0.10579932247136636 0.03168920078370043
0.10582351992256817 0.03168886580668169
0.10584771737376997 0.0316885307291598
0.10587191482497178 0.03168819555113802
0.1058961122761736 0.0316878602726196
0.1059203097273754 0.031687524893607835
0.1059445071785772 0.031687189414106004
0.105968704629779 0.03168685383411739
0.10599290208098082 0.031686518153645274
0.10601709953218262 0.0316861757123809
0.10604129698338444 0.03168583040912613
0.10606549443458624 0.031685485009082304
0.10608969188578804 0.03168513951225245
0.10611388933698984 0.03168479391863962
0.10613808678819166 0.03168444822824691
0.10616228423939347 0.03168410244107737
0.10618648169059527 0.031683756557134055
0.10621067914179708 0.03168341057642008
0.10623487659299888 0.031683064498938485
0.1062590740442007 0.0316827183246924
0.1062832714954025 0.03168237205368489
0.10630746894660431 0.03168202568591904
0.10633166639780611 0.03168167922139799
0.10635586384900791 0.03168133266012483
0.10638006130020972 0.031680986002102646
0.10640425875141153 0.03168063924701616
0.10642845620261335 0.03168029239369641
0.10645265365381515 0.03167994544363767
0.10647685110501695 0.03167959839684309
0.10650104855621875 0.031679251253315804
0.10652524600742057 0.031678904013058964
0.10654944345862237 0.0316785566760757
0.10657364090982419 0.03167820924236918
0.10659783836102599 0.03167786171194256
0.10662203581222779 0.03167751408479901
0.10664623326342959 0.03167716636094167
0.1066704307146314 0.03167681854037375
0.10669462816583322 0.0316764706230984
0.10671882561703502 0.0316761226091188
0.10674302306823683 0.03167577449843816
0.10676722051943863 0.03167542629105967
0.10679141797064044 0.03167507798698651
0.10681561542184224 0.031674729586221896
0.10683981287304406 0.031674381088769035
0.10686401032424586 0.031674032494631146
0.10688820777544766 0.03167368380381144
0.10691240522664947 0.03167333501631315
0.10693660267785128 0.0316729861321395
0.1069608001290531 0.03167263715129371
0.1069849975802549 0.03167228807377903
0.1070091950314567 0.03167193889959874
0.1070333924826585 0.031671589628756006
0.1070575899338603 0.031671240261254174
0.10708178738506212 0.03167089079709643
0.10710598483626393 0.03167054123628609
0.10713018228746574 0.03167019157882639
0.10715437973866754 0.031669841824720615
0.10717857718986934 0.03166949197397207
0.10720277464107116 0.031669142026584
0.10722697209227297 0.03166879198255971
0.10725116954347477 0.03166844184190252
0.10727536699467657 0.03166809160461569
0.10729956444587838 0.03166774127070256
0.10732376189708018 0.03166739084016642
0.107347959348282 0.03166704031301059
0.10737215679948381 0.031666689689238386
0.10739635425068561 0.03166633896885315
0.10742055170188741 0.031665988151858206
0.10744474915308921 0.03166563723825691
0.10746894660429103 0.03166528622805256
0.10749314405549285 0.03166493512124852
0.10751734150669465 0.03166458391784818
0.10754153895789645 0.03166423261785484
0.10756573640909825 0.0316638812212719
0.10758993386030005 0.03166352972810273
0.10761413131150187 0.031663178138350664
0.10763832876270368 0.031662826452019115
0.10766252621390549 0.03166247466911147
0.10768672366510729 0.03166212278963109
0.10771092111630909 0.0316617708135814
0.1077351185675109 0.03166141874096577
0.1077593160187127 0.031661066571787765
0.10778351346991452 0.0316607143060536
0.10780771092111632 0.03166036194376372
0.10783190837231812 0.03166000948492153
0.10785610582351993 0.031659656929530475
0.10788030327472174 0.03165930427759395
0.10790450072592356 0.031658951529115416
0.10792869817712536 0.03165859868409831
0.10795289562832716 0.03165824574254609
0.10797709307952896 0.03165789270446219
0.10800129053073078 0.03165753956994541
0.10802548798193258 0.031657186340595854
0.1080496854331344 0.03165683301472434
0.1080738828843362 0.03165647959233437
0.108098080335538 0.031656126073429415
0.1081222777867398 0.031655772458012925
0.10814647523794162 0.031655418746088425
0.10817067268914343 0.031655064937659405
0.10819487014034523 0.03165471103272934
0.10821906759154704 0.031654357031301754
0.10824326504274884 0.03165400293338014
0.10826746249395065 0.03165364873896804
0.10829165994515245 0.03165329444806895
0.10831585739635427 0.031652940060686384
0.10834005484755607 0.03165258557682391
0.10836425229875787 0.031652230996485044
0.10838844974995968 0.03165187631967332
0.10841264720116149 0.03167147792781684
0.1084368446523633 0.031709304258449734
0.10846104210356511 0.031747129636150485
0.10848523955476691 0.0317849540605736
0.10850943700596871 0.03182277753137359
0.10853363445717053 0.031860600048205026
0.10855783190837233 0.0318984216107224
0.10858202935957414 0.03193624221858033
0.10860622681077595 0.03197406187143339
0.10863042426197775 0.03201188056893623
0.10865462171317955 0.03204969831074348
0.10867881916438137 0.03208751509650982
0.10870301661558318 0.032125330925889935
0.10872721406678498 0.03216314579853852
0.10875141151798678 0.03220095971411032
0.10877560896918859 0.03223877267226011
0.1087998064203904 0.0322765846726427
0.1088240038715922 0.03234461323290954
0.10884820132279402 0.03241288384078708
0.10887239877399582 0.0324811528032458
0.10889659622519762 0.03254942011966228
0.10892079367639942 0.03261768578941306
0.10894499112760124 0.032685949811874754
0.10896918857880306 0.032754212186423964
0.10899338603000486 0.032822472912437325
0.10901758348120666 0.032890731989291544
0.10904178093240846 0.03295898941636336
0.10906597838361028 0.03302724519302958
0.10909017583481208 0.03309549931866696
0.1091143732860139 0.03316375179265242
0.1091385707372157 0.03323200261436278
0.1091627681884175 0.033300251783174965
0.1091869656396193 0.033368499298465956
0.10921116309082111 0.0334378305852828
0.10923536054202293 0.033508427554061464
0.10925955799322473 0.03357902281418118
0.10928375544442653 0.03364961636499765
0.10930795289562834 0.03372020820586651
0.10933215034683015 0.0337907983361435
0.10935634779803195 0.033861386755184304
0.10938054524923377 0.03393197346234474
0.10940474270043557 0.03400255845698061
0.10942894015163737 0.034073141738447776
0.10945313760283917 0.03414372330610214
0.10947733505404099 0.03421430315929969
0.1095015325052428 0.03428488129739635
0.1095257299564446 0.0343554577197481
0.10954992740764641 0.03442603242571106
0.10957412485884821 0.03449660541464131
0.10959832231005003 0.03456717668589504
0.10962251976125183 0.034640117929852034
0.10964671721245364 0.034713234086492
0.10967091466365544 0.034786348465556206
0.10969511211485725 0.034859461066377724
0.10971930956605905 0.03493257188828961
0.10974350701726086 0.03500568093062505
0.10976770446846268 0.03507878819231026
0.10979190191966448 0.03515189367349134
0.10981609937086628 0.03522499737309551
0.10984029682206808 0.03529809929045604
0.10986449427326989 0.03537119942490626
0.1098886917244717 0.03544429777577958
0.10991288917567352 0.035517394342409345
0.10993708662687532 0.035590489124128974
0.10996128407807712 0.035663582120272
0.10998548152927892 0.03573667333017195
0.11000967898048074 0.03581080804964711
0.11003387643168255 0.03588650888448309
0.11005807388288436 0.035962207871357274
0.11008227133408616 0.03603790500957958
0.11010646878528796 0.03611360029845991
0.11013066623648976 0.03618929373730821
0.11015486368769158 0.03626498532543452
0.11017906113889339 0.03634067506214883
0.1102032585900952 0.0364163629467612
0.110227456041297 0.03649204897858177
0.1102516534924988 0.03656773315692074
0.11027585094370061 0.036643415481088314
0.11030004839490243 0.03671909595039479
0.11032424584610423 0.036794774564150354
0.11034844329730603 0.03687045132166546
0.11037264074850783 0.03694612622225046
0.11039683819970963 0.0370217992652158
0.11042103565091145 0.03709974178726688
0.11044523310211327 0.037178023791612204
0.11046943055331507 0.037256303876283405
0.11049362800451687 0.03733458204056734
0.11051782545571867 0.03741285828375079
0.11054202290692049 0.037491132605120735
0.11056622035812229 0.037569405003964
0.1105904178093241 0.03764767547956765
0.1106146152605259 0.037725944031218595
0.11063881271172771 0.03780421065820399
0.11066301016292951 0.037882475359810895
0.11068720761413132 0.03796073813532656
0.11071140506533314 0.038038998984038175
0.11073560251653494 0.03811725790523291
0.11075979996773674 0.03819551489819812
0.11078399741893855 0.03827376996222117
0.11080819487014036 0.03835295201413841
0.11083239232134216 0.03843394604259686
0.11085658977254398 0.03851493807672785
0.11088078722374578 0.038595928115793786
0.11090498467494758 0.038676916159057315
0.11092918212614938 0.038757902205781104
0.1109533795773512 0.03883888625522782
0.11097757702855301 0.0389198683066602
0.11100177447975482 0.039000848359340964
0.11102597193095662 0.039081826412532994
0.11105016938215842 0.039162802465499184
0.11107436683336024 0.039243776517502486
0.11109856428456204 0.039324748567805816
0.11112276173576385 0.0394057186156723
0.11114695918696565 0.039486686660364916
0.11117115663816746 0.03956765270114685
0.11119535408936926 0.03964861673728128
0.11121955154057107 0.03973201094665742
0.11124374899177289 0.039815981271628866
0.11126794644297469 0.039899949786697905
0.11129214389417649 0.03998391649085283
0.1113163413453783 0.04006788138308204
0.11134053879658011 0.04015184446237399
0.11136473624778191 0.04023580572771717
0.11138893369898373 0.04031976517810038
0.11141313115018553 0.04040372281251226
0.11143732860138733 0.0404876786299418
0.11146152605258913 0.04057163262937799
0.11148572350379095 0.04065558480980997
0.11150992095499276 0.04073953517022694
0.11153411840619457 0.040823483709618164
0.11155831585739637 0.040907430426973125
0.11158251330859817 0.040991375321281366
0.11160671075979998 0.04107616045748391
0.11163090821100179 0.0411631381665823
0.1116551056622036 0.04125011431283107
0.1116793031134054 0.04133708889459698
0.1117035005646072 0.04142406191024725
0.11172769801580901 0.04151103335814938
0.11175189546701082 0.04159800323667137
0.11177609291821264 0.04168497154418138
0.11180029036941444 0.041771938279048036
0.11182448782061624 0.0418589034396404
0.11184868527181804 0.04194586702432779
0.11187288272301986 0.04203282903148003
0.11189708017422166 0.04211978945946704
0.11192127762542348 0.04220674830665948
0.11194547507662528 0.042293705571427996
0.11196967252782708 0.04238066125214386
0.11199386997902888 0.04246761534717862
0.1120180674302307 0.04255680983925004
0.11204226488143251 0.04264676337605815
0.11206646233263431 0.04273671527692119
0.11209065978383612 0.04282666554015464
0.11211485723503792 0.04291661416407438
0.11213905468623973 0.0430065611469967
0.11216325213744154 0.043096506487238076
0.11218744958864335 0.043186450183115656
0.11221164703984515 0.043276392232946694
0.11223584449104695 0.04336633263504896
0.11226004194224876 0.04345627138774059
0.11228423939345057 0.04354620848934015
0.11230843684465239 0.04363614393816646
0.11233263429585419 0.043726077732538726
0.11235683174705599 0.04381600987077663
0.11238102919825779 0.04390594035120021
0.11240522664945961 0.044004666143321304
0.11242942410066141 0.04413531964258964
0.11245362155186323 0.04426597085513034
0.11247781900306503 0.044396619778486635
0.11250201645426683 0.04452726641020247
0.11252621390546864 0.04465791074782235
0.11255041135667045 0.0447885527888911
0.11257460880787225 0.04491919253095434
0.11259880625907406 0.04504982997155821
0.11262300371027587 0.04518046510824919
0.11264720116147767 0.04531109793857453
0.11267139861267948 0.045441728460082056
0.11269559606388128 0.0455723566703199
0.11271979351508309 0.0457029825668369
0.1127439909662849 0.045833606147182564
0.1127681884174867 0.04596422740890664
0.11279238586868852 0.046094846349559744
0.11281658331989032 0.046250329464621875
0.11284078077109212 0.04641722708165954
0.11286497822229394 0.04658412180644147
0.11288917567349574 0.046751013635828724
0.11291337312469754 0.046917902566683344
0.11293757057589936 0.047084788595868
0.11296176802710116 0.047251671720245914
0.11298596547830296 0.04741855193668114
0.11301016292950478 0.04758542924203855
0.11303436038070658 0.04775230363318341
0.1130585578319084 0.04791917510698203
0.1130827552831102 0.04808604366030106
0.113106952734312 0.048252909290008104
0.11313115018551381 0.048419771992971566
0.11315534763671561 0.048586631766060144
0.11317954508791742 0.048753488606143605
0.11320374253911923 0.048921896689932194
0.11322793999032103 0.04909879613993461
0.11325213744152283 0.04927569248938261
0.11327633489272465 0.049452585734957755
0.11330053234392645 0.04962947587334195
0.11332472979512827 0.04980636290121827
0.11334892724633007 0.049983246815270145
0.11337312469753187 0.05016012761218212
0.11339732214873369 0.050337005288639367
0.11342151959993549 0.050513879841327526
0.11344571705113729 0.05069075126693334
0.1134699145023391 0.05086761956214421
0.11349411195354091 0.051044484723648094
0.11351830940474271 0.05122134674813384
0.11354250685594452 0.051398205632291194
0.11356670430714633 0.051575061372810226
0.11359090175834813 0.05175191396638214
0.11361509920954994 0.05193539927192221
0.11363929666075175 0.05212287981856546
0.11366349411195356 0.05231035703858256
0.11368769156315536 0.05249783092846571
0.11371188901435716 0.05268530148470836
0.11373608646555898 0.05287276870380458
0.11376028391676078 0.053060232582249005
0.11378448136796258 0.053247693116537355
0.1138086788191644 0.053435150303166166
0.1138328762703662 0.053622604138632395
0.113857073721568 0.05381005461943412
0.11388127117276982 0.0539975017420702
0.11390546862397162 0.054184945503040004
0.11392966607517344 0.05437238589884406
0.11395386352637524 0.0545598229259833
0.11397806097757704 0.05474725658095972
0.11400225842877885 0.05493573407292397
0.11402645587998066 0.05513438100955235
0.11405065333118246 0.05533302438220254
0.11407485078238427 0.055531664187167554
0.11409904823358608 0.055730300420740786
0.11412324568478788 0.0559289330792169
0.11414744313598969 0.056127562158891336
0.1141716405871915 0.05632618765606008
0.11419583803839331 0.05652480956702038
0.11422003548959511 0.056723427888069854
0.11424423294079691 0.056922042615507325
0.11426843039199873 0.05712065374563237
0.11429262784320053 0.057319261274745195
0.11431682529440233 0.057517865199147034
0.11434102274560415 0.05771646551514007
0.11436522019680595 0.057915062219026925
0.11438941764800775 0.05811365530711139
0.11441361509920957 0.05831896079173406
0.11443781255041137 0.0585294825319484
0.11446201000161318 0.05874000044972965
0.11448620745281499 0.05895051454115958
0.11451040490401679 0.059161024802321154
0.1145346023552186 0.05937153122929825
0.1145587998064204 0.05958203381817521
0.11458299725762221 0.05979253256503767
0.11460719470882402 0.060003027465972136
0.11463139216002582 0.06021351851706566
0.11465558961122763 0.060424005714406495
0.11467978706242944 0.06063448905408378
0.11470398451363124 0.060844968532187224
0.11472818196483306 0.06105544414480789
0.11475237941603486 0.06126591588803719
0.11477657686723666 0.061476383757967795
0.11480077431843848 0.06168725261004967
0.11482497176964028 0.06191036446839426
0.11484916922084208 0.06213347223195811
0.1148733666720439 0.06235657589659945
0.1148975641232457 0.06257967545817703
0.1149217615744475 0.06280277091255088
0.11494595902564932 0.06302586225558204
0.11497015647685112 0.06324894948313207
0.11499435392805292 0.06347203259106382
0.11501855137925474 0.06369511157524112
0.11504274883045654 0.06391818643152837
0.11506694628165835 0.0641412571557913
0.11509114373286015 0.06436432374389624
0.11511534118406196 0.06458738619171074
0.11513953863526377 0.06481044449510323
0.11516373608646557 0.0650334986499428
0.11518793353766738 0.06525654865209979
0.11521213098886919 0.06548629598421521
0.11523632844007099 0.06572270482752514
0.1152605258912728 0.06595910928118663
0.11528472334247461 0.06619550934082308
0.11530892079367641 0.06643190500205842
0.11533311824487823 0.06666829626051822
0.11535731569608003 0.06690468311182847
0.11538151314728183 0.06714106555161649
0.11540571059848365 0.0673774435755106
0.11542990804968545 0.06761381717913986
0.11545410550088725 0.06785018635813449
0.11547830295208907 0.06808655110812589
0.11550250040329087 0.06832291142474596
0.11552669785449267 0.068559267303628
0.11555089530569448 0.06879561874040635
0.11557509275689629 0.06903196573071588
0.1155992902080981 0.06926830827019306
0.1156234876592999 0.06951844241549622
0.1156476851105017 0.06976898877711629
0.11567188256170352 0.07001953043295392
0.11569608001290532 0.07027006737838286
0.11572027746410712 0.07052059960877867
0.11574447491530894 0.07077112711951773
0.11576867236651074 0.07102164990597719
0.11579286981771254 0.07127216796353557
0.11581706726891436 0.07152268128757255
0.11584126472011616 0.07177318987346834
0.11586546217131798 0.07202369371660483
0.11588965962251978 0.07227419281236437
0.11591385707372158 0.07252468715613081
0.1159380545249234 0.07277517674328894
0.1159622519761252 0.07302566156922438
0.115986449427327 0.07327614162932408
0.11601064687852881 0.07341613071371438
0.11603484432973062 0.073415499326092
0.11605904178093242 0.07341486748169958
0.11608323923213423 0.0734142351806141
0.11610743668333603 0.07341360242291255
0.11613163413453785 0.07341296920867191
0.11615583158573965 0.07341233553796907
0.11618002903694145 0.073411701410881
0.11620422648814327 0.07341106682748474
0.11622842393934507 0.07341043178785717
0.11625262139054687 0.07340979629207528
0.11627681884174869 0.07340916034021597
0.11630101629295049 0.07340852393235624
0.11632521374415229 0.07340788706857303
0.11634941119535411 0.07340724974894329
0.11637360864655591 0.073406611973544
0.11639780609775771 0.07340597374245207
0.11642200354895953 0.07340856164371945
0.11644620100016133 0.07341144581969138
0.11647039845136314 0.07341430342332235
0.11649459590256495 0.0734171345077139
0.11651879335376675 0.0734199391255975
0.11654299080496856 0.0734227173293364
0.11656718825617036 0.07342546917092668
0.11659138570737217 0.07342819470199907
0.11661558315857398 0.07343089397381998
0.11663978060977578 0.07343356703729335
0.11666397806097759 0.07343621394296164
0.1166881755121794 0.07343883474100747
0.1167123729633812 0.07344142948125489
0.11673657041458302 0.07344399821317085
0.11676076786578482 0.07344654098586645
0.11678496531698662 0.07344905784809833
0.11680916276818844 0.07345244639113468
0.11683336021939024 0.07345724993174454
0.11685755767059204 0.0734619815382343
0.11688175512179386 0.07346664142459268
0.11690595257299566 0.07347122980206357
0.11693015002419746 0.07347574687916227
0.11695434747539928 0.07348019286169159
0.11697854492660108 0.07348456795275778
0.11700274237780289 0.07348887235278594
0.1170269398290047 0.07349310625953566
0.1170511372802065 0.07349726986811599
0.11707533473140831 0.0735013633710003
0.11709953218261011 0.07350538695804124
0.11712372963381192 0.07350934081648494
0.11714792708501373 0.07351322513098545
0.11717212453621553 0.07351704008361858
0.11719632198741733 0.07352078585389592
0.11722051943861915 0.07352446261877822
0.11724471688982095 0.07352807055268895
0.11726891434102277 0.07353160982752731
0.11729311179222457 0.07353508061268134
0.11731730924342637 0.07353848307504045
0.11734150669462819 0.07354181737900817
0.11736570414582999 0.07354508368651438
0.11738990159703179 0.07354828215702741
0.1174140990482336 0.07355141294756601
0.11743829649943541 0.07355447621271108
0.11746249395063721 0.07355747210461706
0.11748669140183902 0.0735604007730235
0.11751088885304083 0.07356326236526595
0.11753508630424264 0.073566057026287
0.11755928375544444 0.073568784898647
0.11758348120664625 0.07357144612253473
0.11760767865784806 0.0735740408357774
0.11763187610904986 0.07357656917385134
0.11765607356025166 0.07357903126989147
0.11768027101145348 0.0735814272547014
0.11770446846265528 0.07358375725676296
0.11772866591385708 0.07358602140224564
0.1177528633650589 0.07358821981501579
0.1177770608162607 0.07359035261664564
0.1178012582674625 0.07359241992642238
0.11782545571866432 0.07359442186135658
0.11784965316986612 0.07359635853619093
0.11787385062106794 0.0735982300634085
0.11789804807226974 0.07360003655324092
0.11792224552347154 0.07360177811367632
0.11794644297467335 0.07360345485046735
0.11797064042587516 0.07360506686713851
0.11799483787707696 0.07360661426499393
0.11801903532827877 0.07360797483297657
0.11804323277948058 0.07360924477250717
0.11806743023068238 0.07361045816381889
0.11809162768188419 0.07361161508401212
0.118115825133086 0.07361271560850008
0.11814002258428781 0.07361375981101348
0.11816422003548961 0.07361474776360503
0.11818841748669141 0.07361567953665424
0.11821261493789323 0.0736165551988715
0.11823681238909503 0.07361737481730252
0.11826100984029683 0.07361813845733262
0.11828520729149865 0.07361884618269064
0.11830940474270045 0.0736194980554529
0.11833360219390225 0.0736200941360472
0.11835779964510407 0.07362063448325645
0.11838199709630587 0.07362111915422227
0.11840619454750768 0.07362148686190553
0.11843039199870949 0.07362163138715992
0.11845458944991129 0.07362173735879267
0.1184787869011131 0.07362180480757768
0.1185029843523149 0.07362183376350846
0.1185271818035167 0.07362182425579959
0.11855137925471852 0.07362177631288777
0.11857557670592032 0.07362168996243304
0.11859977415712213 0.07362156523132005
0.11862397160832394 0.07362140214565907
0.11864816905952574 0.07362120073078714
0.11867236651072756 0.07362096101126905
0.11869656396192936 0.07362068301089851
0.11872076141313116 0.073620366752699
0.11874495886433298 0.07362001225892484
0.11876915631553478 0.07361961955106182
0.11879335376673658 0.07361918864982848
0.1188175512179384 0.07361871957490418
0.1188417486691402 0.07361821234568963
0.118865946120342 0.07361766698071646
0.11889014357154382 0.07361708349764154
0.11891434102274562 0.07361646191335819
0.11893853847394743 0.07361580224399691
0.11896273592514924 0.07361510450492603
0.11898693337635104 0.07361436871075226
0.11901113082755285 0.07361359487532125
0.11903532827875465 0.07361278301171824
0.11905952572995646 0.07361193313226852
0.11908372318115827 0.07361104524853786
0.11910792063236007 0.073610119371333
0.11913211808356187 0.07360915551070199
0.11915631553476369 0.0736081536759348
0.11918051298596549 0.07360711387556321
0.1192047104371673 0.0736060395195627
0.11922890788836911 0.07360495233230506
0.11925310533957091 0.07360384568856018
0.11927730279077273 0.07360271959162695
0.11930150024197453 0.07360157404460828
0.11932569769317633 0.07360040905041089
0.11934989514437815 0.07359922461174563
0.11937409259557995 0.07359802073112713
0.11939829004678175 0.07359679741087442
0.11942248749798356 0.07359555465311031
0.11944668494918537 0.073594292459762
0.11947088240038717 0.07359301083256072
0.11949507985158898 0.07359170977304182
0.11951927730279079 0.073590389282545
0.1195434747539926 0.07358904936221408
0.1195676722051944 0.07358769001299705
0.1195918696563962 0.07358631123564628
0.11961606710759802 0.07358504292819269
0.11964026455879982 0.0735838334475429
0.11966446201000162 0.07358261959157338
0.11968865946120344 0.07358140136079357
0.11971285691240524 0.07358017875570387
0.11973705436360704 0.07357895177679592
0.11976125181480886 0.07357772042455234
0.11978544926601066 0.07357648469944682
0.11980964671721248 0.07357524460194416
0.11983384416841428 0.07357400013250018
0.11985804161961608 0.07357275129156186
0.1198822390708179 0.07357149807956719
0.1199064365220197 0.07357024049694529
0.1199306339732215 0.07356897854411634
0.11995483142442331 0.0735677122214916
0.11997902887562512 0.07356644152947348
0.12000322632682692 0.07356516646852082
0.12002742377802873 0.07356388703938833
0.12005162122923053 0.07356260324203338
0.12007581868043235 0.07356131507682266
0.12010001613163415 0.07356002254411398
0.12012421358283595 0.07355872564425618
0.12014841103403777 0.07355742437758932
0.12017260848523957 0.07355611874444443
0.12019680593644137 0.07355480874514365
0.12022100338764319 0.07355349438000029
0.12024520083884499 0.07355217564931864
0.12026939829004679 0.07355085255339422
0.12029359574124861 0.07354952509251354
0.12031779319245041 0.07354819326695422
0.12034199064365222 0.07354685707698501
0.12036618809485403 0.0735455165228658
0.12039038554605583 0.07354417160484744
0.12041458299725764 0.07354282232278692
0.12043878044845945 0.07354146867703464
0.12046297789966125 0.07354011066806525
0.12048717535086306 0.0735387482960941
0.12051137280206486 0.0735373815613276
0.12053557025326667 0.07353601046396326
0.12055976770446848 0.07353463500418973
0.12058396515567028 0.07353325518218676
0.12060816260687209 0.07353187099812514
0.1206323600580739 0.07353048245216678
0.1206565575092757 0.07352908954446473
0.12068075496047752 0.07352769227516306
0.12070495241167932 0.07352629064439709
0.12072914986288112 0.07352488465229301
0.12075334731408294 0.07352347429896833
0.12077754476528474 0.07352205958453156
0.12080174221648654 0.07352064050913829
0.12082593966768836 0.07351921707355465
0.12085013711889016 0.07351778927714837
0.12087433457009196 0.07351635711999241
0.12089853202129378 0.07351492060215076
0.12092272947249558 0.07351347972367853
0.12094692692369739 0.07351203448462189
0.1209711243748992 0.07351058488501815
0.120995321826101 0.07350913092489568
0.12101951927730281 0.07350767260427399
0.12104371672850461 0.0735062099231635
0.12106791417970642 0.07350474288156601
0.12109211163090823 0.07350327147947425
0.12111630908211003 0.07350179571687196
0.12114050653331183 0.07350031559373416
0.12116470398451365 0.07349883111002684
0.12118890143571545 0.07349734226570254
0.12121309888691727 0.07349584906021185
0.12123729633811907 0.07349435149355804
0.12126149378932087 0.07349284956609217
0.12128569124052269 0.07349134327773575
0.12130988869172449 0.07348983262840118
0.12133408614292629 0.07348831761799215
0.1213582835941281 0.07348679824640325
0.1213824810453299 0.07348527451352029
0.12140667849653171 0.07348374641922001
0.12143087594773352 0.0734822139633703
0.12145507339893533 0.07348067714583016
0.12147927085013714 0.07347913596644963
0.12150346830133894 0.07347759042506972
0.12152766575254074 0.07347604052152272
0.12155186320374256 0.07347448625563176
0.12157606065494436 0.07347292762721121
0.12160025810614616 0.07347136463607773
0.12162445555734798 0.07346979728307924
0.12164865300854978 0.07346822556695785
0.12167285045975158 0.07346664948749206
0.1216970479109534 0.07346506904445144
0.1217212453621552 0.07346348423759663
0.12174544281335702 0.07346189506667937
0.12176964026455882 0.07346030153144235
0.12179383771576062 0.07345870363161938
0.12181803516696244 0.07345710136693523
0.12184223261816424 0.07345549473710587
0.12186643006936604 0.07345388374183814
0.12189062752056785 0.07345226838082995
0.12191482497176966 0.07345064865377039
0.12193902242297146 0.0734490245603394
0.12196321987417327 0.07344739610020798
0.12198741732537507 0.07344576327303834
0.12201161477657688 0.0734743640768938
0.12203581222777869 0.07353571626071959
0.1220600096789805 0.0735970612510666
0.12208420713018231 0.07365839903631984
0.12210840458138411 0.07371972960485386
0.12213260203258591 0.07378105294503289
0.12215679948378773 0.07384236904521096
0.12218099693498953 0.07390367789373138
0.12220519438619133 0.0739649794789272
0.12222939183739315 0.07402627378912091
0.12225358928859495 0.07408756081262434
0.12227778673979675 0.0741488405377389
0.12230198419099857 0.0742101129527553
0.12232618164220037 0.07427137804595345
0.12235037909340218 0.07433263580560275
0.12237457654460399 0.07439388621996165
0.12239877399580579 0.07445512927727792
0.1224229714470076 0.07467243874061628
0.1224471688982094 0.0748980631132839
0.1224713663494112 0.0751236723797954
0.12249556380061302 0.07534926649895428
0.12251976125181482 0.07557484542954783
0.12254395870301663 0.07580040913034769
0.12256815615421844 0.07602595756010945
0.12259235360542024 0.076251490677572
0.12261655105662206 0.07647700844145833
0.12264074850782386 0.07670251081047447
0.12266494595902566 0.07692799774330998
0.12268914341022748 0.07715346919863764
0.12271334086142928 0.07737892513511295
0.12273753831263108 0.0776043655113745
0.1227617357638329 0.0778297902860438
0.1227859332150347 0.07805519941772432
0.1228101306662365 0.0782855861047578
0.12283432811743832 0.07852289461046887
0.12285852556864012 0.07876019337583806
0.12288272301984193 0.07899748239250126
0.12290692047104373 0.07923476165209457
0.12293111792224554 0.07947203114625537
0.12295531537344735 0.07970929086662182
0.12297951282464915 0.07994654080483232
0.12300371027585096 0.08018378095252672
0.12302790772705277 0.08042101130134538
0.12305210517825457 0.08065823184292925
0.12307630262945637 0.08089544256892033
0.12310050008065819 0.0811326434709614
0.12312469753185999 0.08136983454069568
0.12314889498306181 0.08160701576976767
0.12317309243426361 0.08184418714982208
0.12319728988546541 0.08208134867250476
0.12322148733666723 0.0823292759945417
0.12324568478786903 0.08257855290133749
0.12326988223907083 0.08282782031583044
0.12329407969027265 0.0830770782322399
0.12331827714147445 0.0833263266447857
0.12334247459267625 0.08357556554768909
0.12336667204387806 0.0838247949351721
0.12339086949507987 0.08407401480226916
0.12341506694628167 0.08432322514158266
0.12343926439748348 0.08457242594814691
0.12346346184868529 0.0848216172161873
0.1234876592998871 0.08507079893993034
0.1235118567510889 0.08531997111360318
0.1235360542022907 0.08556913373143407
0.12356025165349252 0.08581828678765224
0.12358444910469432 0.08606743027648744
0.12360864655589612 0.08632110204207809
0.12363284400709794 0.08658292527931613
0.12365704145829974 0.08684473848022546
0.12368123890950154 0.08710654163874355
0.12370543636070336 0.08736833474880892
0.12372963381190516 0.08763011780436047
0.12375383126310698 0.0878918907993386
0.12377802871430878 0.08815365372768413
0.12380222616551058 0.08841540658333923
0.1238264236167124 0.08867714936024698
0.1238506210679142 0.08893888205235101
0.123874818519116 0.08920060465359625
0.12389901597031781 0.08946231715792864
0.12392321342151962 0.08972401955929452
0.12394741087272142 0.0899857118516417
0.12397160832392323 0.09024739402891888
0.12399580577512503 0.0905090660850752
0.12402000322632685 0.0907816534025335
0.12404420067752865 0.09105652096167764
0.12406839812873045 0.09133137790788345
0.12409259557993227 0.09160622423479671
0.12411679303113407 0.09188105993606373
0.12414099048233587 0.09215588500533212
0.12416518793353769 0.09243069943625068
0.12418938538473949 0.09270550322246848
0.12421358283594129 0.09298029635763634
0.12423778028714311 0.09325507883540565
0.12426197773834491 0.09352985064942868
0.12428617518954672 0.09380461179335917
0.12431037264074853 0.09407936226085108
0.12433457009195033 0.09435410204556001
0.12435876754315214 0.09462883114114237
0.12438296499435395 0.0949035495412553
0.12440716244555575 0.09518239929259294
0.12443135989675756 0.09547108937801393
0.12445555734795936 0.09575976824383653
0.12447975479916117 0.09604843588339697
0.12450395225036298 0.0963370922900322
0.12452814970156478 0.09662573745708002
0.1245523471527666 0.09691437137787973
0.1245765446039684 0.09720299404577099
0.1246007420551702 0.09749160545409513
0.12462493950637202 0.09778020559619428
0.12464913695757382 0.09806879446541122
0.12467333440877562 0.09835737205509029
0.12469753185997744 0.09864593835857673
0.12472172931117924 0.0989344933692164
0.12474592676238104 0.0992230370803566
0.12477012421358286 0.09951156948534567
0.12479432166478466 0.0998000905775326
0.12481851911598646 0.10009980465651182
0.12484271656718827 0.10040294240636374
0.12486691401839008 0.10070606829096013
0.12489111146959189 0.1010091823033148
0.1249153089207937 0.10131228443644212
0.1249395063719955 0.101615374683358
0.12496370382319731 0.10191845303707929
0.12498790127439911 0.10222151949062357
0.12501209872560093 0.10252457403701003
0.12503629617680273 0.10282761666925842
0.12506049362800453 0.10313064738038977
0.12508469107920633 0.10343366616342632
0.12510888853040814 0.10373667301139126
0.12513308598160994 0.10403966791730877
0.12515728343281177 0.10434265087420454
0.12518148088401357 0.10464562187510415
0.12520567833521537 0.10495219854890203
0.1252298757864172 0.10527056133040748
0.125254073237619 0.10558891157034464
0.1252782706888208 0.10590724926138738
0.1253024681400226 0.10622557439621032
0.1253266655912244 0.10654388696748916
0.1253508630424262 0.10686218696790067
0.125375060493628 0.10718047439012277
0.1253992579448298 0.10749874922683451
0.12542345539603164 0.10781701147071646
0.12544765284723344 0.10813526111444906
0.12547185029843524 0.1084534981507151
0.12549604774963707 0.10877172257219848
0.12552024520083888 0.10908993437158311
0.12554444265204068 0.10940813354155503
0.12556864010324248 0.10972632007480095
0.12559283755444428 0.11004449396400902
0.12561703500564608 0.11027526392948053
0.12564123245684788 0.11046928107961079
0.1256654299080497 0.1106632901450305
0.12568962735925152 0.11085729112130346
0.12571382481045332 0.11105128400399342
0.12573802226165512 0.11124526878866552
0.12576221971285695 0.11143924547088552
0.12578641716405875 0.11163321404621919
0.12581061461526055 0.11182717451023365
0.12583481206646235 0.11202112685849643
0.12585900951766416 0.11221507108657577
0.12588320696886596 0.1124090071900406
0.12590740442006776 0.11260293516446035
0.12593160187126956 0.11279685500540539
0.1259557993224714 0.11299076670844667
0.1259799967736732 0.11318467026915544
0.126004194224875 0.1133696865777125
0.12602839167607682 0.11351234934865127
0.12605258912727862 0.11365500586745587
0.12607678657848043 0.11379765613088368
0.12610098402968223 0.11394030013569233
0.12612518148088403 0.11408293787863999
0.12614937893208583 0.11422556935648542
0.12617357638328763 0.11436819456598755
0.12619777383448944 0.1145108135039062
0.12622197128569124 0.11465342616700128
0.12624616873689307 0.1147960325520337
0.12627036618809487 0.1149386326557641
0.1262945636392967 0.11508122647495436
0.1263187610904985 0.11522381400636621
0.1263429585417003 0.11536639524676222
0.1263671559929021 0.11550897019290549
0.1263913534441039 0.11565153884155936
0.1264155508953057 0.11579606412721527
0.1264397483465075 0.11594167444099104
0.1264639457977093 0.11608727833321232
0.1264881432489111 0.11623287580057409
0.12651234070011294 0.11637846683977185
0.12653653815131474 0.11652405144750123
0.12656073560251657 0.11666962962045893
0.12658493305371837 0.1168152013553415
0.12660913050492018 0.11696076664884646
0.12663332795612198 0.11710632549767178
0.12665752540732378 0.1172518778985157
0.12668172285852558 0.11739742384807716
0.12670592030972738 0.11754296334305546
0.12673011776092918 0.11768849638015046
0.12675431521213099 0.11783402295606234
0.12677851266333282 0.11797954306749218
0.12680271011453462 0.11812540597415865
0.12682690756573645 0.11827403150122057
0.12685110501693825 0.11842265043639283
0.12687530246814005 0.11857126277630661
0.12689949991934185 0.11871986851759345
0.12692369737054365 0.11886846765688527
0.12694789482174546 0.1190170601908146
0.12697209227294726 0.11916564611601435
0.12699628972414906 0.11931422542911811
0.12702048717535086 0.11946279812675982
0.1270446846265527 0.11961136420557414
0.1270688820777545 0.11975992366219575
0.12709307952895632 0.11990847649326039
0.12711727698015812 0.12005702269540382
0.12714147443135992 0.12020556226526254
0.12716567188256173 0.12035409519947361
0.12718986933376353 0.12050262149467443
0.12721406678496533 0.12065299116001797
0.12723826423616713 0.12080468643261282
0.12726246168736893 0.12095637493529406
0.12728665913857073 0.1211080566646281
0.12731085658977256 0.1212597316171819
0.12733505404097437 0.1214113997895224
0.1273592514921762 0.12156306117821776
0.127383448943378 0.1217147157798361
0.1274076463945798 0.12186636359094638
0.1274318438457816 0.12201800460811786
0.1274560412969834 0.12216963882792055
0.1274802387481852 0.12232126624692471
0.127504436199387 0.12247288686170126
0.1275286336505888 0.12262450066882145
0.1275528311017906 0.12277610766485733
0.12757702855299244 0.1229277078463814
0.12760122600419424 0.12307946569009715
0.12762542345539604 0.123234298485541
0.12764962090659787 0.12338912433212657
0.12767381835779967 0.1235439432263535
0.12769801580900147 0.12369875516472231
0.12772221326020328 0.12385356014373396
0.12774641071140508 0.12400835815988985
0.12777060816260688 0.1241631492096921
0.12779480561380868 0.12431793328964301
0.12781900306501048 0.12447271039624573
0.1278432005162123 0.12462748052600385
0.12786739796741411 0.12478224367542098
0.12789159541861592 0.12493699984100201
0.12791579286981775 0.12509174901925213
0.12793999032101955 0.12524649120667658
0.12796418777222135 0.1254012263997815
0.12798838522342315 0.12555595459507357
0.12801258267462495 0.12571221330772409
0.12803678012582675 0.12586988256330553
0.12806097757702856 0.12602754256936344
0.12808517502823036 0.1261851933175984
0.1281093724794322 0.12634283479971015
0.128133569930634 0.12650046700739723
0.1281577673818358 0.1266580899323574
0.12818196483303762 0.126815703566288
0.12820616228423942 0.1269733079008844
0.12823035973544122 0.1271309029278421
0.12825455718664303 0.12728848863885495
0.12827875463784483 0.1274460650256163
0.12830295208904663 0.12760363207981837
0.12832714954024843 0.12776118979315246
0.12835134699145023 0.1279187381573089
0.12837554444265206 0.12807627716397724
0.12839974189385386 0.12823380680484553
0.12842393934505567 0.12839466488121234
0.1284481367962575 0.1285555494122924
0.1284723342474593 0.12871642440162684
0.1284965316986611 0.1288772898407262
0.1285207291498629 0.12903814572109923
0.1285449266010647 0.12919899203425406
0.1285691240522665 0.12935982877169772
0.1285933215034683 0.1295206559249362
0.1286175189546701 0.12968147348547454
0.12864171640587194 0.1298422814448169
0.12866591385707374 0.1300030797944658
0.12869011130827554 0.1301638685259233
0.12871430875947737 0.1303246476306905
0.12873850621067917 0.13048541710026687
0.12876270366188097 0.1306461769261512
0.12878690111308277 0.13080692709984132
0.12881109856428458 0.13096927399639505
0.12883529601548638 0.13113350701424104
0.12885949346668818 0.13129773019561286
0.12888369091788998 0.1314619435318225
0.1289078883690918 0.13162614701418113
0.1289320858202936 0.13179034063399817
0.12895628327149541 0.13195452438258273
0.12898048072269724 0.13211869825124253
0.12900467817389905 0.13228286223128366
0.12902887562510085 0.13244701631401176
0.12905307307630265 0.1326111604907311
0.12907727052750445 0.13277529475274485
0.12910146797870625 0.13293941909135498
0.12912566542990805 0.1331035334978623
0.12914986288110986 0.13326763796356647
0.12917406033231169 0.1334317324797662
0.1291982577835135 0.1335958170377586
0.1292224552347153 0.13376314050274996
0.12924665268591712 0.1339307059050919
0.12927085013711892 0.1340982611623155
0.12929504758832072 0.13426580626553222
0.12931924503952252 0.1344333412058523
0.12934344249072433 0.13460086597438467
0.12936763994192613 0.13476838056223706
0.12939183739312793 0.1349358849605161
0.12941603484432973 0.13510337916032686
0.12944023229553156 0.13527086315277384
0.12946442974673336 0.1354383369289594
0.12948862719793516 0.13560580047998522
0.129512824649137 0.135773253796952
0.1295370221003388 0.13594069687095822
0.1295612195515406 0.13610812969310204
0.1295854170027424 0.13627555225447996
0.1296096144539442 0.13644440657101045
0.129633811905146 0.13661543772342993
0.1296580093563478 0.1367864584195849
0.1296822068075496 0.1369574686503783
0.12970640425875143 0.13712846840671233
0.12973060170995324 0.13729945767948706
0.12975479916115504 0.1374704364596022
0.12977899661235687 0.13764140473795566
0.12980319406355867 0.13781236250544374
0.12982739151476047 0.13798330975296194
0.12985158896596227 0.13815424647140404
0.12987578641716407 0.13832517265166278
0.12989998386836588 0.13849608828462925
0.12992418131956768 0.13866699336119323
0.12994837877076948 0.13883788787224327
0.1299725762219713 0.1390087718086666
0.1299967736731731 0.13917964516134868
0.1300209711243749 0.13935365203581904
0.13004516857557674 0.13952813185893626
0.13006936602677854 0.1397026009000755
0.13009356347798035 0.139877059149929
0.13011776092918215 0.1400515065991874
0.13014195838038395 0.14022594323853957
0.13016615583158575 0.14040036905867337
0.13019035328278755 0.14057478405027496
0.13021455073398935 0.140749188204029
0.13023874818519118 0.1409235815106189
0.13026294563639298 0.14109796396072638
0.1302871430875948 0.1412723355450317
0.13031134053879662 0.14144669625421405
0.13033553798999842 0.14162104607895049
0.13035973544120022 0.141795385009917
0.13038393289240202 0.141969713037788
0.13040813034360382 0.14214529215496233
0.13043232779480562 0.14232335418664366
0.13045652524600743 0.1425014051081495
0.13048072269720923 0.14267944490995305
0.13050492014841106 0.1428574735825261
0.13052911759961286 0.14303549111633837
0.13055331505081466 0.14321349750185874
0.1305775125020165 0.14339149272955426
0.1306017099532183 0.14356947678989002
0.1306259074044201 0.14374744967333009
0.1306501048556219 0.14392541137033665
0.1306743023068237 0.14410336187137066
0.1306984997580255 0.14428130116689092
0.1307226972092273 0.14445922924735483
0.1307468946604291 0.14463714610321865
0.13077109211163093 0.14481505172493653
0.13079528956283273 0.1449929461029608
0.13081948701403454 0.14492456467096243
0.13084368446523637 0.14479665776717748
0.13086788191643817 0.1446687543581163
0.13089207936763997 0.1445408544501246
0.13091627681884177 0.14441295804954757
0.13094047427004357 0.1442850651627299
0.13096467172124537 0.14415717579601567
0.13098886917244718 0.14402928995574824
0.13101306662364898 0.14390140764827059
0.1310372640748508 0.14377352887992487
0.1310614615260526 0.1436456536570529
0.1310856589772544 0.14351778198599574
0.13110985642845624 0.14338991387309383
0.13113405387965804 0.1432620493246874
0.13115825133085984 0.14313418834711564
0.13118244878206164 0.14300633094671755
0.13120664623326345 0.14286527200465696
0.13123084368446525 0.14268934636136332
0.13125504113566705 0.1425134266630976
0.13127923858686885 0.1423375129186994
0.13130343603807068 0.1421616051370073
0.13132763348927248 0.14198570332686064
0.13135183094047428 0.14180980749709737
0.13137602839167611 0.14163391765655542
0.13140022584287792 0.1414580338140728
0.13142442329407972 0.14128215597848676
0.13144862074528152 0.1411062841586343
0.13147281819648332 0.1409304183633521
0.13149701564768512 0.14075455860147654
0.13152121309888692 0.14057870488184393
0.13154541055008873 0.14040285721328993
0.13156960800129056 0.14022701560464992
0.13159380545249236 0.14005118006475942
0.13161800290369416 0.13987794916137128
0.131642200354896 0.1397056183216609
0.1316663978060978 0.1395332934043993
0.1316905952572996 0.1393609744182384
0.1317147927085014 0.13918866137182997
0.1317389901597032 0.13901635427382572
0.131763187610905 0.13884405313287698
0.1317873850621068 0.13867175795763476
0.1318115825133086 0.13849946875674998
0.1318357799645104 0.13832718553887308
0.13185997741571223 0.13815490831265445
0.13188417486691403 0.1379826370867445
0.13190837231811586 0.13781037186979278
0.13193256976931766 0.13763811267044931
0.13195676722051947 0.13746585949736348
0.13198096467172127 0.1372936123591844
0.13200516212292307 0.13712207469872986
0.13202935957412487 0.13695313690395305
0.13205355702532667 0.13678420500502883
0.13207775447652848 0.13661527901043344
0.13210195192773028 0.1364463589286431
0.1321261493789321 0.13627744476813347
0.1321503468301339 0.13610853653738061
0.13217454428133574 0.13593963424485975
0.13219874173253754 0.1357707378990466
0.13222293918373934 0.13560184750841622
0.13224713663494114 0.13543296308144362
0.13227133408614294 0.13526408462660372
0.13229553153734475 0.1350952121523713
0.13231972898854655 0.13492634566722086
0.13234392643974835 0.13475748517962693
0.13236812389095015 0.13458863069806398
0.13239232134215198 0.1344197822310058
0.13241651879335378 0.1342531898069079
0.1324407162445556 0.1340876491816253
0.1324649136957574 0.1339221144292818
0.13248911114695922 0.13375658555817865
0.13251330859816102 0.13359106257661707
0.13253750604936282 0.13342554549289842
0.13256170350056462 0.13326003431532377
0.13258590095176642 0.1330945290521941
0.13261009840296822 0.13292902971181042
0.13263429585417003 0.1327635363024735
0.13265849330537186 0.1325980488324839
0.13268269075657366 0.13243256731014272
0.1327068882077755 0.13226709174375023
0.1327310856589773 0.1321016221416073
0.1327552831101791 0.13193615851201426
0.1327794805613809 0.13177070086327147
0.1328036780125827 0.13160580491161858
0.1328278754637845 0.1314440151767676
0.1328520729149863 0.13128223136536793
0.1328762703661881 0.13112045348230528
0.1329004678173899 0.13095868153246495
0.13292466526859173 0.1307969155207316
0.13294886271979353 0.13063515545199011
0.13297306017099536 0.13047340133112423
0.13299725762219716 0.13031165316301788
0.13302145507339896 0.13014991095255413
0.13304565252460077 0.12998817470461577
0.13306984997580257 0.12982644442408528
0.13309404742700437 0.12966472011584462
0.13311824487820617 0.12950300178477533
0.13314244232940797 0.12934128943575862
0.13316663978060977 0.12917958307367527
0.1331908372318116 0.12901788270340553
0.1332150346830134 0.1288594575778066
0.1332392321342152 0.12870302575462764
0.13326342958541704 0.12854659363034465
0.13328762703661884 0.12839016121413668
0.13331182448782064 0.1282337285151768
0.13333602193902244 0.12807729554263217
0.13336021939022424 0.12792086230566418
0.13338441684142605 0.12776442881342834
0.13340861429262785 0.12760799507507425
0.13343281174382965 0.12745156109974584
0.13345700919503148 0.1272951268965809
0.13348120664623328 0.1271386924747118
0.13350540409743508 0.12698225784326492
0.1335296015486369 0.12682582301136044
0.1335537989998387 0.12666938798811359
0.13357799645104051 0.126512952782633
0.13360219390224232 0.1263567984072399
0.13362639135344412 0.12620346214270084
0.13365058880464592 0.1260501256825937
0.13367478625584772 0.12589678903584298
0.13369898370704952 0.12574345221136737
0.13372318115825135 0.12559011521807978
0.13374737860945315 0.12543677806488804
0.13377157606065496 0.1252834407606936
0.13379577351185679 0.12513010331439248
0.1338199709630586 0.12497676573487548
0.1338441684142604 0.12482342803102742
0.1338683658654622 0.12467009021172742
0.133892563316664 0.12451675228584909
0.1339167607678658 0.12436341426226045
0.1339409582190676 0.12421007614982392
0.1339651556702694 0.12405673795739644
0.13398935312147123 0.12390339969382884
0.13401355057267303 0.12375179678188726
0.13403774802387483 0.12360155732295561
0.13406194547507666 0.12345131777690262
0.13408614292627846 0.12330107815239749
0.13411034037748026 0.12315083845810329
0.13413453782868207 0.12300059870267806
0.13415873527988387 0.1228503588947741
0.13418293273108567 0.12270011904303853
0.13420713018228747 0.12254987915611291
0.13423132763348927 0.12239963924263332
0.1342555250846911 0.12224939931123024
0.1342797225358929 0.12209915937052951
0.1343039199870947 0.1219489194291506
0.13432811743829653 0.12179867949570804
0.13435231488949834 0.12164843957881108
0.13437651234070014 0.12149819968706331
0.13440070979190194 0.12134804693411093
0.13442490724310374 0.12120077658701268
0.13444910469430554 0.12105350624855964
0.13447330214550735 0.12090623592718144
0.13449749959670915 0.12075896563130246
0.13452169704791098 0.12061169536934166
0.13454589449911278 0.12046442514971324
0.13457009195031458 0.12031715498082574
0.1345942894015164 0.12016988487108225
0.1346184868527182 0.12002261482888123
0.13464268430392 0.11987534486261549
0.13466688175512181 0.11972807498067259
0.13469107920632362 0.11958080519143503
0.13471527665752542 0.11943353550328
0.13473947410872722 0.11928626592457946
0.13476367155992902 0.11913899646370026
0.13478786901113085 0.11899172712900381
0.13481206646233265 0.11884590634757727
0.13483626391353445 0.11870154184112497
0.13486046136473628 0.11855717744281223
0.13488465881593809 0.1184128131608321
0.1349088562671399 0.11826844900337245
0.1349330537183417 0.11812408497861579
0.1349572511695435 0.11797972109473973
0.1349814486207453 0.11783535735991693
0.1350056460719471 0.11769099378231472
0.1350298435231489 0.11754663037009573
0.13505404097435073 0.11740226713141709
0.13507823842555253 0.11725790407443139
0.13510243587675433 0.11711354120728593
0.13512663332795616 0.11696917853812268
0.13515083077915796 0.11682481607507932
0.13517502823035976 0.11668045382628783
0.13519922568156156 0.11653609179987556
0.13522342313276337 0.11639447880744731
0.13524762058396517 0.11625295688021876
0.13527181803516697 0.11611143515592508
0.13529601548636877 0.11596991364252973
0.1353202129375706 0.1158283923479913
0.1353444103887724 0.11568687128026382
0.1353686078399742 0.11554535044729607
0.13539280529117603 0.11540382985703192
0.13541700274237783 0.11526230951741073
0.13544120019357964 0.1151207894363666
0.13546539764478144 0.11497926962182897
0.13548959509598324 0.11483775008172234
0.13551379254718504 0.11469623082396636
0.13553798999838684 0.1145547118564759
0.13556218744958864 0.1144131931871608
0.13558638490079047 0.11427167482392607
0.13561058235199228 0.11413139850310035
0.13563477980319408 0.11399272006130386
0.1356589772543959 0.11385404190397637
0.1356831747055977 0.1137153640388612
0.1357073721567995 0.11357668647369677
0.1357315696080013 0.11343800921621668
0.13575576705920311 0.11329933227415
0.13577996451040492 0.11316065565522082
0.13580416196160672 0.11302197936714886
0.13582835941280852 0.11288330341764888
0.13585255686401035 0.11274462781443094
0.13587675431521215 0.11260595256520069
0.13590095176641395 0.1124672776776589
0.13592514921761578 0.11232860315950141
0.13594934666881758 0.11218992901841987
0.13597354412001939 0.11205125526210102
0.1359977415712212 0.11191258189822688
0.136021939022423 0.1117763659007237
0.1360461364736248 0.11164040319140729
0.1360703339248266 0.11150444085273296
0.1360945313760284 0.11136847889222902
0.13611872882723022 0.1112325173174192
0.13614292627843202 0.1110965561358229
0.13616712372963383 0.11096059535495476
0.13619132118083566 0.11082463498232457
0.13621551863203746 0.1106886750254384
0.13623971608323926 0.110552715491797
0.13626391353444106 0.11041675638889689
0.13628811098564286 0.11028079772423002
0.13631230843684466 0.11014483950528393
0.13633650588804647 0.11000888173954158
0.13636070333924827 0.10987292443448134
0.1363849007904501 0.10973696759757688
0.1364090982416519 0.10960203001543314
0.1364332956928537 0.10946878362451593
0.13645749314405553 0.10933553767795993
0.13648169059525733 0.10920229218308715
0.13650588804645913 0.10906904714721459
0.13653008549766094 0.10893580257765507
0.13655428294886274 0.10880255848171694
0.13657848040006454 0.10866931486670436
0.13660267785126634 0.10853607173991689
0.13662687530246814 0.10840282910864985
0.13665107275366997 0.10826958698019389
0.13667527020487177 0.10813634536183593
0.13669946765607358 0.108003104260858
0.1367236651072754 0.10786986368453765
0.1367478625584772 0.10773662364014867
0.136772060009679 0.10760338413496007
0.1367962574608808 0.10747014517623647
0.1368204549120826 0.10733919688463565
0.1368446523632844 0.10720866812136051
0.13686884981448622 0.10707813987856951
0.13689304726568802 0.10694761216337671
0.13691724471688985 0.10681708498289177
0.13694144216809165 0.10668655834422082
0.13696563961929345 0.10655603225446486
0.13698983707049528 0.10642550672072103
0.13701403452169708 0.10629498175008256
0.13703823197289888 0.10616445734963795
0.13706242942410068 0.10603393352647182
0.1370866268753025 0.10590341028766434
0.1371108243265043 0.10577288764029165
0.1371350217777061 0.10564236559142559
0.1371592192289079 0.10551184414813393
0.13718341668010972 0.10538132331747987
0.13720761413131152 0.10525159457407861
0.13723181158251332 0.10512359021700216
0.13725600903371515 0.10499558644809574
0.13728020648491696 0.1048675832742833
0.13730440393611876 0.10473958070248443
0.13732860138732056 0.10461157873961477
0.13735279883852236 0.10448357739258578
0.13737699628972416 0.10435557666830496
0.13740119374092596 0.10422757657367553
0.13742539119212777 0.10409957711559682
0.13744958864332957 0.10397157830096403
0.1374737860945314 0.10384358013666817
0.1374979835457332 0.10371558262959647
0.13752218099693503 0.1035875857866318
0.13754637844813683 0.10345958961465325
0.13757057589933863 0.10333159412053575
0.13759477335054043 0.10320359931115004
0.13761897080174224 0.10308213377846547
0.13764316825294404 0.10296246779448363
0.13766736570414584 0.1028428026922782
0.13769156315534764 0.10272313847746237
0.13771576060654944 0.1026034751556462
0.13773995805775127 0.1024838127324367
0.13776415550895307 0.10236415121343824
0.1377883529601549 0.10224449060425166
0.1378125504113567 0.10212483091047524
0.1378367478625585 0.10200517213770377
0.1378609453137603 0.10188551429152942
0.1378851427649621 0.10176585737754107
0.1379093402161639 0.1016462014013248
0.1379335376673657 0.1015265463684635
0.13795773511856751 0.10140689228453716
0.13798193256976932 0.10128723915512276
0.13800613002097115 0.10116874127259932
0.13803032747217295 0.10105364648387224
0.13805452492337478 0.10093855269737301
0.13807872237457658 0.10082345991817322
0.13810291982577838 0.10070836815134121
0.13812711727698018 0.1005932774019431
0.13815131472818198 0.10047818767504231
0.13817551217938379 0.10036309897569937
0.1381997096305856 0.10024801130897258
0.1382239070817874 0.10013292467991747
0.1382481045329892 0.10001783909358687
0.13827230198419102 0.09990275455503096
0.13829649943539282 0.09978767106929769
0.13832069688659465 0.09967258864143173
0.13834489433779645 0.099557507276476
0.13836909178899826 0.09944242697947014
0.13839328924020006 0.09932734775545138
0.13841748669140186 0.09921380689851557
0.13844168414260366 0.09910085704198338
0.13846588159380546 0.09898790822864349
0.13849007904500726 0.09887496046343808
0.13851427649620907 0.0987620137513068
0.1385384739474109 0.09864906809718658
0.1385626713986127 0.09853612350601236
0.13858686884981453 0.09842317998271577
0.13861106630101633 0.0983102375322265
0.13863526375221813 0.09819729615947145
0.13865946120341993 0.098084355869375
0.13868365865462173 0.09797141666685902
0.13870785610582353 0.09785847855684282
0.13873205355702534 0.09774554154424321
0.13875625100822714 0.09763260563397454
0.13878044845942894 0.09751967083094855
0.13880464591063077 0.09740714550110843
0.13882884336183257 0.09729633978044207
0.13885304081303437 0.09718553513597777
0.1388772382642362 0.09707473157253295
0.138901435715438 0.09696392909492285
0.1389256331666398 0.09685312770795994
0.1389498306178416 0.09674232741645418
0.1389740280690434 0.09663152822521318
0.1389982255202452 0.09652073013904218
0.139022422971447 0.09640993316274372
0.13904662042264881 0.09629913730111815
0.13907081787385064 0.09618834255896311
0.13909501532505245 0.0960775489410741
0.13911921277625425 0.09596675645224388
0.13914341022745608 0.09585596509726296
0.13916760767865788 0.09574517488091933
0.13919180512985968 0.09563438580799848
0.13921600258106148 0.09552491897272865
0.13924020003226328 0.09541612977965998
0.13926439748346509 0.09530734170043172
0.1392885949346669 0.09519855473974106
0.1393127923858687 0.09508976890228286
0.13933698983707052 0.0949809841927494
0.13936118728827232 0.09487220061583107
0.13938538473947412 0.09476341817621536
0.13940958219067595 0.09465463687858751
0.13943377964187775 0.0945458567276306
0.13945797709307955 0.0944370777280251
0.13948217454428136 0.0943282998844491
0.13950637199548316 0.09421952320157843
0.13953056944668496 0.0941107476840865
0.13955476689788676 0.0940019733366444
0.13957896434908856 0.09389320016392064
0.1396031618002904 0.093784689145711
0.1396273592514922 0.09367791556980823
0.139651556702694 0.09357114313788474
0.13967575415389583 0.09346437185452146
0.13969995160509763 0.09335760172429738
0.13972414905629943 0.09325083275178883
0.13974834650750123 0.0931440649415699
0.13977254395870303 0.0930372982982124
0.13979674140990483 0.09293053282628572
0.13982093886110664 0.09282376853035718
0.13984513631230844 0.09271700541499153
0.13986933376351027 0.09261024348475126
0.13989353121471207 0.09250348274419677
0.13991772866591387 0.0923967231978861
0.1399419261171157 0.09228996485037459
0.1399661235683175 0.09218320770621585
0.1399903210195193 0.09207645176996096
0.1400145184707211 0.09197089517137759
0.1400387159219229 0.09186613850349226
0.1400629133731247 0.09176138301152377
0.1400871108243265 0.09165662869993649
0.1401113082755283 0.0915518755731924
0.14013550572673014 0.09144712363575103
0.14015970317793194 0.09134237289207023
0.14018390062913375 0.09123762334660507
0.14020809808033557 0.09113287500380847
0.14023229553153738 0.09102812786813146
0.14025649298273918 0.09092338194402245
0.14028069043394098 0.09081863723592769
0.14030488788514278 0.09071389374829135
0.14032908533634458 0.09060915148555526
0.14035328278754639 0.09050441045215903
0.1403774802387482 0.09039967065254002
0.14040167768995002 0.09029506605036579
0.14042587514115182 0.09019226081191775
0.14045007259235362 0.09008945677560506
0.14047427004355545 0.0899866539457814
0.14049846749475725 0.0898838523267986
0.14052266494595905 0.08978105192300603
0.14054686239716085 0.08967825273875084
0.14057105984836266 0.08957545477837814
0.14059525729956446 0.08947265804623084
0.14061945475076626 0.08936986254664968
0.14064365220196806 0.08926706828397317
0.1406678496531699 0.08916427526253766
0.1406920471043717 0.08906148348667763
0.1407162445555735 0.08895869296072495
0.14074044200677532 0.0888559036890095
0.14076463945797713 0.08875311567585917
0.14078883690917893 0.08865032892559954
0.14081303436038073 0.08854858399538953
0.14083723181158253 0.08844773146806732
0.14086142926278433 0.08834688017080278
0.14088562671398613 0.08824603010783852
0.14090982416518794 0.08814518128341516
0.14093402161638977 0.08804433370177112
0.14095821906759157 0.08794348736714296
0.14098241651879337 0.08784264228376493
0.1410066139699952 0.087741798455869
0.141030811421197 0.08764095588768557
0.1410550088723988 0.08754011458344242
0.1410792063236006 0.08743927454736543
0.1411034037748024 0.08733843578367849
0.1411276012260042 0.08723759829660314
0.141151798677206 0.0871367620903591
0.1411759961284078 0.08703592716916381
0.14120019357960964 0.08693510795798325
0.14122439103081144 0.08683607819147497
0.14124858848201324 0.08673704967918636
0.14127278593321507 0.08663802242525749
0.14129698338441687 0.0865389964338268
0.14132118083561868 0.08643997170903031
0.14134537828682048 0.08634094825500213
0.14136957573802228 0.08624192607587412
0.14139377318922408 0.08614290517577654
0.14141797064042588 0.08604388555883716
0.14144216809162768 0.08594486722918196
0.14146636554282951 0.08584585019093474
0.14149056299403132 0.08574683444821757
0.14151476044523312 0.08564782000515014
0.14153895789643495 0.08554880686585016
0.14156315534763675 0.08544979503443356
0.14158735279883855 0.08535078451501403
0.14161155025004035 0.08525263557125225
0.14163574770124215 0.08515542987524401
0.14165994515244396 0.0850582254593157
0.14168414260364576 0.0849610223275044
0.14170834005484756 0.08486382048384518
0.1417325375060494 0.08476661993237103
0.1417567349572512 0.08466942067711346
0.141780932408453 0.08457222272210134
0.14180512985965482 0.08447502607136188
0.14182932731085662 0.08437783072892037
0.14185352476205842 0.08428063669880005
0.14187772221326023 0.0841834439850221
0.14190191966446203 0.08408625259160588
0.14192611711566383 0.08398906252256864
0.14195031456686563 0.08389187378192578
0.14197451201806743 0.08379468637369064
0.14199870946926926 0.08369750030187453
0.14202290692047106 0.08360208223613136
0.14204710437167287 0.08350676499993
0.1420713018228747 0.08341144906550514
0.1420954992740765 0.08331613443679016
0.1421196967252783 0.08322082111771603
0.1421438941764801 0.08312550911221202
0.1421680916276819 0.08303019842420536
0.1421922890788837 0.08293488905762152
0.1422164865300855 0.08283958101638392
0.1422406839812873 0.08274427430441415
0.14226488143248914 0.08264896892563173
0.14228907888369094 0.08255366488395456
0.14231327633489274 0.08245836218329847
0.14233747378609457 0.08236306082757723
0.14236167123729637 0.08226776082070297
0.14238586868849817 0.08217246216658583
0.14241006613969998 0.08207786075522104
0.14243426359090178 0.08198423759138893
0.14245846104210358 0.08189061574954465
0.14248265849330538 0.08179699523352774
0.14250685594450718 0.08170337604717598
0.142531053395709 0.08160975819432509
0.1425552508469108 0.08151614167880937
0.14257944829811262 0.08142252650446082
0.14260364574931444 0.08132891267510967
0.14262784320051625 0.08123530019458451
0.14265204065171805 0.08114168906671185
0.14267623810291985 0.0810480792953164
0.14270043555412165 0.08095447088422107
0.14272463300532345 0.08086086383724682
0.14274883045652526 0.08076725815821288
0.14277302790772706 0.08067365385093644
0.1427972253589289 0.08058005091923309
0.1428214228101307 0.08048896183351895
0.1428456202613325 0.08039818462405353
0.14286981771253432 0.08030739303365901
0.14289401516373612 0.08021658712430299
0.14291821261493792 0.08012576695778977
0.14294241006613972 0.08003493259576178
0.14296660751734153 0.07994408409969996
0.14299080496854333 0.07985322153092472
0.14301500241974513 0.07976234495059661
0.14303919987094693 0.07967145441971721
0.14306339732214873 0.0795805499991297
0.14308759477335056 0.07948963174951972
0.14311179222455236 0.07939869973141632
0.1431359896757542 0.07930775400519231
0.143160187126956 0.07921679463106555
0.1431843845781578 0.07912582166909905
0.1432085820293596 0.0790459724697437
0.1432327794805614 0.07898637184694488
0.1432569769317632 0.0789267536791282
0.143281174382965 0.07886711802186006
0.1433053718341668 0.07880746493049959
0.1433295692853686 0.0787477944601996
0.14335376673657044 0.07868810666590736
0.14337796418777224 0.0786284016023658
0.14340216163897407 0.0785686793241137
0.14342635909017587 0.0785089398854875
0.14345055654137767 0.07844918334062134
0.14347475399257947 0.07838940974344832
0.14349895144378128 0.07832961914770128
0.14352314889498308 0.07826981160691374
0.14354734634618488 0.07820998717442061
0.14357154379738668 0.07815014590335909
0.14359574124858848 0.07809028784666962
0.1436199386997903 0.07806337909259221
0.1436441361509921 0.07804349457758936
0.14366833360219394 0.0780235930042187
0.14369253105339574 0.07800367439812249
0.14371672850459755 0.07798373878477582
0.14374092595579935 0.0779637861894873
0.14376512340700115 0.0779438166373994
0.14378932085820295 0.07792383015348868
0.14381351830940475 0.07790382676256646
0.14383771576060655 0.07788380648927913
0.14386191321180836 0.07786376935810842
0.14388611066301019 0.07784371539337213
0.143910308114212 0.0778236446192241
0.14393450556541382 0.07780355705965492
0.14395870301661562 0.07778345273849228
0.14398290046781742 0.07776333167940123
0.14400709791901922 0.07774323163649602
0.14403129537022102 0.07772320579755047
0.14405549282142283 0.0777031632884264
0.14407969027262463 0.077683104132058
0.14410388772382643 0.07766302835121891
0.14412808517502823 0.07764293596852244
0.14415228262623006 0.07762282700642206
0.14417648007743186 0.07760270148721178
0.1442006775286337 0.07758255943302635
0.1442248749798355 0.07756240086584176
0.1442490724310373 0.07754222580747555
0.1442732698822391 0.07752203427958701
0.1442974673334409 0.07750182630367784
0.1443216647846427 0.07748160190109223
0.1443458622358445 0.07746136109301717
0.1443700596870463 0.07744110390048312
0.1443942571382481 0.07742083034436391
0.14441845458944993 0.07740060296470354
0.14444265204065174 0.07738037156102645
0.14446684949185354 0.07736011574475123
0.14449104694305537 0.07733983554679455
0.14451524439425717 0.07731953099773459
0.14453944184545897 0.07729920212781172
0.14456363929666077 0.07727884896692919
0.14458783674786257 0.07725847154465398
0.14461203419906438 0.0772380698902172
0.14463623165026618 0.07721764403251512
0.14466042910146798 0.07719719400010942
0.1446846265526698 0.07717671982122835
0.1447088240038716 0.0771562215237669
0.1447330214550734 0.07713569913528767
0.14475721890627524 0.07711515268302152
0.14478141635747704 0.07709458219386814
0.14480561380867885 0.07707401938657105
0.14482981125988065 0.07705353316288074
0.14485400871108245 0.07703301593394142
0.14487820616228425 0.07701246773244622
0.14490240361348605 0.07699188859054523
0.14492660106468785 0.07697127853984644
0.14495079851588968 0.07695063761141681
0.14497499596709149 0.07692996583578303
0.1449991934182933 0.07690926324293235
0.14502339086949512 0.07688852986231338
0.14504758832069692 0.07686776572283721
0.14507178577189872 0.07684697085287767
0.14509598322310052 0.07682614528027272
0.14512018067430232 0.07680528903232461
0.14514437812550413 0.07678440213580119
0.14516857557670593 0.07676348461693616
0.14519277302790773 0.07674253650142997
0.14521697047910956 0.07672160288679934
0.14524116793031136 0.07670065791708308
0.14526536538151316 0.07667968242155779
0.145289562832715 0.07665867642371833
0.1453137602839168 0.07663763994652982
0.1453379577351186 0.07661657301242757
0.1453621551863204 0.07659547564331821
0.1453863526375222 0.0765743478605799
0.145410550088724 0.07655318968506272
0.1454347475399258 0.07653200113708955
0.1454589449911276 0.07651078223645633
0.14548314244232943 0.07648953300243255
0.14550733989353123 0.07646825345376171
0.14553153734473304 0.07644694360866171
0.14555573479593487 0.07642560348482516
0.14557993224713667 0.07640423309942004
0.14560412969833847 0.07638286950737846
0.14562832714954027 0.07636166097075188
0.14565252460074207 0.07634043127589892
0.14567672205194387 0.07631918043549576
0.14570091950314568 0.07629790846195789
0.14572511695434748 0.07627661536743968
0.1457493144055493 0.0762553011638349
0.1457735118567511 0.07623396586277671
0.1457977093079529 0.07621260947563797
0.14582190675915474 0.07619123201353138
0.14584610421035654 0.07616983348730945
0.14587030166155834 0.07614841390756497
0.14589449911276015 0.07612697328463075
0.14591869656396195 0.0761055116285802
0.14594289401516375 0.07608402894922703
0.14596709146636555 0.07606252525612567
0.14599128891756735 0.07604100055857123
0.14601548636876918 0.07601959409141647
0.14603968381997098 0.0759982475478539
0.14606388127117279 0.0759768831913566
0.14608807872237461 0.07595550102989194
0.14611227617357642 0.07593410107123894
0.14613647362477822 0.07591268332298805
0.14616067107598002 0.07589124779254171
0.14618486852718182 0.07586979448711383
0.14620906597838362 0.07584832341373027
0.14623326342958543 0.07582683457922877
0.14625746088078723 0.075805327990259
0.14628165833198906 0.07578380365328256
0.14630585578319086 0.07576226157457311
0.14633005323439266 0.07574070176021637
0.1463542506855945 0.07571912421611009
0.1463784481367963 0.07569752894796422
0.1464026455879981 0.07567592297744778
0.1464268430391999 0.0756543564471368
0.1464510404904017 0.0756327722041746
0.1464752379416035 0.0756111702534713
0.1464994353928053 0.07558955059974919
0.1465236328440071 0.07556791324754264
0.14654783029520893 0.07554625820119831
0.14657202774641073 0.07552458546487507
0.14659622519761253 0.07550289504254377
0.14662042264881436 0.07548118693798762
0.14664462010001617 0.07545946115480187
0.14666881755121797 0.0754377176963939
0.14669301500241977 0.07541595656598313
0.14671721245362157 0.0753941777666012
0.14674140990482337 0.07537238130109161
0.14676560735602517 0.07535056717210992
0.14678980480722698 0.07532873538212369
0.1468140022584288 0.07530692304384948
0.1468381997096306 0.07528512006539292
0.1468623971608324 0.07526329942703108
0.14688659461203424 0.07524146113042966
0.14691079206323604 0.07521960517706618
0.14693498951443784 0.0751977315682295
0.14695918696563964 0.07517584030502
0.14698338441684144 0.07515393138834964
0.14700758186804325 0.07513200481894151
0.14703177931924505 0.07511006059732998
0.14705597677044685 0.07508809872386071
0.14708017422164868 0.07506611919869015
0.14710437167285048 0.07504412202178594
0.14712856912405228 0.07502210719292646
0.1471527665752541 0.07500007471170089
0.14717696402645591 0.07497802457750898
0.14720116147765772 0.07495596871579092
0.14722535892885952 0.07493413345861125
0.14724955638006132 0.07491228383374847
0.14727375383126312 0.07489041984170657
0.14729795128246492 0.07486854148286179
0.14732214873366672 0.07484664875746266
0.14734634618486855 0.07482474166562963
0.14737054363607036 0.07480282020735539
0.14739474108727216 0.07478088438250448
0.147418938538474 0.07475893419081332
0.1474431359896758 0.07473696963189029
0.1474673334408776 0.07471499070521545
0.1474915308920794 0.07469299741014043
0.1475157283432812 0.07467098974588861
0.147539925794483 0.07464896771155469
0.1475641232456848 0.07462693130610495
0.1475883206968866 0.07460488052837691
0.14761251814808843 0.0745829940378899
0.14763671559929023 0.07456126281751313
0.14766091305049203 0.07453952111933233
0.14768511050169386 0.0745177689439742
0.14770930795289566 0.07449600629199478
0.14773350540409746 0.07447423316387924
0.14775770285529927 0.07445244956004198
0.14778190030650107 0.07443065548082661
0.14780609775770287 0.0744088509265058
0.14783029520890467 0.07438703589728132
0.14785449266010647 0.07436521039328405
0.1478786901113083 0.07434337441457371
0.1479028875625101 0.07432152796113932
0.1479270850137119 0.07429967103289845
0.14795128246491374 0.07427780362969774
0.14797547991611554 0.07425592575131278
0.14799967736731734 0.07423403739744776
0.14802387481851914 0.07421226484719982
0.14804807226972094 0.0741904835158526
0.14807226972092274 0.07416869169627895
0.14809646717212455 0.07414688938783504
0.14812066462332635 0.07412507658980556
0.14814486207452818 0.07410325330140367
0.14816905952572998 0.07408141952177094
0.14819325697693178 0.07405957524997722
0.1482174544281336 0.07403772048502066
0.1482416518793354 0.07401585522582778
0.1482658493305372 0.0739939794712531
0.14829004678173902 0.07397209322007935
0.14831424423294082 0.07395019647101742
0.14833844168414262 0.07392828922270603
0.14836263913534442 0.07390637147371196
0.14838683658654622 0.07388444322252989
0.14841103403774805 0.07386253362767763
0.14843523148894985 0.07384064831051901
0.14845942894015166 0.07381875248018988
0.14848362639135348 0.07379684613486388
0.1485078238425553 0.07377492927264237
0.1485320212937571 0.07375300189155404
0.1485562187449589 0.07373106398955492
0.1485804161961607 0.07370911556452862
0.1486046136473625 0.07368715661428565
0.1486288110985643 0.073665187136564
0.1486530085497661 0.07364320712902864
0.1486772060009679 0.07362121658927155
0.14870140345216973 0.07359921551481172
0.14872560090337153 0.07357720390309498
0.14874979835457336 0.07355518175149407
0.14877399580577516 0.07353314905730828
0.14879819325697696 0.07351110581776371
0.14882239070817876 0.07348902501412403
0.14884658815938057 0.07346693056575986
0.14887078561058237 0.0734448246132661
0.14889498306178417 0.07342270715260284
0.14891918051298597 0.07340057817964334
0.14894337796418777 0.07337843769017408
0.1489675754153896 0.07335628567989436
0.1489917728665914 0.07333412214441659
0.14901597031779323 0.07331194707926571
0.14904016776899504 0.07328976047987946
0.14906436522019684 0.0732675623416081
0.14908856267139864 0.07324535265971417
0.14911276012260044 0.07322313142937253
0.14913695757380224 0.07320089864567035
0.14916115502500404 0.07317865430360657
0.14918535247620585 0.0731563983980923
0.14920954992740765 0.07313391728345886
0.14923374737860948 0.07311109234715403
0.14925794482981128 0.07308824927129058
0.1492821422810131 0.07306538804086128
0.1493063397322149 0.07304250864064933
0.1493305371834167 0.07301961105522785
0.1493547346346185 0.0729966952689597
0.14937893208582032 0.0729737612659966
0.14940312953702212 0.07295080903027887
0.14942732698822392 0.0729278385455349
0.14945152443942572 0.07290484979528054
0.14947572189062752 0.0728818427628189
0.14949991934182935 0.07285881743123945
0.14952411679303115 0.07283577378341785
0.14954831424423298 0.07281271180201504
0.14957251169543478 0.07278963146947717
0.1495967091466366 0.07276653276803478
0.1496209065978384 0.07274347077774564
0.1496451040490402 0.07272039904720018
0.149669301500242 0.07269730888450236
0.1496934989514438 0.07267420027095996
0.1497176964026456 0.0726510731876624
0.1497418938538474 0.07262792761548005
0.14976609130504923 0.0726047635350637
0.14979028875625103 0.07258158092684412
0.14981448620745283 0.07255837977103125
0.14983868365865466 0.07253516004761362
0.14986288110985646 0.07251192173635801
0.14988707856105826 0.07248866481680866
0.14991127601226006 0.07246538926828651
0.14993547346346187 0.0724420950698889
0.14995967091466367 0.07241878220048877
0.14998386836586547 0.07239545063873391
0.15000806581706727 0.0723721428296891
0.1500322632682691 0.07234890120595035
0.1500564607194709 0.07232564080599316
0.1500806581706727 0.07230236160744578
0.15010485562187453 0.07227906358770798
0.15012905307307634 0.07225574672395046
0.15015325052427814 0.07223241099311395
0.15017744797547994 0.07220905637190865
0.15020164542668174 0.07218568283681356
0.15022584287788354 0.07216229036407577
0.15025004032908534 0.0721388789297097
0.15027423778028715 0.07211544850949649
0.15029843523148897 0.07209199907898306
0.15032263268269078 0.07206853061348197
0.15034683013389258 0.07204504308806983
0.1503710275850944 0.0720215364775872
0.1503952250362962 0.07199801075663782
0.150419422487498 0.07197446589958745
0.1504436199386998 0.07195090188056356
0.15046781738990161 0.0719273186734543
0.15049201484110342 0.07190371625190776
0.15051621229230522 0.07188009458933149
0.15054040974350702 0.07185645365889116
0.15056460719470885 0.0718327934335103
0.15058880464591065 0.07180911388586925
0.15061300209711245 0.07178541498840439
0.15063719954831428 0.07176169671330726
0.15066139699951608 0.07173795903252392
0.15068559445071789 0.07171420191775398
0.1507097919019197 0.07169042534044988
0.1507339893531215 0.0716666292718158
0.1507581868043233 0.07164281368280723
0.1507823842555251 0.07161897854412966
0.1508065817067269 0.07162324761499549
0.15083077915792872 0.07170274464472443
0.15085497660913053 0.07178218266580422
0.15087917406033233 0.07186156141123662
0.15090337151153416 0.0719408806124554
0.15092756896273596 0.0720201399993143
0.15095176641393776 0.07209933930007549
0.15097596386513956 0.07217847824139766
0.15100016131634136 0.07225755654832372
0.15102435876754317 0.07233657394426878
0.15104855621874497 0.07241553015100778
0.15107275366994677 0.07249442488866331
0.1510969511211486 0.07257325787569313
0.1511211485723504 0.07265202882887707
0.1511453460235522 0.07273073746330519
0.15116954347475403 0.07280938349236456
0.15119374092595583 0.0728879666277259
0.15121793837715763 0.07298088765165964
0.15124213582835944 0.07307876203432012
0.15126633327956124 0.0731765633943116
0.15129053073076304 0.07327429136491448
0.15131472818196484 0.0733719455771596
0.15133892563316664 0.07346952565981012
0.15136312308436847 0.07356703123934304
0.15138732053557027 0.07366446193993025
0.15141151798677208 0.07376181738342076
0.1514357154379739 0.07385909718932096
0.1514599128891757 0.07395630097477568
0.1514841103403775 0.07405342835454946
0.1515083077915793 0.07415047894100654
0.1515325052427811 0.07424745234409169
0.15155670269398291 0.0743443481713101
0.15158090014518472 0.07444116602770767
0.15160509759638652 0.07453846554749079
0.15162929504758835 0.07463778422842099
0.15165349249879015 0.07473702304567231
0.15167768994999195 0.07483618158872396
0.15170188740119378 0.07493525944446669
0.15172608485239558 0.07503425619718149
0.15175028230359738 0.07513317142851843
0.15177447975479919 0.07523200471747457
0.151798677206001 0.075330755640372
0.1518228746572028 0.0754294237708362
0.1518470721084046 0.075528008679773
0.1518712695596064 0.07562650993534657
0.15189546701080822 0.07572492710295656
0.15191966446201002 0.07582325974521484
0.15194386191321183 0.07592150742192266
0.15196805936441365 0.07601966969004727
0.15199225681561546 0.07611774610369787
0.15201645426681726 0.07621960893599514
0.15204065171801906 0.07632324110018437
0.15206484916922086 0.07642682634600696
0.15208904662042266 0.07653036450467122
0.15211324407162446 0.07663385540669833
0.15213744152282627 0.07673729888191852
0.1521616389740281 0.07684069475946742
0.1521858364252299 0.07694404286778118
0.1522100338764317 0.07704734303459333
0.15223423132763353 0.07715059508693044
0.15225842877883533 0.07725379885110742
0.15228262623003713 0.07735695415272441
0.15230682368123893 0.0774600608166618
0.15233102113244074 0.07756311866707659
0.15235521858364254 0.07766612752739781
0.15237941603484434 0.0777690872203226
0.15240361348604614 0.07787240241525696
0.15242781093724797 0.0779779739417565
0.15245200838844977 0.0780834951904434
0.15247620583965157 0.07818896597830166
0.1525004032908534 0.07829438612155196
0.1525246007420552 0.07839975543564745
0.152548798193257 0.07850507373526942
0.1525729956444588 0.07861034083432258
0.1525971930956606 0.07871555654593068
0.1526213905468624 0.07882072068243166
0.1526455879980642 0.07892583305537346
0.15266978544926602 0.07903089347550911
0.15269398290046785 0.07913590175279235
0.15271818035166965 0.07924085769637229
0.15274237780287145 0.07934576111458974
0.15276657525407328 0.07945061181497166
0.15279077270527508 0.07955540960422651
0.15281497015647688 0.07966186736056424
0.15283916760767868 0.07976932721904138
0.15286336505888048 0.07987673296119366
0.1528875625100823 0.07998408438747086
0.1529117599612841 0.08009138129746968
0.1529359574124859 0.08019862348992826
0.15296015486368772 0.08030581076272149
0.15298435231488952 0.08041294291285543
0.15300854976609132 0.08052001973646275
0.15303274721729315 0.08062704102879745
0.15305694466849495 0.080734006584229
0.15308114211969676 0.08084091619623822
0.15310533957089856 0.08094776965741118
0.15312953702210036 0.08105456675943419
0.15315373447330216 0.08116130729308856
0.15317793192450396 0.08126799104824504
0.15320212937570576 0.08137486656608085
0.1532263268269076 0.0814842624985213
0.1532505242781094 0.08159360034992938
0.1532747217293112 0.08170287990334152
0.15329891918051303 0.08181210094084462
0.15332311663171483 0.08192126324356978
0.15334731408291663 0.08203036659168764
0.15337151153411843 0.0821394107644018
0.15339570898532023 0.08224839553994348
0.15341990643652204 0.0823573206955656
0.15344410388772384 0.08246618600753694
0.15346830133892564 0.08257499125113628
0.15349249879012747 0.0826837362006465
0.15351669624132927 0.08279242062934834
0.15354089369253107 0.08290104430951492
0.1535650911437329 0.08300960701240552
0.1535892885949347 0.08311810850825893
0.1536134860461365 0.08322839489137138
0.1536376834973383 0.08334008938629671
0.1536618809485401 0.08345172626887931
0.1536860783997419 0.08356330533295409
0.1537102758509437 0.08367482637148799
0.1537344733021455 0.08378628917657464
0.15375867075334734 0.08389769353942994
0.15378286820454914 0.08400903925038634
0.15380706565575095 0.08412032609888836
0.15383126310695278 0.08423155387348757
0.15385546055815458 0.08434272236183667
0.15387965800935638 0.08445383135068532
0.15390385546055818 0.08456488062587449
0.15392805291175998 0.08467586997233116
0.15395225036296178 0.08478679917406329
0.1539764478141636 0.0848976680141544
0.1540006452653654 0.08500856036541683
0.1540248427165672 0.0851224619169199
0.15404904016776902 0.08523630379994393
0.15407323761897082 0.0853500858033045
0.15409743507017265 0.08546380771493227
0.15412163252137445 0.08557746932186681
0.15414582997257625 0.08569107041025262
0.15417002742377806 0.0858046107653334
0.15419422487497986 0.08591809017144728
0.15421842232618166 0.08603150841202142
0.15424261977738346 0.08614486526956719
0.15426681722858526 0.08625816052567466
0.15429101467978706 0.08637139396100754
0.1543152121309889 0.08648456535529815
0.1543394095821907 0.0865976744873413
0.15436360703339252 0.08671072113499022
0.15438780448459433 0.0868237050751499
0.15441200193579613 0.08693814348246437
0.15443619938699793 0.08705406002067834
0.15446039683819973 0.08716991239095734
0.15448459428940153 0.08728570036301764
0.15450879174060334 0.08740142370558766
0.15453298919180514 0.08751708218640256
0.15455718664300694 0.08763267557219806
0.15458138409420877 0.08774820362870521
0.15460558154541057 0.08786366612064399
0.1546297789966124 0.08797906281171831
0.1546539764478142 0.0880943934646095
0.154678173899016 0.08820965784097091
0.1547023713502178 0.0883248557014218
0.1547265688014196 0.08843998680554135
0.1547507662526214 0.08855505091186285
0.1547749637038232 0.08867004777786751
0.154799161155025 0.08878497715997842
0.1548233586062268 0.08890272532481011
0.15484755605742864 0.08902050838402728
0.15487175350863044 0.08913822241425964
0.15489595095983227 0.08925586716419107
0.15492014841103408 0.0893734423814021
0.15494434586223588 0.08949094781236461
0.15496854331343768 0.08960838320243472
0.15499274076463948 0.08972574829584641
0.15501693821584128 0.08984304283570523
0.15504113566704308 0.08996026656398154
0.15506533311824489 0.09007741922150392
0.1550895305694467 0.09019450054795265
0.15511372802064852 0.09031151028185304
0.15513792547185032 0.09042844816056829
0.15516212292305215 0.09054531392029351
0.15518632037425395 0.09066210729604786
0.15521051782545575 0.09078047007737218
0.15523471527665755 0.09090089905956918
0.15525891272785936 0.0910212596745274
0.15528311017906116 0.09114155168381984
0.15530730763026296 0.09126177484801357
0.15533150508146476 0.09138192892666362
0.15535570253266656 0.09150201367830764
0.1553798999838684 0.09162202886046032
0.1554040974350702 0.09174197422960713
0.155428294886272 0.09186184954119926
0.15545249233747382 0.09198165454964768
0.15547668978867563 0.09210138900831685
0.15550088723987743 0.0922210526695195
0.15552508469107923 0.09234064528451034
0.15554928214228103 0.09246016660348043
0.15557347959348283 0.09257961637555098
0.15559767704468463 0.09269899434876731
0.15562187449588644 0.09282195069926331
0.15564607194708827 0.09294522898252544
0.15567026939829007 0.09306844166004938
0.15569446684949187 0.09319158851813915
0.1557186643006937 0.09331466934225256
0.1557428617518955 0.09343768391699701
0.1557670592030973 0.093560632026125
0.1557912566542991 0.09368351345252982
0.1558154541055009 0.09380632797824075
0.1558396515567027 0.09392907538441883
0.1558638490079045 0.0940517554513522
0.1558880464591063 0.09417436795845134
0.15591224391030814 0.094296912684245
0.15593644136150994 0.09441938940637462
0.15596063881271174 0.09454179790159073
0.15598483626391357 0.0946641379457478
0.15600903371511537 0.09477813871070451
0.15603323116631718 0.09487819194457654
0.15605742861751898 0.0949781821386628
0.15608162606872078 0.09507810908768048
0.15610582351992258 0.09517797258551171
0.15613002097112438 0.0952777724251994
0.15615421842232619 0.09537750839894288
0.15617841587352801 0.09547718029809334
0.15620261332472982 0.09557678791314905
0.15622681077593162 0.09567633103375159
0.15625100822713345 0.09577580944868089
0.15627520567833525 0.09587522294585041
0.15629940312953705 0.09597457131230315
0.15632360058073885 0.09607385433420679
0.15634779803194065 0.09617307179684881
0.15637199548314246 0.0962722234846323
0.15639619293434426 0.0963713091810709
0.15642039038554606 0.09647981278058607
0.1564445878367479 0.0965900695974956
0.1564687852879497 0.09670031301797384
0.1564929827391515 0.09681054303365948
0.15651718019035332 0.09692075963618517
0.15654137764155512 0.09703096281717685
0.15656557509275693 0.09714115256825497
0.15658977254395873 0.09725132888103331
0.15661396999516053 0.09736149174711971
0.15663816744636233 0.09747164115811571
0.15666236489756413 0.09758177710561675
0.15668656234876593 0.09769189958121191
0.15671075979996776 0.09780200857648426
0.15673495725116957 0.09791210408301027
0.15675915470237137 0.09802218609236046
0.1567833521535732 0.09813225459609927
0.156807549604775 0.09824519676391513
0.1568317470559768 0.09836450152144043
0.1568559445071786 0.0984838072497445
0.1568801419583804 0.09860311393812
0.1569043394095822 0.09872242157587265
0.156928536860784 0.09884173015232074
0.1569527343119858 0.09896103965679583
0.15697693176318764 0.09908035007864188
0.15700112921438944 0.0991996614072157
0.15702532666559124 0.09931897363188696
0.15704952411679307 0.09943828674203825
0.15707372156799487 0.0995576007270645
0.15709791901919667 0.09967691557637356
0.15712211647039848 0.09979623127938604
0.15714631392160028 0.09991554782553513
0.15717051137280208 0.10003486520426667
0.15719470882400388 0.10015418340503926
0.15721890627520568 0.1002753347252303
0.1572431037264075 0.10039699972839855
0.15726730117760931 0.10051866561825484
0.15729149862881112 0.10064033238402625
0.15731569608001295 0.10076200001495274
0.15733989353121475 0.10088366850028675
0.15736409098241655 0.1010053378292938
0.15738828843361835 0.1011270079912522
0.15741248588482015 0.10124867897545321
0.15743668333602195 0.10137035077120067
0.15746088078722376 0.10149202336781131
0.15748507823842556 0.10161369675461443
0.1575092756896274 0.1017353709209525
0.1575334731408292 0.10185704585617995
0.157557670592031 0.10197872154966459
0.15758186804323282 0.10210039799078667
0.15760606549443462 0.10222264772447338
0.15763026294563642 0.10234660981709288
0.15765446039683823 0.10247057271637058
0.15767865784804003 0.10259453641146651
0.15770285529924183 0.10271850089155365
0.15772705275044363 0.10284246614581793
0.15775125020164543 0.10296643216345808
0.15777544765284726 0.10309039893368567
0.15779964510404906 0.10321436644572492
0.15782384255525087 0.10333833468881316
0.1578480400064527 0.10346230365220052
0.1578722374576545 0.10358627332514941
0.1578964349088563 0.10371024369693559
0.1579206323600581 0.1038342147568472
0.1579448298112599 0.1039581864941853
0.1579690272624617 0.10408215889826346
0.1579932247136635 0.104206131958408
0.1580174221648653 0.10433188417484447
0.15804161961606714 0.10445832875093865
0.15806581706726894 0.10458477404598314
0.15809001451847074 0.10471122004906668
0.15811421196967257 0.10483766674929108
0.15813840942087437 0.1049641141357706
0.15816260687207617 0.10509056219763276
0.15818680432327797 0.10521701092401779
0.15821100177447978 0.10534346030407886
0.15823519922568158 0.10546991032698194
0.15825939667688338 0.10559636098190574
0.15828359412808518 0.10572281225804185
0.158307791579287 0.10584926414459478
0.1583319890304888 0.10597571663078129
0.15835618648169061 0.1061021697058314
0.15838038393289244 0.10622862335898778
0.15840458138409425 0.10635553371136917
0.15842877883529605 0.10648439768905014
0.15845297628649785 0.1066132623021794
0.15847717373769965 0.10674212753977322
0.15850137118890145 0.10687099339086056
0.15852556864010325 0.1069998598444836
0.15854976609130506 0.1071287268896971
0.15857396354250688 0.10725759451556914
0.1585981609937087 0.10738646271118017
0.1586223584449105 0.10751533146562384
0.15864655589611232 0.10764420076800674
0.15867075334731412 0.10777307060744788
0.15869495079851592 0.10790194097307937
0.15871914824971772 0.10803081185404605
0.15874334570091952 0.10815968323950557
0.15876754315212133 0.10828855511862824
0.15879174060332313 0.10841742748059713
0.15881593805452493 0.10854796901232386
0.15884013550572676 0.10867937583104278
0.15886433295692856 0.10881078319102581
0.15888853040813036 0.10894219108122007
0.1589127278593322 0.1090735994905857
0.158936925310534 0.10920500840809531
0.1589611227617358 0.10933641782273502
0.1589853202129376 0.10946782772350365
0.1590095176641394 0.10959923809941272
0.1590337151153412 0.10973064893948697
0.159057912566543 0.10986206023276375
0.1590821100177448 0.10999347196829347
0.15910630746894663 0.11012488413513936
0.15913050492014844 0.11025629672237695
0.15915470237135024 0.11038770971909526
0.15917889982255207 0.11051912311439586
0.15920309727375387 0.11065058848964479
0.15922729472495567 0.11078240455830164
0.15925149217615747 0.11091421894927185
0.15927568962735927 0.1110460316592344
0.15929988707856108 0.1111778426848701
0.15932408452976288 0.11130965202286135
0.15934828198096468 0.1114414596698922
0.1593724794321665 0.11157326562264877
0.1593966768833683 0.11170506987781831
0.1594208743345701 0.11183687243209015
0.15944507178577194 0.1119686732821553
0.15946926923697374 0.11210047242470625
0.15949346668817554 0.11223226985643746
0.15951766413937735 0.11236406557404499
0.15954186159057915 0.11249585957422649
0.15956605904178095 0.11262765185368151
0.15959025649298275 0.11275944240911126
0.15961445394418455 0.11289097619095935
0.15963865139538636 0.11302233122299662
0.15966284884658818 0.1131536781490525
0.15968704629779 0.11328501696804383
0.15971124374899182 0.11341634767888906
0.15973544120019362 0.1135476702805066
0.15975963865139542 0.1136789847718163
0.15978383610259722 0.11381029115173866
0.15980803355379902 0.11394158941919491
0.15983223100500082 0.11407287957310713
0.15985642845620263 0.11420416161239834
0.15988062590740443 0.11433543553599212
0.15990482335860623 0.11446670134281324
0.15992902080980806 0.11459795903178699
0.15995321826100986 0.11472920860183941
0.1599774157122117 0.11486045005189792
0.1600016131634135 0.1149918604750062
0.1600258106146153 0.11512574201176669
0.1600500080658171 0.11525961527185455
0.1600742055170189 0.1153934802541758
0.1600984029682207 0.11552733695763732
0.1601226004194225 0.11566118538114685
0.1601467978706243 0.11579502552361302
0.1601709953218261 0.11592885738394523
0.16019519277302793 0.11606268096105385
0.16021939022422974 0.11619649625384969
0.16024358767543156 0.11633030326124508
0.16026778512663337 0.11646410198215236
0.16029198257783517 0.11659789241548538
0.16031618002903697 0.1167316745601586
0.16034037748023877 0.11686544841508736
0.16036457493144057 0.11699921397918787
0.16038877238264238 0.11713297125137694
0.16041296983384418 0.11726820955999019
0.16043716728504598 0.11740472872122139
0.1604613647362478 0.11754123942640464
0.1604855621874496 0.11767774167443473
0.16050975963865144 0.1178142354642082
0.16053395708985324 0.11795072079462153
0.16055815454105504 0.11808719766457272
0.16058235199225684 0.11822366607296043
0.16060654944345865 0.1183601260186842
0.16063074689466045 0.1184965775006444
0.16065494434586225 0.11863302051774235
0.16067914179706405 0.11876945506888001
0.16070333924826585 0.11890588115296052
0.16072753669946768 0.11904229876888789
0.16075173415066948 0.1191787079155664
0.1607759316018713 0.11931510859190204
0.16080012905307312 0.1194515149508042
0.16082432650427492 0.11959055248138112
0.16084852395547672 0.1197295813843434
0.16087272140667852 0.11986860165857616
0.16089691885788032 0.1200076133029655
0.16092111630908212 0.12014661631639846
0.16094531376028393 0.12028561069776282
0.16096951121148573 0.12042459644594719
0.16099370866268756 0.12056357355984157
0.16101790611388936 0.1207025420383361
0.16104210356509116 0.12084150188032214
0.161066301016293 0.12098045308469228
0.1610904984674948 0.12111939565033951
0.1611146959186966 0.12125832957615783
0.1611388933698984 0.12139725486104236
0.1611630908211002 0.12153617150388885
0.161187288272302 0.12167507950359413
0.1612114857235038 0.12181535506772424
0.1612356831747056 0.12195714496954439
0.16125988062590743 0.12209892605630163
0.16128407807710923 0.12224069832686998
0.16130827552831103 0.12238246178012505
0.16133247297951286 0.12252421641494324
0.16135667043071467 0.12266596223020128
0.16138086788191647 0.12280769922477745
0.16140506533311827 0.12294942739755084
0.16142926278432007 0.12309114674740106
0.16145346023552187 0.12323285727320933
0.16147765768672367 0.12337455897385709
0.16150185513792548 0.12351625184822702
0.1615260525891273 0.123657935895203
0.1615502500403291 0.12379961111366901
0.1615744474915309 0.1239412775025107
0.16159864494273274 0.12408293506061449
0.16162284239393454 0.12422726118300091
0.16164703984513634 0.12437173714034193
0.16167123729633814 0.12451620409828947
0.16169543474753995 0.12466066205570842
0.16171963219874175 0.12480511101146453
0.16174382964994355 0.12494955096442464
0.16176802710114535 0.12509398191345622
0.16179222455234718 0.12523840385742815
0.16181642200354898 0.12538281679520968
0.16184061945475078 0.12552722072567138
0.1618648169059526 0.12567161564768495
0.16188901435715441 0.12581600156012226
0.16191321180835622 0.12596037846185698
0.16193740925955802 0.12610474635176322
0.16196160671075982 0.12624910522871613
0.16198580416196162 0.12639345509159197
0.16201000161316342 0.12652106015276798
0.16203419906436523 0.12662490384907438
0.16205839651556705 0.12672874089284814
0.16208259396676886 0.12683257128332517
0.16210679141797066 0.1269363950197424
0.1621309888691725 0.12704021210133756
0.1621551863203743 0.12714402252734874
0.1621793837715761 0.12724782629701498
0.1622035812227779 0.12735162340957598
0.1622277786739797 0.12745541386427225
0.1622519761251815 0.12755919766034485
0.1622761735763833 0.12766297479703584
0.1623003710275851 0.1277667452735875
0.16232456847878693 0.12787050908924347
0.16234876592998873 0.12797426624324737
0.16237296338119053 0.12807801673484412
0.16239716083239236 0.12818176056327926
0.16242135828359416 0.128190621724784
0.16244555573479597 0.1281868702280292
0.16246975318599777 0.12818311835806293
0.16249395063719957 0.1281793661150717
0.16251814808840137 0.12817561349924209
0.16254234553960317 0.12817186051076093
0.16256654299080497 0.128168107149815
0.1625907404420068 0.1281643534165912
0.1626149378932086 0.1281605993112766
0.1626391353444104 0.1281568448340582
0.16266333279561224 0.12815308998512337
0.16268753024681404 0.12814933476465923
0.16271172769801584 0.12814557917285319
0.16273592514921764 0.12814182320989284
0.16276012260041944 0.1281380668759656
0.16278432005162125 0.1281343101712593
0.16280851750282305 0.12813055309596155
0.16283271495402485 0.1281267956502602
0.16285691240522668 0.1281230378343433
0.16288110985642848 0.12811927964839884
0.16290530730763028 0.12811552109261498
0.1629295047588321 0.12811176216717993
0.1629537022100339 0.128108002872282
0.16297789966123571 0.1281042432081095
0.16300209711243752 0.12810048317484998
0.16302629456363932 0.12809672277268838
0.16305049201484112 0.12809296200181816
0.16307468946604292 0.12808920086242812
0.16309888691724472 0.12808543935470712
0.16312308436844655 0.1280816774788441
0.16314728181964835 0.1280779152350282
0.16317147927085016 0.1280741526234486
0.16319567672205199 0.12807038964429457
0.1632198741732538 0.12806662629775536
0.1632440716244556 0.1280628625840205
0.1632682690756574 0.12805909850327946
0.1632924665268592 0.12805533405572198
0.163316663978061 0.12805156924153765
0.1633408614292628 0.12804780406091648
0.1633650588804646 0.12804403851404825
0.16338925633166643 0.12804027260112302
0.16341345378286823 0.12803650632233085
0.16343765123407003 0.128032739677862
0.16346184868527186 0.12802897266790675
0.16348604613647366 0.12802520529265543
0.16351024358767546 0.12802143755229858
0.16353444103887727 0.1280176694470268
0.16355863849007907 0.1280139009770307
0.16358283594128087 0.12801013214250115
0.16360703339248267 0.12800636294362885
0.16363123084368447 0.12800259338060493
0.1636554282948863 0.1279988234536203
0.1636796257460881 0.1279950531628662
0.1637038231972899 0.12799128250853384
0.16372802064849173 0.1279875114908145
0.16375221809969354 0.12798374010989966
0.16377641555089534 0.12797996836598088
0.16380061300209714 0.12797619625924975
0.16382481045329894 0.12797242378989793
0.16384900790450074 0.12796865095811727
0.16387320535570254 0.12796487776409968
0.16389740280690435 0.1279611042080372
0.16392160025810618 0.12795733029012182
0.16394579770930798 0.1279535560105458
0.16396999516050978 0.12794978136950141
0.1639941926117116 0.12794600636718095
0.1640183900629134 0.12794223100377702
0.1640425875141152 0.12793845527948217
0.16406678496531701 0.12793467919448895
0.16409098241651882 0.12793090274899022
0.16411517986772062 0.1279271259431788
0.16413937731892242 0.12792334877724762
0.16416357477012422 0.12791957125138972
0.16418777222132605 0.12791579336579834
0.16421196967252785 0.12791201512066652
0.16423616712372965 0.12790823651618774
0.16426036457493148 0.12790445755255533
0.16428456202613329 0.12790067822996293
0.1643087594773351 0.12789689854860406
0.1643329569285369 0.1278931185086724
0.1643571543797387 0.12788933811036185
0.1643813518309405 0.12788555735386625
0.1644055492821423 0.1278817762393796
0.1644297467333441 0.12787799476709594
0.16445394418454592 0.1278742129372096
0.16447814163574773 0.12787043074991472
0.16450233908694953 0.12786664820540578
0.16452653653815136 0.12786286530387708
0.16455073398935316 0.12785908204552343
0.16457493144055496 0.12785529843053928
0.16459912889175676 0.12785151445911952
0.16462332634295856 0.12784773013145895
0.16464752379416037 0.12784394544775252
0.16467172124536217 0.1278401604081953
0.16469591869656397 0.12783637501298234
0.1647201161477658 0.12783258926230903
0.1647443135989676 0.1278288031563706
0.1647685110501694 0.1278250166953625
0.16479270850137123 0.1278212298794802
0.16481690595257303 0.12781744270891948
0.16484110340377484 0.12781365518387588
0.16486530085497664 0.12780986730454527
0.16488949830617844 0.12780607907112357
0.16491369575738024 0.12780229048380684
0.16493789320858204 0.12779850154279104
0.16496209065978384 0.12779471224827244
0.16498628811098567 0.12779092260044736
0.16501048556218748 0.1277871325995122
0.16503468301338928 0.12778334224566334
0.1650588804645911 0.12777955153909742
0.1650830779157929 0.12777576048001113
0.1651072753669947 0.12777196906860122
0.1651314728181965 0.1277681773050646
0.1651556702693983 0.12776438518959818
0.16517986772060012 0.127760592722399
0.16520406517180192 0.1277567999036643
0.16522826262300372 0.12775300673359127
0.16525246007420552 0.1277492132131607
0.16527665752540735 0.127745419341003
0.16530085497660915 0.1277416251180991
0.16532505242781098 0.1277378305446471
0.16534924987901278 0.12773403562084434
0.16537344733021458 0.12773024034688882
0.1653976447814164 0.12772644472297845
0.1654218422326182 0.12772264874931125
0.16544603968382 0.1277188524260853
0.1654702371350218 0.12771505575349895
0.1654944345862236 0.1277112587317503
0.1655186320374254 0.12770746136103794
0.16554282948862722 0.12770366364156024
0.16556702693982903 0.12769986557351584
0.16559122439103086 0.1276960671571036
0.16561542184223266 0.12769226839252204
0.16563961929343446 0.1276884692799703
0.16566381674463626 0.12768466981964718
0.16568801419583806 0.12768087001175188
0.16571221164703986 0.12767706985648355
0.16573640909824167 0.1276732693540415
0.16576060654944347 0.12766946850462502
0.16578480400064527 0.12766566730843362
0.1658090014518471 0.1276618657656669
0.1658331989030489 0.12765806387652456
0.16585739635425073 0.12765426164120627
0.16588159380545253 0.12765045905991193
0.16590579125665433 0.12764665613284154
0.16592998870785614 0.12764285286019503
0.16595418615905794 0.12763904924217268
0.16597838361025974 0.12763524527897466
0.16600258106146154 0.12763144097080137
0.16602677851266334 0.12762763631785323
0.16605097596386514 0.12762383132033078
0.16607517341506697 0.1276200259784347
0.16609937086626878 0.12761622029236552
0.1661235683174706 0.12761241426232436
0.1661477657686724 0.12760860788851197
0.1661719632198742 0.12760480117112943
0.166196160671076 0.12760099411037779
0.1662203581222778 0.1275971867064584
0.1662445555734796 0.12759337895957243
0.16626875302468141 0.12758957086992154
0.16629295047588322 0.12758576243770692
0.16631714792708502 0.12758195366313035
0.16634134537828685 0.12757814454639352
0.16636554282948865 0.1275743350876982
0.16638974028069048 0.1275705252872464
0.16641393773189228 0.12756671513350215
0.16643813518309408 0.12756290462975822
0.16646233263429588 0.12755909378485555
0.16648653008549769 0.1275552825989963
0.1665107275366995 0.127551471072383
0.1665349249879013 0.12754765920521796
0.1665591224391031 0.1275438469977038
0.1665833198903049 0.12754003445004336
0.16660751734150672 0.12753622156243927
0.16663171479270852 0.12753240833509444
0.16665591224391033 0.12752859476821188
0.16668010969511216 0.12752478086199462
0.16670430714631396 0.12752096661664583
0.16672850459751576 0.1275171520323688
0.16675270204871756 0.12751333710936683
0.16677689949991936 0.1275095218478435
0.16680109695112116 0.1275055534586211
0.16682529440232297 0.12749836532057005
0.16684949185352477 0.12749117331054097
0.1668736893047266 0.12748397742581544
0.1668978867559284 0.12747677766367102
0.1669220842071302 0.1274695740213813
0.16694628165833203 0.12746236649621553
0.16697047910953383 0.1274551550854395
0.16699467656073563 0.12744793978631436
0.16701887401193743 0.12744072059609768
0.16704307146313924 0.12743349751204272
0.16706726891434104 0.1274262705313988
0.16709146636554284 0.12741903965141116
0.16711566381674464 0.12741180486932088
0.16713986126794647 0.12740456618236518
0.16716405871914827 0.12739732358777708
0.16718825617035007 0.12739007708278538
0.1672124536215519 0.1273825333933244
0.1672366510727537 0.12737470846221474
0.1672608485239555 0.12736687859535972
0.1672850459751573 0.12735904378860374
0.1673092434263591 0.12735120403778447
0.1673334408775609 0.12734335933873278
0.16735763832876271 0.12733550968727292
0.16738183577996452 0.12732765507922217
0.16740603323116635 0.12731979551039094
0.16743023068236815 0.1273119309765832
0.16745442813356995 0.12730406147359563
0.16747862558477178 0.12729618699721842
0.16750282303597358 0.12728830754323464
0.16752702048717538 0.12728042310742071
0.16755121793837718 0.12727253368554603
0.16757541538957899 0.12726463927337323
0.1675996128407808 0.12725673986665786
0.1676238102919826 0.12724883548188884
0.1676480077431844 0.12724092609444462
0.16767220519438622 0.12723301169972318
0.16769640264558802 0.12722509229345258
0.16772060009678982 0.12721716787135376
0.16774479754799165 0.1272092384291409
0.16776899499919345 0.12720130396252097
0.16779319245039526 0.12719336446719415
0.16781738990159706 0.1271854199388534
0.16784158735279886 0.12717747037318486
0.16786578480400066 0.1271695157658674
0.16788998225520246 0.12716155611257318
0.16791417970640427 0.1271535914089669
0.1679383771576061 0.12714562165070653
0.1679625746088079 0.12713764683344275
0.1679867720600097 0.12712966695281924
0.16801096951121153 0.12712168199477208
0.16803516696241333 0.12711369195290426
0.16805936441361513 0.12710569683452444
0.16808356186481693 0.1270976966352477
0.16810775931601873 0.1270896913506821
0.16813195676722054 0.1270816809764281
0.16815615421842234 0.12707366550807955
0.16818035166962414 0.12706564494122272
0.16820454912082597 0.12705761927143674
0.16822874657202777 0.12704958849429354
0.16825294402322957 0.12704155260535785
0.1682771414744314 0.12703351160018708
0.1683013389256332 0.1270254654743314
0.168325536376835 0.12701741422333382
0.1683497338280368 0.12700935784272985
0.1683739312792386 0.12700129632804788
0.1683981287304404 0.12699322967480894
0.1684223261816422 0.1269433835239975
0.16844652363284401 0.1268900364437703
0.16847072108404584 0.12683668997642983
0.16849491853524765 0.12678334412298492
0.16851911598644945 0.1267299988844434
0.16854331343765128 0.12667665426181188
0.16856751088885308 0.12662331025609655
0.16859170834005488 0.12656996686830216
0.16861590579125668 0.12651662409943276
0.16864010324245848 0.12646328195049164
0.16866430069366029 0.12640994042248066
0.1686884981448621 0.12635659951640124
0.1687126955960639 0.12630325923325378
0.16873689304726572 0.1262499195740373
0.16876109049846752 0.12619658053975055
0.16878528794966932 0.1261432421313909
0.16880948540087115 0.12607690559811954
0.16883368285207295 0.12599041133254096
0.16885788030327475 0.12590392196516378
0.16888207775447656 0.12581743750108343
0.16890627520567836 0.12573095794539924
0.16893047265688016 0.12564448330321426
0.16895467010808196 0.12555801357963575
0.16897886755928376 0.12547154877977484
0.1690030650104856 0.12538508890874633
0.1690272624616874 0.12529863397166952
0.1690514599128892 0.12521218397366723
0.16907565736409103 0.1251257389198663
0.16909985481529283 0.12503929881539802
0.16912405226649463 0.12495286366539707
0.16914824971769643 0.12486643347500256
0.16917244716889823 0.1247800082493574
0.16919664462010003 0.12469358799360866
0.16922084207130184 0.12460785452669702
0.16924503952250364 0.1245222357097714
0.16926923697370547 0.124436621775064
0.16929343442490727 0.1243510127276387
0.16931763187610907 0.12426540857256312
0.1693418293273109 0.12417980931490875
0.1693660267785127 0.1240942149597516
0.1693902242297145 0.12400862551217123
0.1694144216809163 0.1239230409772511
0.1694386191321181 0.12383746136007921
0.1694628165833199 0.12375188666574709
0.1694870140345217 0.12366631689935054
0.1695112114857235 0.12358075206598938
0.16953540893692534 0.12349519217076742
0.16955960638812714 0.12340963721879274
0.16958380383932894 0.12332408721517724
0.16960800129053077 0.12323880362540197
0.16963219874173258 0.12315405417131522
0.16965639619293438 0.12306930957672532
0.16968059364413618 0.12298456984665969
0.16970479109533798 0.12289983498614994
0.16972898854653978 0.1228151050002316
0.16975318599774158 0.12273037989394416
0.1697773834489434 0.12264565967233129
0.16980158090014522 0.1225609443404405
0.16982577835134702 0.12247623390332373
0.16984997580254882 0.12239152836603669
0.16987417325375065 0.12230682773363907
0.16989837070495245 0.12222213201119504
0.16992256815615425 0.12213744120377266
0.16994676560735605 0.12205275531644413
0.16997096305855786 0.12196807435428553
0.16999516050975966 0.12188339832237756
0.17001935796096146 0.12179935909717993
0.17004355541216326 0.12171548268549602
0.1700677528633651 0.12163161111395122
0.1700919503145669 0.12154774438754017
0.1701161477657687 0.12146388251126128
0.17014034521697052 0.12138002549011717
0.17016454266817232 0.12129617332911474
0.17018874011937413 0.1212123260332647
0.17021293757057593 0.12112848360758198
0.17023713502177773 0.1210446460570858
0.17026133247297953 0.12096081338679905
0.17028552992418133 0.12087698560174916
0.17030972737538314 0.12079316270696756
0.17033392482658496 0.12070934470748977
0.17035812227778677 0.1206255316083557
0.17038231972898857 0.12054172341460914
0.1704065171801904 0.12045811628705864
0.1704307146313922 0.12037504615800264
0.170454912082594 0.12029198085121967
0.1704791095337958 0.12020892037167429
0.1705033069849976 0.12012586472433534
0.1705275044361994 0.12004281391417576
0.1705517018874012 0.1199597679461726
0.170575899338603 0.11987672682530694
0.17060009678980484 0.11979369055656408
0.17062429424100664 0.11971065914493371
0.17064849169220844 0.1196276325954094
0.17067268914341027 0.11954461091298894
0.17069688659461207 0.11946159410267447
0.17072108404581388 0.11937858216947222
0.17074528149701568 0.11929557511839259
0.17076947894821748 0.11921257295445034
0.17079367639941928 0.11912957568266427
0.17081787385062108 0.11904721021866789
0.17084207130182288 0.11896507135126101
0.17086626875302469 0.11888293727514496
0.17089046620422652 0.11880080799524174
0.17091466365542832 0.11871868351647775
0.17093886110663015 0.11863656384378325
0.17096305855783195 0.11855444898209294
0.17098725600903375 0.11847233893634547
0.17101145346023555 0.11839023371148383
0.17103565091143735 0.11830813331245499
0.17105984836263916 0.11822603774421045
0.17108404581384096 0.1181439470117056
0.17110824326504276 0.11806186111990032
0.17113244071624456 0.11797978007375866
0.1711566381674464 0.11789770387824869
0.1711808356186482 0.1178156325383433
0.17120503306985002 0.11773452188794724
0.17122923052105182 0.11765705551774613
0.17125342797225362 0.11757959386981869
0.17127762542345543 0.11750213694525435
0.17130182287465723 0.11742468474514205
0.17132602032585903 0.11734723727057059
0.17135021777706083 0.1172697945226284
0.17137441522826263 0.11719235650240357
0.17139861267946443 0.11711492321098403
0.17142281013066626 0.11703749464945705
0.17144700758186807 0.11696007081891006
0.1714712050330699 0.11688265172042993
0.1714954024842717 0.11680523735510318
0.1715195999354735 0.11672782772401613
0.1715437973866753 0.11665042282825476
0.1715679948378771 0.11657302266890471
0.1715921922890789 0.11649562724705136
0.1716163897402807 0.11642233686483057
0.1716405871914825 0.1163509975724508
0.1716647846426843 0.11627965474631725
0.17168898209388614 0.11620830839191232
0.17171317954508794 0.11613695851471469
0.17173737699628977 0.11606560512019849
0.17176157444749157 0.11599424821383422
0.17178577189869337 0.11592288780108823
0.17180996934989518 0.11585152388742255
0.17183416680109698 0.11578015647829555
0.17185836425229878 0.11570878557916132
0.17188256170350058 0.11563741119547008
0.17190675915470238 0.11556603333266781
0.17193095660590418 0.11549465199619664
0.171955154057106 0.11542326719149464
0.17197935150830782 0.1153518789239959
0.17200354895950964 0.11528058485320317
0.17202774641071145 0.11520985550623407
0.17205194386191325 0.11513912272425413
0.17207614131311505 0.11506838651264335
0.17210033876431685 0.11499764687677774
0.17212453621551865 0.11492690382202927
0.17214873366672045 0.11485615735376607
0.17217293111792226 0.11478540747735219
0.17219712856912406 0.11471465419814784
0.1722213260203259 0.1146438975215091
0.1722455234715277 0.1145731374527884
0.1722697209227295 0.11450237399733389
0.17229391837393132 0.1144316071604899
0.17231811582513312 0.11436083694759687
0.17234231327633492 0.11429006336399135
0.17236651072753673 0.1142192864150057
0.17239070817873853 0.1141485061059686
0.17241490562994033 0.11407820723163918
0.17243910308114213 0.11400820722490967
0.17246330053234393 0.11393820388717743
0.17248749798354576 0.1138681972237107
0.17251169543474756 0.11379818723977421
0.17253589288594937 0.11372817394062845
0.1725600903371512 0.11365815733153015
0.172584287788353 0.11358813741773241
0.1726084852395548 0.11351811420448406
0.1726326826907566 0.11344808769703026
0.1726568801419584 0.11337805790061234
0.1726810775931602 0.11330802482046765
0.172705275044362 0.11323798846182985
0.1727294724955638 0.11316794882992855
0.17275366994676564 0.11309790592998954
0.17277786739796744 0.113027859767235
0.17280206484916924 0.11295787234787774
0.17282626230037107 0.11288854625560936
0.17285045975157287 0.11281921692776714
0.17287465720277467 0.1127498843695171
0.17289885465397647 0.11268054858602153
0.17292305210517828 0.11261120958243871
0.17294724955638008 0.11254186736392346
0.17297144700758188 0.11247252193562646
0.17299564445878368 0.1124031733026949
0.1730198419099855 0.11233382147027182
0.1730440393611873 0.11226446644349702
0.17306823681238911 0.112195108227506
0.17309243426359094 0.11212574682743064
0.17311663171479275 0.11205638224839927
0.17314082916599455 0.11198701449553615
0.17316502661719635 0.1119176435739619
0.17318922406839815 0.1118482694887934
0.17321342151959995 0.1117792952824087
0.17323761897080175 0.11171064152383364
0.17326181642200356 0.11164198462822979
0.17328601387320539 0.1115733246006585
0.1733102113244072 0.11150466144617777
0.173334408775609 0.11143599516984137
0.17335860622681082 0.11136732577669974
0.17338280367801262 0.1112986532717995
0.17340700112921442 0.1112299776601836
0.17343119858041622 0.11116129894689115
0.17345539603161803 0.11109261713695769
0.17347959348281983 0.11102393223541496
0.17350379093402163 0.11095524424729115
0.17352798838522343 0.11088655317761072
0.17355218583642526 0.11081785903139416
0.17357638328762706 0.11074916181365876
0.17360058073882886 0.11068047751766641
0.1736247781900307 0.11061244035402096
0.1736489756412325 0.11054440014375401
0.1736731730924343 0.11047635689183126
0.1736973705436361 0.11040831060321477
0.1737215679948379 0.11034026128286298
0.1737457654460397 0.11027220893573092
0.1737699628972415 0.11020415356676949
0.1737941603484433 0.11013609518092647
0.17381835779964513 0.11006803378314566
0.17384255525084694 0.10999996937836751
0.17386675270204874 0.10993190197152865
0.17389095015325057 0.10986383156756198
0.17391514760445237 0.10979575817139726
0.17393934505565417 0.10972768178796011
0.17396354250685597 0.10965960242217274
0.17398773995805777 0.10959152007895392
0.17401193740925958 0.10952382321267512
0.17403613486046138 0.10945652233524734
0.17406033231166318 0.10938921850629055
0.174084529762865 0.10932191173066616
0.1741087272140668 0.10925460201323206
0.1741329246652686 0.10918728935884256
0.17415712211647044 0.10911997377234835
0.17418131956767224 0.10905265525859668
0.17420551701887405 0.10898533382243115
0.17422971447007585 0.10891800946869198
0.17425391192127765 0.1088506822022156
0.17427810937247945 0.10878335202783491
0.17430230682368125 0.10871601895037966
0.17432650427488305 0.10864868297467553
0.17435070172608488 0.10858134410554497
0.17437489917728669 0.10851400234780698
0.1743990966284885 0.10844665770627684
0.17442329407969032 0.10837995164753975
0.17444749153089212 0.10831326760016678
0.17447168898209392 0.10824658069246267
0.17449588643329572 0.10817989092919282
0.17452008388449752 0.10811319831511919
0.17454428133569933 0.10804650285500018
0.17456847878690113 0.10797980455359087
0.17459267623810293 0.1079131034156426
0.17461687368930476 0.10784639944590345
0.17464107114050656 0.10777969264911798
0.17466526859170836 0.10771298303002734
0.1746894660429102 0.10764627059336894
0.174713663494112 0.10757955534387717
0.1747378609453138 0.10751283728628258
0.1747620583965156 0.10744611642531246
0.1747862558477174 0.10737939276569049
0.1748104532989192 0.10731295420106217
0.174834650750121 0.10724689137406528
0.1748588482013228 0.10718082577122896
0.17488304565252463 0.10711475739722762
0.17490724310372643 0.10704868625673244
0.17493144055492824 0.10698261235441106
0.17495563800613007 0.10691653569492748
0.17497983545733187 0.10685045628294276
0.17500403290853367 0.10678437412311428
0.17502823035973547 0.10671828922009598
0.17505242781093727 0.10665220157853852
0.17507662526213907 0.1065861112030891
0.17510082271334088 0.10652001809839158
0.17512502016454268 0.10645392226908637
0.17514921761574448 0.1063878237198105
0.17517341506694628 0.10632172245519769
0.17519761251814814 0.10625561847987815
0.17522180996934994 0.10619481284620536
0.17524600742055174 0.1061345672434925
0.17527020487175354 0.10607430051709635
0.17529440232295534 0.10601401271720462
0.17531859977415715 0.10595370389388707
0.17534279722535895 0.10589337409709548
0.17536699467656075 0.10583302337666411
0.17539119212776255 0.10577265178231036
0.17541538957896435 0.10571225936363454
0.17543958703016616 0.10565184617012066
0.175463784481368 0.10559141225113652
0.17548798193256981 0.10553095765593448
0.17551217938377162 0.10547048243365105
0.17553637683497342 0.10540998663330793
0.17556057428617522 0.10534947030381174
0.17558477173737702 0.10528893349395506
0.17560896918857882 0.10523112790875479
0.17563316663978062 0.10517794621669564
0.17565736409098243 0.10512470406290815
0.17568156154218423 0.10507140168010824
0.17570575899338603 0.10501803929997278
0.1757299564445879 0.10496461715314535
0.1757541538957897 0.10491113546924222
0.1757783513469915 0.10485759447685726
0.1758025487981933 0.104803994403568
0.1758267462493951 0.104750335475941
0.1758509437005969 0.10469661791953734
0.1758751411517987 0.10464284195891826
0.1758993386030005 0.10458900781765028
0.1759235360542023 0.10453511571831071
0.1759477335054041 0.10448116588249327
0.1759719309566059 0.10442715853081279
0.17599612840780776 0.10437309388291097
0.17602032585900956 0.104437743607766
0.17604452331021136 0.10452498801588926
0.17606872076141317 0.10461220649792646
0.17609291821261497 0.10469939909807023
0.17611711566381677 0.10478656586029991
0.17614131311501857 0.10487370682838298
0.17616551056622037 0.10496082204587567
0.17618970801742218 0.10504791155612413
0.17621390546862398 0.10513497540226535
0.17623810291982578 0.10522201362722824
0.17626230037102764 0.10530902627373478
0.17628649782222944 0.10539601338429985
0.17631069527343124 0.10548297500123399
0.17633489272463304 0.10556991116664306
0.17635909017583484 0.1056568219224296
0.17638328762703664 0.10574370731029364
0.17640748507823845 0.1058279704996544
0.17643168252944025 0.1059064259020474
0.17645587998064205 0.10598487998651851
0.17648007743184385 0.10606333274838543
0.17650427488304565 0.10614178418297145
0.1765284723342475 0.10622023428560613
0.1765526697854493 0.10629868305162402
0.1765768672366511 0.10637713047636617
0.17660106468785292 0.10645557655517915
0.17662526213905472 0.10653402128341537
0.17664945959025652 0.10661246465643305
0.17667365704145832 0.10669090666959602
0.17669785449266012 0.10676934731827394
0.17672205194386192 0.10684778659784235
0.17674624939506373 0.1069262245036824
0.17677044684626553 0.10700466103118093
0.17679464429746738 0.10708309617573081
0.1768188417486692 0.10715686499968238
0.176843039199871 0.10722929868527654
0.1768672366510728 0.1073017222528172
0.1768914341022746 0.10737413569626517
0.1769156315534764 0.10744653900957647
0.1769398290046782 0.10751893218670197
0.17696402645588 0.10759131522158753
0.1769882239070818 0.107663688108174
0.1770124213582836 0.10773605084039728
0.1770366188094854 0.107808403412188
0.17706081626068726 0.10788074581747217
0.17708501371188906 0.10795307805017006
0.17710921116309086 0.10802540010419742
0.17713340861429266 0.10809771197346477
0.17715760606549447 0.10817001365187764
0.17718180351669627 0.10824230513333623
0.17720600096789807 0.10831479760674227
0.17723019841909987 0.10838792021458488
0.17725439587030167 0.10846103252031464
0.17727859332150347 0.10853413451775759
0.17730279077270528 0.10860722620073493
0.17732698822390713 0.10868030756306257
0.17735118567510894 0.10875337859855073
0.17737538312631074 0.1088264393010051
0.17739958057751254 0.10889948966422601
0.17742377802871434 0.10897252968200835
0.17744797547991614 0.10904555934814199
0.17747217293111794 0.10911857865641152
0.17749637038231975 0.10919158760059626
0.17752056783352155 0.10926458617447025
0.17754476528472335 0.10933757437180244
0.17756896273592515 0.1094105521863563
0.177593160187127 0.10948351961189037
0.1776173576383288 0.10955717416526296
0.1776415550895306 0.1096310930917063
0.1776657525407324 0.10970500151037565
0.17768994999193422 0.10977889941494609
0.17771414744313602 0.10985278679908751
0.17773834489433782 0.10992666365646411
0.17776254234553962 0.110000529980735
0.17778673979674142 0.11007438576555371
0.17781093724794322 0.11014823100456853
0.17783513469914503 0.11022206569142223
0.17785933215034688 0.11029588981975241
0.17788352960154868 0.11036970338319076
0.1779077270527505 0.1104435063753639
0.1779319245039523 0.11051729878989303
0.1779561219551541 0.11059108062039377
0.1779803194063559 0.11066485186047635
0.1780045168575577 0.1107387938656252
0.1780287143087595 0.11081351542748596
0.1780529117599613 0.11088822627907596
0.1780771092111631 0.11096292641392104
0.1781013066623649 0.11103761582554128
0.17812550411356676 0.11111229450745147
0.17814970156476856 0.11118696245316052
0.17817389901597036 0.11126161965617205
0.17819809646717216 0.11133626610998403
0.17822229391837396 0.11141090180808876
0.17824649136957577 0.11148552674397309
0.17827068882077757 0.11156014091111809
0.17829488627197937 0.11163474430299931
0.17831908372318117 0.11170933691308661
0.17834328117438297 0.11178391873484438
0.17836747862558477 0.11185848976173113
0.17839167607678663 0.1119330499872001
0.17841587352798843 0.1120082361993235
0.17844007097919024 0.11208374544191665
0.17846426843039204 0.11215924376204421
0.17848846588159384 0.1122347311530734
0.17851266333279564 0.11231020760836558
0.17853686078399744 0.11238567312127637
0.17856105823519924 0.11246112768515563
0.17858525568640105 0.11253657129334751
0.17860945313760285 0.11261200393919019
0.17863365058880465 0.11268742561601637
0.1786578480400065 0.11276283631715275
0.1786820454912083 0.11283823603592007
0.1787062429424101 0.11291362476563352
0.1787304403936119 0.11298900249960235
0.1787546378448137 0.11306436923113
0.17877883529601551 0.11313972495351404
0.17880303274721732 0.11321519121986244
0.17882723019841912 0.11329149473856213
0.17885142764962092 0.1133677871258851
0.17887562510082272 0.11344406837504177
0.17889982255202452 0.11352033847923651
0.17892402000322638 0.11359659743166767
0.17894821745442818 0.11367284522552767
0.17897241490562998 0.1137490818540029
0.17899661235683179 0.11382530731027396
0.1790208098080336 0.11390152158751539
0.1790450072592354 0.11397772467889561
0.1790692047104372 0.11405391657757712
0.179093402161639 0.11413009727671646
0.1791175996128408 0.11420626676946406
0.1791417970640426 0.11428242504896428
0.1791659945152444 0.11435857210835546
0.17919019196644626 0.11443470794077014
0.17921438941764806 0.11451276032218018
0.17923858686884986 0.11459211977805552
0.17926278432005166 0.11467147339829534
0.17928698177125346 0.11475082118240573
0.17931117922245526 0.11483016312989362
0.17933537667365707 0.11490949924026668
0.17935957412485887 0.11498882951303313
0.17938377157606067 0.1150681539477021
0.17940796902726247 0.1151474725437832
0.17943216647846427 0.11522678530078698
0.17945636392966613 0.11530609221822471
0.17948056138086793 0.11538539329560786
0.17950475883206973 0.11546468853244927
0.17952895628327153 0.11554397792826213
0.17955315373447334 0.11562326148256045
0.17957735118567514 0.11570253919485897
0.17960154863687694 0.1157820738844242
0.17962574608807874 0.11586544863062417
0.17964994353928054 0.11594882159443887
0.17967414099048234 0.11603219277468588
0.17969833844168415 0.11611556217018341
0.179722535892886 0.11619892977975087
0.1797467333440878 0.11628229560220782
0.1797709307952896 0.11636565963637527
0.1797951282464914 0.11644902188107481
0.1798193256976932 0.11653238233512894
0.179843523148895 0.11661574099736109
0.17986772060009681 0.11669909786659535
0.17989191805129862 0.11678245294165675
0.17991611550250042 0.11686580622137097
0.17994031295370222 0.11694915770456492
0.17996451040490402 0.11703250739006593
0.17998870785610582 0.11711585527670246
0.18001290530730768 0.11719971785920993
0.18003710275850948 0.1172840305644522
0.18006130020971128 0.11736834145429181
0.18008549766091309 0.11745265052754379
0.1801096951121149 0.11753695778302409
0.1801338925633167 0.11762126321954945
0.1801580900145185 0.11770556683593758
0.1801822874657203 0.11778986863100695
0.1802064849169221 0.11787416860357684
0.1802306823681239 0.11795846675246753
0.1802548798193257 0.11804276307649995
0.18027907727052755 0.11812705757449629
0.18030327472172936 0.11821135024527872
0.18032747217293116 0.11829564108767116
0.18035166962413296 0.11837993010049805
0.18037586707533476 0.1184642172825846
0.18040006452653656 0.11854850537634465
0.18042426197773836 0.11863381773176503
0.18044845942894017 0.11871912823889885
0.18047265688014197 0.11880443689655723
0.18049685433134377 0.11888974370355224
0.18052105178254557 0.1189750486586967
0.18054524923374743 0.11906035176080457
0.18056944668494923 0.11914565300869007
0.18059364413615103 0.11923095240116877
0.18061784158735283 0.11931624993705706
0.18064203903855464 0.1194015456151721
0.18066623648975644 0.11948683943433201
0.18069043394095824 0.11957213139335562
0.18071463139216004 0.11965742149106266
0.18073882884336184 0.11974270972627389
0.18076302629456364 0.11982799609781077
0.18078722374576545 0.11991328060449555
0.1808114211969673 0.11999599264182764
0.1808356186481691 0.12007582727717896
0.1808598160993709 0.12015566011947591
0.1808840135505727 0.12023549116763661
0.1809082110017745 0.12031532042057978
0.1809324084529763 0.1203951478772252
0.1809566059041781 0.12047497353649331
0.18098080335537992 0.12055479739730543
0.18100500080658172 0.12063461945858364
0.18102919825778352 0.12071443971925086
0.18105339570898532 0.1207942581782309
0.18107759316018718 0.12087407483444847
0.18110179061138898 0.12095388968682856
0.18112598806259078 0.1210337027342976
0.18115018551379258 0.12111351397578256
0.18117438296499438 0.1211933234102112
0.1811985804161962 0.12127313103651233
0.181222777867398 0.12131688346060858
0.1812469753185998 0.12135838764160824
0.1812711727698016 0.1213998905484853
0.1812953702210034 0.12144139218081579
0.1813195676722052 0.12148289253817596
0.18134376512340705 0.12152439162014259
0.18136796257460885 0.1215658894262927
0.18139216002581066 0.12160738595620409
0.18141635747701246 0.1216488812094548
0.18144055492821426 0.1216903751856234
0.18146475237941606 0.12173186788428889
0.18148894983061786 0.12177335930503078
0.18151314728181966 0.1218148494474289
0.18153734473302147 0.12185633831106374
0.18156154218422327 0.12189782589551605
0.18158573963542507 0.12193931220036706
0.18160993708662693 0.12198089659736211
0.18163413453782873 0.12202262231700545
0.18165833198903053 0.12206434675235751
0.18168252944023233 0.12210606990299759
0.18170672689143413 0.12214779176850506
0.18173092434263594 0.12218951234846
0.18175512179383774 0.12223123164244275
0.18177931924503954 0.12227294965003424
0.18180351669624134 0.1223146663708159
0.18182771414744314 0.12235638180436943
0.18185191159864494 0.12239809595027723
0.1818761090498468 0.12243980880812202
0.1819003065010486 0.1224815203774869
0.1819245039522504 0.12252323065795553
0.1819487014034522 0.12256493964911203
0.181972898854654 0.12260664735054108
0.1819970963058558 0.12264835376182752
0.1820212937570576 0.12269032504710495
0.1820454912082594 0.12273233133248825
0.18206968865946122 0.12277433632213247
0.18209388611066302 0.12281634001561935
0.18211808356186482 0.12285834241253135
0.18214228101306668 0.12290034351245133
0.18216647846426848 0.12294234331496223
0.18219067591547028 0.12298434181964796
0.18221487336667208 0.12302633902609263
0.18223907081787388 0.12306833493388088
0.18226326826907568 0.12311032954259774
0.1822874657202775 0.12315232285182885
0.1823116631714793 0.12319431486116023
0.1823358606226811 0.12323630557017837
0.1823600580738829 0.12327829497847004
0.1823842555250847 0.12332028308562298
0.18240845297628655 0.12336233327944542
0.18243265042748835 0.12340450023613196
0.18245684787869015 0.12344666588780054
0.18248104532989196 0.12348883023403731
0.18250524278109376 0.1235309932744292
0.18252944023229556 0.12357315500856324
0.18255363768349736 0.1236153154360272
0.18257783513469916 0.12365747455640923
0.18260203258590096 0.12369963236929787
0.18262623003710277 0.12374178887428233
0.18265042748830457 0.12378394407095207
0.18267462493950642 0.1238260979588972
0.18269882239070823 0.12386825053770802
0.18272301984191003 0.12391040180697563
0.18274721729311183 0.12395255176629136
0.18277141474431363 0.12399470041524716
0.18279561219551543 0.12403684775343532
0.18281980964671724 0.12407919182381759
0.18284400709791904 0.12412157844565812
0.18286820454912084 0.12416396375193976
0.18289240200032264 0.12420634774225284
0.18291659945152444 0.12424873041618811
0.1829407969027263 0.12429111177333683
0.1829649943539281 0.12433349181329059
0.1829891918051299 0.12437587053564159
0.1830133892563317 0.12441824793998242
0.1830375867075335 0.12446062402590978
0.1830617841587353 0.12450299879301395
0.1830859816099371 0.1245453722408888
0.1831101790611389 0.12458774436912862
0.1831343765123407 0.1246301151773286
0.18315857396354251 0.12467248466508399
0.18318277141474432 0.12471485283199091
0.18320696886594617 0.12475730675478965
0.18323116631714798 0.12479997462707773
0.18325536376834978 0.12484264117279231
0.18327956121955158 0.12488530639152637
0.18330375867075338 0.12492797028287315
0.18332795612195518 0.12497063284642668
0.18335215357315698 0.1250132940817812
0.18337635102435879 0.12505595398853156
0.1834005484755606 0.12509861256627303
0.1834247459267624 0.1251412698146014
0.1834489433779642 0.12518392573311293
0.18347314082916605 0.1252265803214044
0.18349733828036785 0.12526923357907294
0.18352153573156965 0.12531188550571615
0.18354573318277145 0.1253545361009323
0.18356993063397326 0.12539718536432
0.18359412808517506 0.1254398332954784
0.18361832553637686 0.12548261726486215
0.18364252298757866 0.1255254439155261
0.18366672043878046 0.12556826923001782
0.18369091788998226 0.1256110932079354
0.18371511534118407 0.12565391584887747
0.18373931279238592 0.1256967371524432
0.18376351024358772 0.12573955711823182
0.18378770769478953 0.1257823757458436
0.18381190514599133 0.12582519303487893
0.18383610259719313 0.12586800898493883
0.18386030004839493 0.12591082359562472
0.18388449749959673 0.12595363686653857
0.18390869495079853 0.1259964487972829
0.18393289240200034 0.1260392593874604
0.18395708985320214 0.12608206863667462
0.18398128730440394 0.12612487654452936
0.1840054847556058 0.12616775162649718
0.1840296822068076 0.1262108591235021
0.1840538796580094 0.12625396527333932
0.1840780771092112 0.12629707007560986
0.184102274560413 0.1263401735299151
0.1841264720116148 0.12638327563585697
0.1841506694628166 0.1264263763930379
0.1841748669140184 0.1264694758010608
0.1841990643652202 0.126512573859529
0.184223261816422 0.12655567056804642
0.18424745926762381 0.1265987659262174
0.18427165671882567 0.12664185993364685
0.18429585417002747 0.12668495258993995
0.18432005162122927 0.1267280438947025
0.18434424907243108 0.12677113384754105
0.18436844652363288 0.12681422244806195
0.18439264397483468 0.1268573096958729
0.18441684142603648 0.126900563875813
0.18444103887723828 0.12694389020298258
0.18446523632844009 0.12698721517252431
0.1844894337796419 0.1270305387840436
0.1845136312308437 0.12707386103714627
0.18453782868204555 0.12711718193143876
0.18456202613324735 0.12716050146652774
0.18458622358444915 0.12720381964202065
0.18461042103565095 0.1272471364575253
0.18463461848685275 0.12729045191265007
0.18465881593805455 0.12733376600700366
0.18468301338925636 0.12737707874019547
0.18470721084045816 0.12742039011183523
0.18473140829165996 0.1274637001215332
0.18475560574286176 0.1275070087689002
0.18477980319406356 0.1275503160535474
0.18480400064526542 0.12759366194591812
0.18482819809646722 0.12763720826081987
0.18485239554766902 0.1276807532080559
0.18487659299887083 0.12772429678723582
0.18490079045007263 0.1277678389979695
0.18492498790127443 0.1278113798398673
0.18494918535247623 0.12785491931254
0.18497338280367803 0.1278984574155993
0.18499758025487983 0.12794199414865678
0.18502177770608164 0.127985529511325
0.18504597515728344 0.12802906350321672
0.1850701726084853 0.12807259612394545
0.1850943700596871 0.1281161273731249
0.1851185675108889 0.12815965725036949
0.1851427649620907 0.12820318575529402
0.1851669624132925 0.12824671288751394
0.1851911598644943 0.12829023864664507
0.1852153573156961 0.12833395480219958
0.1852395547668979 0.12837777996854635
0.1852637522180997 0.12842160375587205
0.1852879496693015 0.12846542616378984
0.1853121471205033 0.12850924719191317
0.18533634457170517 0.12855306683985646
0.18536054202290697 0.12859688510723394
0.18538473947410877 0.1286407019936609
0.18540893692531057 0.12868451749875284
0.18543313437651238 0.12872833162212602
0.18545733182771418 0.12877214436339687
0.18548152927891598 0.12881595572218263
0.18550572673011778 0.12885976569810084
0.18552992418131958 0.12890357429014968
0.18555412163252138 0.12894738149918733
0.1855783190837232 0.12899118732421316
0.185602516534925 0.12903492324765084
0.18562671398612685 0.12907806742704414
0.18565091143732865 0.12912121011778083
0.18567510888853045 0.12916435131984544
0.18569930633973225 0.12920749103322254
0.18572350379093405 0.12925062925789738
0.18574770124213585 0.12929376599385511
0.18577189869333766 0.12933690124108155
0.18579609614453946 0.1293800349995627
0.18582029359574126 0.12942316726928482
0.18584449104694306 0.12946629805023485
0.18586868849814486 0.12950942734239967
0.18589288594934672 0.12955255514576675
0.18591708340054852 0.12959568146032355
0.18594128085175032 0.12963880628605837
0.18596547830295213 0.12968192962295952
0.18598967575415393 0.12972505147101573
0.18601387320535573 0.1297681518732533
0.18603807065655753 0.1298112358351904
0.18606226810775933 0.1298543181815665
0.18608646555896113 0.129897398912494
0.18611066301016294 0.12994047802808587
0.18613486046136474 0.12998355552845522
0.1861590579125666 0.13002663141371573
0.1861832553637684 0.13006970568398102
0.1862074528149702 0.13011277833936533
0.186231650266172 0.13015584937998323
0.1862558477173738 0.13019891880594953
0.1862800451685756 0.1302419866173794
0.1863042426197774 0.1302850528143885
0.1863284400709792 0.1303281173970925
0.186352637522181 0.1303711803656077
0.1863768349733828 0.13041424172005056
0.1864010324245846 0.13045731434425342
0.18642522987578647 0.13050067442758734
0.18644942732698827 0.13054403288685182
0.18647362477819007 0.13058738972216435
0.18649782222939187 0.1306307449336428
0.18652201968059368 0.13067409852140513
0.18654621713179548 0.1307174504855699
0.18657041458299728 0.13076080082625596
0.18659461203419908 0.13080414954358233
0.18661880948540088 0.13084749663766843
0.18664300693660268 0.13089084210863422
0.1866672043878045 0.13093418595659978
0.18669140183900634 0.13097752818168562
0.18671559929020815 0.13102086878401245
0.18673979674140995 0.13106420776370142
0.18676399419261175 0.1311075451208743
0.18678819164381355 0.13115088085565257
0.18681238909501535 0.13119433861578983
0.18683658654621715 0.13123791259916426
0.18686078399741896 0.13128148495222913
0.18688498144862076 0.13132505567510722
0.18690917889982256 0.1313686247679218
0.18693337635102436 0.13141219223079634
0.18695757380222622 0.13145575806385498
0.18698177125342802 0.13149932226722166
0.18700596870462982 0.13154288484102108
0.18703016615583162 0.13158644578537818
0.18705436360703342 0.1316300051004183
0.18707856105823523 0.13167356278626696
0.18710275850943703 0.13171711884305007
0.18712695596063883 0.13176067327089402
0.18715115341184063 0.13180422606992545
0.18717535086304243 0.13184777724027125
0.18719954831424424 0.1318913267820588
0.1872237457654461 0.13193511161760813
0.1872479432166479 0.13197889932331822
0.1872721406678497 0.13202268539256778
0.1872963381190515 0.13206646982548514
0.1873205355702533 0.13211025262219908
0.1873447330214551 0.1321540337828387
0.1873689304726569 0.1321978133075334
0.1873931279238587 0.13224159119641302
0.1874173253750605 0.13228536744960767
0.1874415228262623 0.1323291420672477
0.1874657202774641 0.1323729150494641
0.18748991772866597 0.13241668639638796
0.18751411517986777 0.13246045610815077
0.18753831263106957 0.13250422418488433
0.18756251008227137 0.13254799062672104
0.18758670753347317 0.13259175543379315
0.18761090498467498 0.13263562738029594
0.18763510243587678 0.13267963027478985
0.18765929988707858 0.13272363152662964
0.18768349733828038 0.13276763113594883
0.18770769478948218 0.1328116291028816
0.18773189224068398 0.13285562542756216
0.18775608969188584 0.1328996201101254
0.18778028714308764 0.13294361315070613
0.18780448459428944 0.1329876045494399
0.18782868204549125 0.13303159430646233
0.18785287949669305 0.1330755824219097
0.18787707694789485 0.13311956889591828
0.18790127439909665 0.13316355372862507
0.18792547185029845 0.13320753692016704
0.18794966930150026 0.13325151847068178
0.18797386675270206 0.13329549838030713
0.18799806420390386 0.13333947664918136
0.18802226165510572 0.13338373076334956
0.18804645910630752 0.13342800735630234
0.18807065655750932 0.13347228229855485
0.18809485400871112 0.13351655559024633
0.18811905145991292 0.13356082723151638
0.18814324891111472 0.133605097222505
0.18816744636231653 0.1336493655633525
0.18819164381351833 0.13369363225419958
0.18821584126472013 0.13373789729518734
0.18824003871592193 0.13378216068645712
0.18826423616712373 0.1338264224281507
0.1882884336183256 0.13387068252041034
0.1883126310695274 0.1339149409633782
0.1883368285207292 0.13395919775719725
0.188361025971931 0.13400345290201066
0.1883852234231328 0.13404770639796187
0.1884094208743346 0.134092075641723
0.1884336183255364 0.1341366273653573
0.1884578157767382 0.1341811774301929
0.18848201322794 0.1342257258363745
0.1885062106791418 0.13427027258404697
0.1885304081303436 0.1343148176733557
0.18855460558154546 0.13435936110444655
0.18857880303274727 0.13440390287746531
0.18860300048394907 0.13444844299255856
0.18862719793515087 0.13449298144987315
0.18865139538635267 0.1345375182495561
0.18867559283755447 0.134582053391755
0.18869979028875628 0.13462658687661763
0.18872398773995808 0.13467111870429233
0.18874818519115988 0.13471564887492754
0.18877238264236168 0.13476017738867233
0.18879658009356348 0.13480470424567587
0.18882077754476534 0.1348112835111822
0.18884497499596714 0.13481161677393508
0.18886917244716894 0.13481194990105566
0.18889336989837074 0.1348122828927379
0.18891756734957255 0.134812615749176
0.18894176480077435 0.1348129484705644
0.18896596225197615 0.13481328105709744
0.18899015970317795 0.13481361350896962
0.18901435715437975 0.13481394582637565
0.18903855460558155 0.13481427800951024
0.18906275205678336 0.13481461005856812
0.1890869495079852 0.13481494197374427
0.18911114695918702 0.13481527375523386
0.18913534441038882 0.13481560540323187
0.18915954186159062 0.13481593691793353
0.18918373931279242 0.13481626829953433
0.18920793676399422 0.13473087993325372
0.18923213421519602 0.13446987673418123
0.18925633166639783 0.13420888240052375
0.18928052911759963 0.13394789693271555
0.18930472656880143 0.1336869203311892
0.18932892402000323 0.13342595259637605
0.1893531214712051 0.1331649937287052
0.1893773189224069 0.13290404372860629
0.1894015163736087 0.13264310259650575
0.1894257138248105 0.13238217033282892
0.1894499112760123 0.1321212469379999
0.1894741087272141 0.1318603324124414
0.1894983061784159 0.13159942675657452
0.1895225036296177 0.13133852997081893
0.1895467010808195 0.1310776420555931
0.1895708985320213 0.1308167630113137
0.1895950959832231 0.13055589283839622
0.18961929343442496 0.1303015653817113
0.18964349088562676 0.13004890732004026
0.18966768833682857 0.12979625784866336
0.18969188578803037 0.12954361696798325
0.18971608323923217 0.1292909846784013
0.18974028069043397 0.1290383609803176
0.18976447814163577 0.12878574587413064
0.18978867559283757 0.1285331393602375
0.18981287304403938 0.12828054143903397
0.18983707049524118 0.12802795211091458
0.18986126794644298 0.1277753713762721
0.18988546539764484 0.1275227992354975
0.18990966284884664 0.12727023568898221
0.18993386030004844 0.12701768073711417
0.18995805775125024 0.12676513438028086
0.18998225520245204 0.12651259661886816
0.19000645265365385 0.12626217176593338
0.19003065010485565 0.1260175421967778
0.19005484755605745 0.12577292095219908
0.19007904500725925 0.12552830803257148
0.19010324245846105 0.12528370343826795
0.19012743990966285 0.12503910716965977
0.1901516373608647 0.12479451922711672
0.1901758348120665 0.12454993961100849
0.19020003226326831 0.12430536832170211
0.19022422971447012 0.12406080535956346
0.19024842716567192 0.12381625072495717
0.19027262461687372 0.12357170441824658
0.19029682206807552 0.12332716643979365
0.19032101951927732 0.12308263678995883
0.19034521697047913 0.1228381154691013
0.19036941442168093 0.12259360247757882
0.19039361187288273 0.12234909781574786
0.19041780932408459 0.12211027471874326
0.1904420067752864 0.12187349468605378
0.1904662042264882 0.12163672271828806
0.19049040167769 0.12139995881579156
0.1905145991288918 0.1211632029789086
0.1905387965800936 0.1209264552079822
0.1905629940312954 0.12068971550335378
0.1905871914824972 0.12045298386536368
0.190611388933699 0.12021626029435083
0.1906355863849008 0.11997954479065286
0.1906597838361026 0.11974283735460585
0.19068398128730446 0.11950613798654436
0.19070817873850626 0.11926944668680288
0.19073237618970806 0.11903276345571319
0.19075657364090987 0.1187960882936062
0.19078077109211167 0.11855942120081137
0.19080496854331347 0.11832429504393786
0.19082916599451527 0.11809510919338384
0.19085336344571707 0.11786593115554966
0.19087756089691887 0.1176367609307549
0.19090175834812068 0.11740759851931783
0.19092595579932248 0.11717844392155549
0.19095015325052433 0.11694929713778293
0.19097435070172614 0.1167201581683156
0.19099854815292794 0.11649102701346602
0.19102274560412974 0.116261903673546
0.19104694305533154 0.1160327881488659
0.19107114050653334 0.115803680439735
0.19109533795773515 0.11557458054646101
0.19111953540893695 0.11534548846935054
0.19114373286013875 0.11511640420870879
0.19116793031134055 0.11488732776483974
0.19119212776254235 0.1146582591380459
0.19121632521374415 0.11443275992433846
0.191240522664946 0.11420899178290977
0.1912647201161478 0.1139852383940457
0.19128891756734961 0.11376149975974958
0.19131311501855142 0.11353777588202348
0.19133731246975322 0.11331406676286765
0.19136150992095502 0.11309037240428069
0.19138570737215682 0.11286669280825924
0.19140990482335862 0.11264302797679841
0.19143410227456042 0.11241937791189134
0.19145829972576223 0.11219574261552946
0.19148249717696403 0.11197212208970247
0.19150669462816589 0.11174851633639762
0.1915308920793677 0.11152492535760211
0.1915550895305695 0.1113013491552998
0.1915792869817713 0.11107778773147313
0.1916034844329731 0.11085488245089702
0.1916276818841749 0.11063580806640992
0.1916518793353767 0.11041675471464373
0.1916760767865785 0.11019772241196492
0.1917002742377803 0.10997871117475497
0.1917244716889821 0.10975972101941024
0.1917486691401839 0.10954075196234221
0.19177286659138576 0.10932180401997682
0.19179706404258756 0.1091028772087567
0.19182126149378936 0.10888397154513808
0.19184545894499117 0.10866508704559279
0.19186965639619297 0.10844622372660781
0.19189385384739477 0.10822738160468554
0.19191805129859657 0.10800856069634353
0.19194224874979837 0.10778976101811447
0.19196644620100017 0.10757098258654665
0.19199064365220198 0.1073522254182035
0.19201484110340378 0.10713242066599421
0.19203903855460563 0.10691196352342831
0.19206323600580744 0.10669152789493408
0.19208743345700924 0.10647111379729285
0.19211163090821104 0.10625072124730214
0.19213582835941284 0.10603035026177529
0.19216002581061464 0.10581000085754128
0.19218422326181644 0.10558967305144493
0.19220842071301825 0.10536936686034684
0.19223261816422005 0.10514908230112362
0.19225681561542185 0.10492881939066759
0.19228101306662365 0.10470857814588702
0.1923052105178255 0.10448835858370581
0.1923294079690273 0.10426816072106512
0.1923536054202291 0.10404798457492086
0.19237780287143091 0.10382783016224538
0.19240200032263272 0.10360828314963041
0.19242619777383452 0.10339525627960842
0.19245039522503632 0.10318225036922606
0.19247459267623812 0.10296926543487535
0.19249879012743992 0.10275630149296376
0.19252298757864172 0.10254335855991446
0.19254718502984353 0.10233043665216625
0.19257138248104538 0.10211753578617302
0.19259557993224719 0.10190465597840603
0.192619777383449 0.10169179724535052
0.1926439748346508 0.1014789596035083
0.1926681722858526 0.10126614306939677
0.1926923697370544 0.10105334765954938
0.1927165671882562 0.1008405733905152
0.192740764639458 0.10062782027885946
0.1927649620906598 0.10041508834116325
0.1927891595418616 0.10020237759402352
0.1928133569930634 0.09999346236580185
0.19283755444426526 0.09978763094735746
0.19286175189546706 0.09958181996526909
0.19288594934666886 0.099376029435566
0.19291014679787066 0.09917025937429334
0.19293434424907246 0.09896450979751188
0.19295854170027427 0.09875878072129785
0.19298273915147607 0.09855307216174301
0.19300693660267787 0.09834738413495493
0.19303113405387967 0.09814171665705675
0.19305533150508147 0.09793606974418721
0.19307952895628328 0.09773044341250099
0.19310372640748513 0.09752483767816796
0.19312792385868693 0.09731925255737504
0.19315212130988874 0.09711368806632382
0.19317631876109054 0.09690814422123206
0.19320051621229234 0.09670276165446058
0.19322471366349414 0.09650385013167309
0.19324891111469594 0.09630495852128766
0.19327310856589774 0.09610608683896854
0.19329730601709955 0.09590723510039556
0.19332150346830135 0.09570840332126385
0.19334570091950315 0.09550959151728398
0.193369898370705 0.09531079970418167
0.1933940958219068 0.09511202789769937
0.1934182932731086 0.09491327611359388
0.1934424907243104 0.09471454436763774
0.1934666881755122 0.0945158326756194
0.19349088562671402 0.09431714105334293
0.19351508307791582 0.09411846951662785
0.19353928052911762 0.09391981808130961
0.19356347798031942 0.09372118676323932
0.19358767543152122 0.09352257557828397
0.19361187288272302 0.09332712732311742
0.19363607033392488 0.09313496100397417
0.19366026778512668 0.092942814097727
0.19368446523632848 0.09275068661969714
0.1937086626875303 0.09255857858522136
0.1937328601387321 0.09236649000965189
0.1937570575899339 0.09217442090835631
0.1937812550411357 0.09198237129671755
0.1938054524923375 0.09179034119013395
0.1938296499435393 0.09159833060401949
0.1938538473947411 0.09140633955380337
0.1938780448459429 0.09121436805493052
0.19390224229714476 0.09102241612286086
0.19392643974834656 0.0908304837730715
0.19395063719954836 0.09063857102105338
0.19397483465075016 0.09044667788231399
0.19399903210195196 0.09025480437237635
0.19402322955315376 0.09006880609827365
0.19404742700435557 0.08988307074364373
0.19407162445555737 0.08969735432573454
0.19409582190675917 0.08951165685954364
0.19412001935796097 0.0893259783600837
0.19414421680916277 0.08914031884238283
0.19416841426036463 0.08895467832148389
0.19419261171156643 0.08876905681244629
0.19421680916276823 0.0885834543303436
0.19424100661397004 0.0883978708902652
0.19426520406517184 0.08821230650731579
0.19428940151637364 0.08802676119661572
0.19431359896757544 0.0878412349733006
0.19433779641877724 0.08765572785252172
0.19436199386997904 0.0874702398494459
0.19438619132118085 0.08728477097925547
0.19441038877238265 0.08710188617028405
0.1944345862235845 0.08692242926638957
0.1944587836747863 0.08674299081063906
0.1944829811259881 0.08656357081769225
0.1945071785771899 0.08638416930222458
0.1945313760283917 0.08620478627892647
0.1945555734795935 0.0860254217625035
0.19457977093079531 0.08584607576767651
0.19460396838199712 0.08566674830918158
0.19462816583319892 0.08548743940177006
0.19465236328440072 0.08530814906020859
0.19467656073560252 0.08512887729927912
0.19470075818680438 0.08494962413377857
0.19472495563800618 0.0847703895785206
0.19474915308920798 0.08459117364833289
0.19477335054040978 0.08441197635805914
0.19479754799161159 0.08423279772255851
0.1948217454428134 0.0840587863982281
0.1948459428940152 0.0838853736461955
0.194870140345217 0.0837119788860084
0.1948943377964188 0.08353860213201904
0.1949185352476206 0.08336524339859437
0.1949427326988224 0.0831919027001166
0.19496693015002425 0.08301858005098259
0.19499112760122606 0.08284527546560552
0.19501532505242786 0.08267198895841256
0.19503952250362966 0.08249872054384638
0.19506371995483146 0.08232547023636495
0.19508791740603326 0.08215223805044154
0.19511211485723506 0.08197902400056463
0.19513631230843687 0.08180582810123796
0.19516050975963867 0.08163265036698085
0.19518470721084047 0.08145949081232787
0.19520890466204227 0.08128841183226874
0.19523310211324413 0.08112089249750376
0.19525729956444593 0.08095339068726251
0.19528149701564773 0.08078590641557565
0.19530569446684953 0.08061843969648937
0.19532989191805133 0.08045099054406465
0.19535408936925314 0.08028355897237748
0.19537828682045494 0.08011614499551892
0.19540248427165674 0.07994874862759495
0.19542668172285854 0.07978136988272666
0.19545087917406034 0.07961400877505041
0.19547507662526215 0.07944666531871747
0.195499274076464 0.07927933952789394
0.1955234715276658 0.07911203141676244
0.1955476689788676 0.07894474099951951
0.1955718664300694 0.07877746829037742
0.1955960638812712 0.07861021330356367
0.195620261332473 0.07844741438007309
0.1956444587836748 0.07828549481710917
0.19566865623487661 0.07812359235144671
0.19569285368607842 0.07796170699683151
0.19571705113728022 0.07779983876702426
0.19574124858848202 0.07763798767580044
0.19576544603968388 0.07747615373695017
0.19578964349088568 0.0773143369642796
0.19581384094208748 0.07715253737160858
0.19583803839328928 0.07699075497277258
0.19586223584449108 0.07682898978162193
0.19588643329569289 0.0766672418120221
0.1959106307468947 0.07650551107785361
0.1959348281980965 0.0763437975930121
0.1959590256492983 0.07618210137140853
0.1959832231005001 0.07602042242696881
0.1960074205517019 0.07586036638610866
0.19603161800290375 0.07570395729585906
0.19605581545410555 0.07554756485867284
0.19608001290530735 0.07539118908799203
0.19610421035650916 0.07523482999727386
0.19612840780771096 0.07507848759999021
0.19615260525891276 0.07492216190962787
0.19617680271011456 0.07476585293968835
0.19620100016131636 0.07460956070368803
0.19622519761251817 0.07445328521515819
0.19624939506371997 0.07429702648764501
0.19627359251492177 0.07414078453470965
0.19629778996612363 0.07398455936992789
0.19632198741732543 0.07382835100689152
0.19634618486852723 0.07367215945920638
0.19637038231972903 0.07351598474049373
0.19639457977093083 0.07335982686438997
0.19641877722213263 0.07330251383938045
0.19644297467333444 0.07327372794766383
0.19646717212453624 0.07324493933013142
0.19649136957573804 0.07321614799081913
0.19651556702693984 0.07318735393375893
0.19653976447814164 0.07315855716297873
0.1965639619293435 0.07312975768250228
0.1965881593805453 0.07310095549634953
0.1966123568317471 0.07307215060853614
0.1966365542829489 0.07304334302307391
0.1966607517341507 0.07301453274397049
0.1966849491853525 0.07298571977522969
0.1967091466365543 0.07295690412085104
0.1967333440877561 0.07292808578483032
0.19675754153895791 0.0728992647711591
0.19678173899015972 0.07287044108382508
0.19680593644136152 0.07286453799554209
0.19683013389256332 0.07292914449290784
0.19685433134376518 0.07299374556637774
0.19687852879496698 0.07305834121281259
0.19690272624616878 0.07312293142908428
0.19692692369737058 0.07318751621207509
0.19695112114857238 0.07325209555867777
0.19697531859977419 0.07331666946579557
0.196999516050976 0.07338123793034215
0.1970237135021778 0.07344580094924154
0.1970479109533796 0.07351035851942807
0.1970721084045814 0.07357491063784634
0.1970963058557832 0.07363945730145127
0.19712050330698505 0.073703998507208
0.19714470075818685 0.07376853425209141
0.19716889820938865 0.07383306453308691
0.19719309566059046 0.0738975893471898
0.19721729311179226 0.07396270417447698
0.19724149056299406 0.07402805137188735
0.19726568801419586 0.0740933932028691
0.19728988546539766 0.07415872966400848
0.19731408291659946 0.07422406075190292
0.19733828036780127 0.07428938646316095
0.19736247781900307 0.07435470679440206
0.19738667527020493 0.07442002174225694
0.19741087272140673 0.07448533130336671
0.19743507017260853 0.07455063547438398
0.19745926762381033 0.0746159342519719
0.19748346507501213 0.07468122763280444
0.19750766252621393 0.07474651561356635
0.19753185997741574 0.0748117981909531
0.19755605742861754 0.07487707536167078
0.19758025487981934 0.07494234712243615
0.19760445233102114 0.07500776694078407
0.19762864978222294 0.07507386201455228
0.1976528472334248 0.07513995177339804
0.1976770446846266 0.0752060362136462
0.1977012421358284 0.07527211533163358
0.1977254395870302 0.07533818912370852
0.197749637038232 0.07540425758623072
0.1977738344894338 0.07547032071557162
0.1977980319406356 0.07553637850811384
0.1978222293918374 0.07560243096025156
0.1978464268430392 0.07566847806839017
0.19787062429424102 0.07573451982894641
0.19789482174544282 0.07580055623834821
0.19791901919664467 0.0758665872930349
0.19794321664784648 0.0759326129894564
0.19796741409904828 0.07599863332407426
0.19799161155025008 0.07606464829336093
0.19801580900145188 0.07613120341311926
0.19804000645265368 0.07619804270261435
0.19806420390385548 0.07626487671612396
0.1980884013550573 0.0763317054497464
0.1981125988062591 0.076398528899592
0.1981367962574609 0.07646534706178301
0.1981609937086627 0.07653215993245353
0.19818519115986455 0.07659896750774982
0.19820938861106635 0.07666576978382927
0.19823358606226815 0.07673256675686163
0.19825778351346995 0.07679935842302814
0.19828198096467176 0.0768661447785216
0.19830617841587356 0.07693292581954657
0.19833037586707536 0.07699970154231907
0.19835457331827716 0.07706647194306647
0.19837877076947896 0.0771332370180279
0.19840296822068076 0.0772000992823768
0.19842716567188257 0.07726768950043145
0.19845136312308442 0.07733527447706376
0.19847556057428623 0.0774028542081537
0.19849975802548803 0.07747042868959415
0.19852395547668983 0.07753799791728999
0.19854815292789163 0.07760556188715845
0.19857235037909343 0.07767312059512896
0.19859654783029523 0.07774067403714298
0.19862074528149704 0.07780822220915422
0.19864494273269884 0.07787576510712825
0.19866914018390064 0.07794330272704277
0.19869333763510244 0.07801083506488737
0.1987175350863043 0.07807836211666368
0.1987417325375061 0.0781458838783847
0.1987659299887079 0.07821340034607573
0.1987901274399097 0.07828091151577356
0.1988143248911115 0.07834841738352681
0.1988385223423133 0.07841591794539561
0.1988627197935151 0.07848341319745177
0.1988869172447169 0.0785509031357786
0.1989111146959187 0.07861838775647088
0.1989353121471205 0.07868586705563495
0.19895950959832231 0.07875334102938843
0.19898370704952417 0.0788208096738605
0.19900790450072597 0.07888827298519119
0.19903210195192778 0.07895573095953223
0.19905629940312958 0.07902318359304641
0.19908049685433138 0.0790906308819077
0.19910469430553318 0.07915807282230114
0.19912889175673498 0.07922550941042289
0.19915308920793678 0.07929294064248008
0.19917728665913859 0.0793603665146909
0.1992014841103404 0.07942778702328443
0.1992256815615422 0.07949520216450053
0.19924987901274405 0.07956261193459017
0.19927407646394585 0.07963001632981477
0.19929827391514765 0.07969741534644663
0.19932247136634945 0.07976480898076889
0.19934666881755125 0.07983219722907521
0.19937086626875306 0.0798995800876698
0.19939506371995486 0.07996695755286772
0.19941926117115666 0.08003432962099419
0.19944345862235846 0.08010169628838518
0.19946765607356026 0.08016905755138697
0.19949185352476206 0.08023641340635625
0.19951605097596392 0.0803037638496619
0.19954024842716572 0.0803711088776841
0.19956444587836752 0.08043844848680574
0.19958864332956933 0.08050578267342463
0.19961284078077113 0.08057311143394875
0.19963703823197293 0.08064043476479626
0.19966123568317473 0.08070775266239529
0.19968543313437653 0.08077506512318422
0.19970963058557833 0.08084237214361116
0.19973382803678014 0.0809096737201344
0.19975802548798194 0.08097696984922205
0.1997822229391838 0.08104426052735235
0.1998064203903856 0.08111154575101272
0.1998306178415874 0.081178825516701
0.1998548152927892 0.08124609982092457
0.199879012743991 0.08131336866020052
0.1999032101951928 0.0813806320310556
0.1999274076463946 0.08144788993002618
0.1999516050975964 0.08151514235365832
0.1999758025487982 0.08158238929850742
0.2 0.08164963076113858
